Date,BTC-USD.Close
17-09-14,457.334015
18-09-14,424.440002
19-09-14,394.79599
20-09-14,408.903992
21-09-14,398.821014
22-09-14,402.152008
23-09-14,435.790985
24-09-14,423.204987
25-09-14,411.574005
26-09-14,404.424988
27-09-14,399.519989
28-09-14,377.181
29-09-14,375.46701
30-09-14,386.944
01-10-14,383.61499
02-10-14,375.071991
03-10-14,359.511993
04-10-14,328.865997
05-10-14,320.51001
06-10-14,330.07901
07-10-14,336.187012
08-10-14,352.940002
09-10-14,365.026001
10-10-14,361.562012
11-10-14,362.299011
12-10-14,378.549011
13-10-14,390.414001
14-10-14,400.869995
15-10-14,394.77301
16-10-14,382.556
17-10-14,383.757996
18-10-14,391.441986
19-10-14,389.54599
20-10-14,382.845001
21-10-14,386.475006
22-10-14,383.15799
23-10-14,358.416992
24-10-14,358.345001
25-10-14,347.270996
26-10-14,354.70401
27-10-14,352.989014
28-10-14,357.618011
29-10-14,335.591003
30-10-14,345.304993
31-10-14,338.321014
01-11-14,325.748993
02-11-14,325.891998
03-11-14,327.553986
04-11-14,330.492004
05-11-14,339.485992
06-11-14,349.290009
07-11-14,342.415009
08-11-14,345.488007
09-11-14,363.264008
10-11-14,366.924011
11-11-14,367.695007
12-11-14,423.561005
13-11-14,420.734985
14-11-14,397.817993
15-11-14,376.132996
16-11-14,387.881989
17-11-14,387.40799
18-11-14,375.197998
19-11-14,380.554993
20-11-14,357.839996
21-11-14,350.847992
22-11-14,352.920013
23-11-14,367.572998
24-11-14,376.901001
25-11-14,375.347992
26-11-14,368.369995
27-11-14,369.670013
28-11-14,376.446991
29-11-14,375.490997
30-11-14,378.046997
01-12-14,379.244995
02-12-14,381.315002
03-12-14,375.01001
04-12-14,369.604004
05-12-14,376.854004
06-12-14,374.785004
07-12-14,375.095001
08-12-14,361.908997
09-12-14,352.218994
10-12-14,346.36499
11-12-14,350.506012
12-12-14,352.541992
13-12-14,347.376007
14-12-14,351.631989
15-12-14,345.345001
16-12-14,327.062012
17-12-14,319.776001
18-12-14,311.395996
19-12-14,317.842987
20-12-14,329.955994
21-12-14,320.842987
22-12-14,331.885986
23-12-14,334.571991
24-12-14,322.533997
25-12-14,319.007996
26-12-14,327.924011
27-12-14,315.863007
28-12-14,317.239014
29-12-14,312.670013
30-12-14,310.737
31-12-14,320.192993
01-01-15,314.248993
02-01-15,315.032013
03-01-15,281.082001
04-01-15,264.195007
05-01-15,274.473999
06-01-15,286.188995
07-01-15,294.337006
08-01-15,283.348999
09-01-15,290.40799
10-01-15,274.79599
11-01-15,265.660004
12-01-15,267.79599
13-01-15,225.860992
14-01-15,178.102997
15-01-15,209.843994
16-01-15,208.097
17-01-15,199.259995
18-01-15,210.339005
19-01-15,214.860992
20-01-15,211.315002
21-01-15,226.897003
22-01-15,233.406006
23-01-15,232.878998
24-01-15,247.847
25-01-15,253.718002
26-01-15,273.472992
27-01-15,263.475006
28-01-15,233.914993
29-01-15,233.513
30-01-15,226.425003
31-01-15,217.464005
01-02-15,226.972
02-02-15,238.229004
03-02-15,227.268005
04-02-15,226.852997
05-02-15,217.110992
06-02-15,222.266006
07-02-15,227.753998
08-02-15,223.412003
09-02-15,220.110001
10-02-15,219.839005
11-02-15,219.184998
12-02-15,221.764008
13-02-15,235.427002
14-02-15,257.321014
15-02-15,234.824997
16-02-15,233.843002
17-02-15,243.610001
18-02-15,236.326004
19-02-15,240.283005
20-02-15,243.779007
21-02-15,244.533997
22-02-15,235.977005
23-02-15,238.891998
24-02-15,238.735001
25-02-15,237.470001
26-02-15,236.425995
27-02-15,253.828003
28-02-15,254.263
01-03-15,260.201996
02-03-15,275.670013
03-03-15,281.701996
04-03-15,273.09201
05-03-15,276.178009
06-03-15,272.722992
07-03-15,276.260986
08-03-15,274.354004
09-03-15,289.606995
10-03-15,291.76001
11-03-15,296.378998
12-03-15,294.354004
13-03-15,285.337006
14-03-15,281.88501
15-03-15,286.393005
16-03-15,290.592987
17-03-15,285.505005
18-03-15,256.299011
19-03-15,260.928009
20-03-15,261.748993
21-03-15,260.024994
22-03-15,267.959991
23-03-15,266.73999
24-03-15,245.595001
25-03-15,246.197006
26-03-15,248.531998
27-03-15,247.029007
28-03-15,252.798004
29-03-15,242.712997
30-03-15,247.526001
31-03-15,244.223999
01-04-15,247.272003
02-04-15,253.005005
03-04-15,254.322006
04-04-15,253.697006
05-04-15,260.597992
06-04-15,255.492004
07-04-15,253.179993
08-04-15,245.022003
09-04-15,243.675995
10-04-15,236.072006
11-04-15,236.552002
12-04-15,236.153
13-04-15,224.587006
14-04-15,219.158997
15-04-15,223.832993
16-04-15,228.572998
17-04-15,222.882004
18-04-15,223.356003
19-04-15,222.600006
20-04-15,224.626007
21-04-15,235.268997
22-04-15,234.175995
23-04-15,236.462006
24-04-15,231.268005
25-04-15,226.389999
26-04-15,219.429993
27-04-15,229.285995
28-04-15,225.854996
29-04-15,225.807999
30-04-15,236.145004
01-05-15,232.078995
02-05-15,234.929993
03-05-15,240.358002
04-05-15,239.018005
05-05-15,236.121002
06-05-15,229.781998
07-05-15,237.334
08-05-15,243.863007
09-05-15,241.832001
10-05-15,240.296005
11-05-15,242.158005
12-05-15,241.112
13-05-15,236.376999
14-05-15,236.929001
15-05-15,237.604996
16-05-15,236.153
17-05-15,236.802002
18-05-15,233.128006
19-05-15,231.947006
20-05-15,234.018005
21-05-15,235.343994
22-05-15,240.348007
23-05-15,238.871994
24-05-15,240.953003
25-05-15,237.110001
26-05-15,237.115997
27-05-15,237.283005
28-05-15,237.408005
29-05-15,237.095993
30-05-15,233.345001
31-05-15,230.190002
01-06-15,222.925995
02-06-15,225.802994
03-06-15,225.873993
04-06-15,224.324005
05-06-15,224.951996
06-06-15,225.619003
07-06-15,222.880997
08-06-15,228.488998
09-06-15,229.048004
10-06-15,228.802994
11-06-15,229.705002
12-06-15,229.981995
13-06-15,232.401993
14-06-15,233.542999
15-06-15,236.822998
16-06-15,250.895004
17-06-15,249.283997
18-06-15,249.007004
19-06-15,244.606003
20-06-15,245.212006
21-06-15,243.944
22-06-15,246.990005
23-06-15,244.296005
24-06-15,240.514999
25-06-15,242.798996
26-06-15,243.593994
27-06-15,250.990005
28-06-15,249.011002
29-06-15,257.063995
30-06-15,263.071991
01-07-15,258.621002
02-07-15,255.412003
03-07-15,256.335999
04-07-15,260.885986
05-07-15,271.912994
06-07-15,269.029999
07-07-15,266.207001
08-07-15,270.785004
09-07-15,269.227997
10-07-15,284.894012
11-07-15,293.11499
12-07-15,310.867004
13-07-15,292.053986
14-07-15,287.463989
15-07-15,285.82901
16-07-15,278.088989
17-07-15,279.471985
18-07-15,274.901001
19-07-15,273.614014
20-07-15,278.980988
21-07-15,275.833008
22-07-15,277.221985
23-07-15,276.049011
24-07-15,288.278015
25-07-15,288.696991
26-07-15,292.686005
27-07-15,293.623993
28-07-15,294.427002
29-07-15,289.589996
30-07-15,287.721985
31-07-15,284.649994
01-08-15,281.601013
02-08-15,282.614014
03-08-15,281.22699
04-08-15,285.217987
05-08-15,281.881989
06-08-15,278.576996
07-08-15,279.584991
08-08-15,260.997009
09-08-15,265.083008
10-08-15,264.470001
11-08-15,270.385986
12-08-15,266.376007
13-08-15,264.079987
14-08-15,265.679993
15-08-15,261.550995
16-08-15,258.506989
17-08-15,257.976013
18-08-15,211.078995
19-08-15,226.684006
20-08-15,235.350006
21-08-15,232.569
22-08-15,230.389999
23-08-15,228.169006
24-08-15,210.494995
25-08-15,221.608994
26-08-15,225.830994
27-08-15,224.768997
28-08-15,231.395996
29-08-15,229.779999
30-08-15,228.761002
31-08-15,230.056
01-09-15,228.121002
02-09-15,229.283997
03-09-15,227.182999
04-09-15,230.298004
05-09-15,235.018997
06-09-15,239.839996
07-09-15,239.847
08-09-15,243.606995
09-09-15,238.167999
10-09-15,238.477005
11-09-15,240.106995
12-09-15,235.229004
13-09-15,230.511993
14-09-15,230.643997
15-09-15,230.304001
16-09-15,229.091003
17-09-15,229.809998
18-09-15,232.975006
19-09-15,231.492996
20-09-15,231.212006
21-09-15,227.085007
22-09-15,230.617996
23-09-15,230.283005
24-09-15,234.529007
25-09-15,235.143997
26-09-15,234.339996
27-09-15,232.757004
28-09-15,239.141998
29-09-15,236.686996
30-09-15,236.059998
01-10-15,237.548996
02-10-15,237.292999
03-10-15,238.729996
04-10-15,238.259003
05-10-15,240.382996
06-10-15,246.063004
07-10-15,242.968994
08-10-15,242.304001
09-10-15,243.931
10-10-15,244.940994
11-10-15,247.050003
12-10-15,245.307999
13-10-15,249.507996
14-10-15,251.988998
15-10-15,254.320007
16-10-15,262.868988
17-10-15,270.640015
18-10-15,261.643005
19-10-15,263.437012
20-10-15,269.463013
21-10-15,266.272003
22-10-15,274.02301
23-10-15,276.496002
24-10-15,281.653992
25-10-15,283.679993
26-10-15,285.299988
27-10-15,293.787994
28-10-15,304.618011
29-10-15,313.855011
30-10-15,328.015015
31-10-15,314.165985
01-11-15,325.431
02-11-15,361.188995
03-11-15,403.416992
04-11-15,411.562988
05-11-15,386.354004
06-11-15,374.470001
07-11-15,386.481995
08-11-15,373.368011
09-11-15,380.256989
10-11-15,336.819
11-11-15,311.084015
12-11-15,338.152008
13-11-15,336.752991
14-11-15,332.906006
15-11-15,320.165985
16-11-15,330.751007
17-11-15,335.093994
18-11-15,334.589996
19-11-15,326.148987
20-11-15,322.022003
21-11-15,326.927002
22-11-15,324.536011
23-11-15,323.04599
24-11-15,320.04599
25-11-15,328.205994
26-11-15,352.68399
27-11-15,358.041992
28-11-15,357.381012
29-11-15,371.294006
30-11-15,377.321014
01-12-15,362.488007
02-12-15,359.187012
03-12-15,361.04599
04-12-15,363.183014
05-12-15,388.949005
06-12-15,388.78299
07-12-15,395.536011
08-12-15,415.562988
09-12-15,417.562988
10-12-15,415.479004
11-12-15,451.937988
12-12-15,434.997009
13-12-15,433.755005
14-12-15,444.182007
15-12-15,465.321014
16-12-15,454.93399
17-12-15,456.078003
18-12-15,463.615997
19-12-15,462.321991
20-12-15,442.684998
21-12-15,438.639008
22-12-15,436.571991
23-12-15,442.401001
24-12-15,454.984985
25-12-15,455.653015
26-12-15,417.273987
27-12-15,422.822998
28-12-15,422.278992
29-12-15,432.983002
30-12-15,426.619995
31-12-15,430.566986
01-01-16,434.334015
02-01-16,433.437988
03-01-16,430.010986
04-01-16,433.091003
05-01-16,431.959991
06-01-16,429.105011
07-01-16,458.048004
08-01-16,453.230011
09-01-16,447.610992
10-01-16,447.990997
11-01-16,448.428009
12-01-16,435.690002
13-01-16,432.371002
14-01-16,430.306
15-01-16,364.330994
16-01-16,387.536011
17-01-16,382.299011
18-01-16,387.167999
19-01-16,380.148987
20-01-16,420.230011
21-01-16,410.261993
22-01-16,382.492004
23-01-16,387.490997
24-01-16,402.971008
25-01-16,391.726013
26-01-16,392.153015
27-01-16,394.971985
28-01-16,380.289001
29-01-16,379.473999
30-01-16,378.255005
31-01-16,368.766998
01-02-16,373.056
02-02-16,374.447998
03-02-16,369.949005
04-02-16,389.593994
05-02-16,386.549011
06-02-16,376.522003
07-02-16,376.619995
08-02-16,373.446991
09-02-16,376.028992
10-02-16,381.648987
11-02-16,379.653992
12-02-16,384.263
13-02-16,391.859985
14-02-16,407.230011
15-02-16,400.184998
16-02-16,407.488007
17-02-16,416.321991
18-02-16,422.372986
19-02-16,420.785004
20-02-16,437.164001
21-02-16,438.798004
22-02-16,437.747986
23-02-16,420.735992
24-02-16,424.954987
25-02-16,424.544006
26-02-16,432.152008
27-02-16,432.519012
28-02-16,433.503998
29-02-16,437.696991
01-03-16,435.122986
02-03-16,423.989014
03-03-16,421.651001
04-03-16,410.938995
05-03-16,400.570007
06-03-16,407.707001
07-03-16,414.321014
08-03-16,413.971985
09-03-16,414.859985
10-03-16,417.131012
11-03-16,421.690002
12-03-16,411.623993
13-03-16,414.065002
14-03-16,416.437988
15-03-16,416.829987
16-03-16,417.010986
17-03-16,420.621002
18-03-16,409.548004
19-03-16,410.444
20-03-16,413.755005
21-03-16,413.307007
22-03-16,418.088989
23-03-16,418.040985
24-03-16,416.394012
25-03-16,417.177002
26-03-16,417.945007
27-03-16,426.765015
28-03-16,424.230988
29-03-16,416.515991
30-03-16,414.81601
31-03-16,416.729004
01-04-16,417.959991
02-04-16,420.872986
03-04-16,420.903992
04-04-16,421.444
05-04-16,424.029999
06-04-16,423.412994
07-04-16,422.744995
08-04-16,420.348999
09-04-16,419.411011
10-04-16,421.563995
11-04-16,422.483002
12-04-16,425.190002
13-04-16,423.734009
14-04-16,424.282013
15-04-16,429.713013
16-04-16,430.571991
17-04-16,427.398987
18-04-16,428.591003
19-04-16,435.509003
20-04-16,441.389008
21-04-16,449.424988
22-04-16,445.737
23-04-16,450.282013
24-04-16,458.554993
25-04-16,461.425995
26-04-16,466.088989
27-04-16,444.687012
28-04-16,449.010986
29-04-16,455.096985
30-04-16,448.317993
01-05-16,451.875
02-05-16,444.669006
03-05-16,450.303986
04-05-16,446.721985
05-05-16,447.976013
06-05-16,459.602997
07-05-16,458.536011
08-05-16,458.548004
09-05-16,460.483002
10-05-16,450.894989
11-05-16,452.727997
12-05-16,454.765991
13-05-16,455.670013
14-05-16,455.67099
15-05-16,457.567993
16-05-16,454.162994
17-05-16,453.78299
18-05-16,454.618988
19-05-16,438.714996
20-05-16,442.675995
21-05-16,443.187988
22-05-16,439.322998
23-05-16,444.154999
24-05-16,445.980988
25-05-16,449.598999
26-05-16,453.384003
27-05-16,473.463989
28-05-16,530.039978
29-05-16,526.232971
30-05-16,533.864014
31-05-16,531.385986
01-06-16,536.919983
02-06-16,537.971985
03-06-16,569.19397
04-06-16,572.72699
05-06-16,574.97699
06-06-16,585.536987
07-06-16,576.596985
08-06-16,581.64502
09-06-16,574.630005
10-06-16,577.469971
11-06-16,606.72699
12-06-16,672.783997
13-06-16,704.375977
14-06-16,685.559021
15-06-16,694.468994
16-06-16,766.307983
17-06-16,748.908997
18-06-16,756.22699
19-06-16,763.781006
20-06-16,737.226013
21-06-16,666.651978
22-06-16,596.116028
23-06-16,623.97699
24-06-16,665.299011
25-06-16,665.122986
26-06-16,629.367004
27-06-16,655.275024
28-06-16,647.000977
29-06-16,639.890015
30-06-16,673.336975
01-07-16,676.296021
02-07-16,703.702026
03-07-16,658.664001
04-07-16,683.661987
05-07-16,670.627014
06-07-16,677.330994
07-07-16,640.562012
08-07-16,666.52301
09-07-16,650.960022
10-07-16,649.359985
11-07-16,647.658997
12-07-16,664.551025
13-07-16,654.468018
14-07-16,658.078003
15-07-16,663.255005
16-07-16,660.767029
17-07-16,679.458984
18-07-16,673.106018
19-07-16,672.864014
20-07-16,665.684998
21-07-16,665.012024
22-07-16,650.619019
23-07-16,655.55603
24-07-16,661.284973
25-07-16,654.096985
26-07-16,651.783997
27-07-16,654.35199
28-07-16,655.034973
29-07-16,656.992004
30-07-16,655.046997
31-07-16,624.68103
01-08-16,606.271973
02-08-16,547.465027
03-08-16,566.35498
04-08-16,578.289001
05-08-16,575.04303
06-08-16,587.778015
07-08-16,592.690002
08-08-16,591.054016
09-08-16,587.801025
10-08-16,592.103027
11-08-16,589.119995
12-08-16,587.559021
13-08-16,585.588013
14-08-16,570.473022
15-08-16,567.23999
16-08-16,577.439026
17-08-16,573.216003
18-08-16,574.317993
19-08-16,575.630005
20-08-16,581.697021
21-08-16,581.307983
22-08-16,586.752991
23-08-16,583.414978
24-08-16,580.182007
25-08-16,577.760986
26-08-16,579.651001
27-08-16,569.947021
28-08-16,573.911987
29-08-16,574.106995
30-08-16,577.502991
31-08-16,575.471985
01-09-16,572.302979
02-09-16,575.536987
03-09-16,598.211975
04-09-16,608.633972
05-09-16,606.590027
06-09-16,610.435974
07-09-16,614.544006
08-09-16,626.315979
09-09-16,622.861023
10-09-16,623.508972
11-09-16,606.718994
12-09-16,608.242981
13-09-16,609.241028
14-09-16,610.684021
15-09-16,607.155029
16-09-16,606.973022
17-09-16,605.984009
18-09-16,609.874023
19-09-16,609.22699
20-09-16,608.312012
21-09-16,597.148987
22-09-16,596.297974
23-09-16,602.84198
24-09-16,602.625
25-09-16,600.825989
26-09-16,608.04303
27-09-16,606.166016
28-09-16,604.728027
29-09-16,605.692993
30-09-16,609.734985
01-10-16,613.982971
02-10-16,610.892029
03-10-16,612.132996
04-10-16,610.203979
05-10-16,612.510986
06-10-16,613.020996
07-10-16,617.120972
08-10-16,619.107971
09-10-16,616.752014
10-10-16,618.994019
11-10-16,641.072021
12-10-16,636.192017
13-10-16,636.786011
14-10-16,640.377991
15-10-16,638.645996
16-10-16,641.630981
17-10-16,639.192993
18-10-16,637.960022
19-10-16,630.52002
20-10-16,630.856995
21-10-16,632.828003
22-10-16,657.294006
23-10-16,657.070984
24-10-16,653.760986
25-10-16,657.588013
26-10-16,678.304016
27-10-16,688.312988
28-10-16,689.651001
29-10-16,714.479004
30-10-16,701.864014
31-10-16,700.971985
01-11-16,729.79303
02-11-16,740.828979
03-11-16,688.700012
04-11-16,703.234985
05-11-16,703.41803
06-11-16,711.521973
07-11-16,703.130981
08-11-16,709.848022
09-11-16,723.27301
10-11-16,715.533997
11-11-16,716.411011
12-11-16,705.054016
13-11-16,702.031006
14-11-16,705.020996
15-11-16,711.619019
16-11-16,744.197998
17-11-16,740.97699
18-11-16,751.585022
19-11-16,751.616028
20-11-16,731.026001
21-11-16,739.247986
22-11-16,751.346985
23-11-16,744.593994
24-11-16,740.289001
25-11-16,741.648987
26-11-16,735.382019
27-11-16,732.034973
28-11-16,735.812988
29-11-16,735.604004
30-11-16,745.690979
01-12-16,756.773987
02-12-16,777.94397
03-12-16,771.155029
04-12-16,773.872009
05-12-16,758.700012
06-12-16,764.223999
07-12-16,768.132019
08-12-16,770.809998
09-12-16,772.794006
10-12-16,774.650024
11-12-16,769.731018
12-12-16,780.086975
13-12-16,780.55603
14-12-16,781.481018
15-12-16,778.088013
16-12-16,784.906982
17-12-16,790.828979
18-12-16,790.530029
19-12-16,792.713989
20-12-16,800.875977
21-12-16,834.281006
22-12-16,864.539978
23-12-16,921.984009
24-12-16,898.822021
25-12-16,896.182983
26-12-16,907.609985
27-12-16,933.197998
28-12-16,975.921021
29-12-16,973.497009
30-12-16,961.237976
31-12-16,963.742981
01-01-17,998.325012
02-01-17,1021.75
03-01-17,1043.839966
04-01-17,1154.72998
05-01-17,1013.380005
06-01-17,902.200989
07-01-17,908.585022
08-01-17,911.198975
09-01-17,902.828003
10-01-17,907.679016
11-01-17,777.757019
12-01-17,804.833984
13-01-17,823.984009
14-01-17,818.411987
15-01-17,821.797974
16-01-17,831.533997
17-01-17,907.937988
18-01-17,886.617981
19-01-17,899.072998
20-01-17,895.026001
21-01-17,921.789001
22-01-17,924.672974
23-01-17,921.012024
24-01-17,892.687012
25-01-17,901.541992
26-01-17,917.585999
27-01-17,919.75
28-01-17,921.590027
29-01-17,919.495972
30-01-17,920.382019
31-01-17,970.403015
01-02-17,989.02301
02-02-17,1011.799988
03-02-17,1029.910034
04-02-17,1042.900024
05-02-17,1027.339966
06-02-17,1038.150024
07-02-17,1061.349976
08-02-17,1063.069946
09-02-17,994.382996
10-02-17,988.674011
11-02-17,1004.450012
12-02-17,999.18103
13-02-17,990.642029
14-02-17,1004.549988
15-02-17,1007.47998
16-02-17,1027.439941
17-02-17,1046.209961
18-02-17,1054.420044
19-02-17,1047.869995
20-02-17,1079.97998
21-02-17,1115.300049
22-02-17,1117.439941
23-02-17,1166.719971
24-02-17,1173.680054
25-02-17,1143.839966
26-02-17,1165.199951
27-02-17,1179.969971
28-02-17,1179.969971
01-03-17,1222.5
02-03-17,1251.01001
03-03-17,1274.98999
04-03-17,1255.150024
05-03-17,1267.119995
06-03-17,1272.829956
07-03-17,1223.540039
08-03-17,1150
09-03-17,1188.48999
10-03-17,1116.719971
11-03-17,1175.829956
12-03-17,1221.380005
13-03-17,1231.920044
14-03-17,1240
15-03-17,1249.609985
16-03-17,1187.810059
17-03-17,1100.22998
18-03-17,973.817993
19-03-17,1036.73999
20-03-17,1054.22998
21-03-17,1120.540039
22-03-17,1049.140015
23-03-17,1038.589966
24-03-17,937.52002
25-03-17,972.778992
26-03-17,966.724976
27-03-17,1045.77002
28-03-17,1047.150024
29-03-17,1039.969971
30-03-17,1026.430054
31-03-17,1071.790039
01-04-17,1080.5
02-04-17,1102.170044
03-04-17,1143.810059
04-04-17,1133.25
05-04-17,1124.780029
06-04-17,1182.680054
07-04-17,1176.900024
08-04-17,1175.949951
09-04-17,1187.869995
10-04-17,1187.130005
11-04-17,1205.01001
12-04-17,1200.369995
13-04-17,1169.280029
14-04-17,1167.540039
15-04-17,1172.52002
16-04-17,1182.939941
17-04-17,1193.910034
18-04-17,1211.670044
19-04-17,1210.290039
20-04-17,1229.079956
21-04-17,1222.050049
22-04-17,1231.709961
23-04-17,1207.209961
24-04-17,1250.150024
25-04-17,1265.48999
26-04-17,1281.079956
27-04-17,1317.72998
28-04-17,1316.47998
29-04-17,1321.790039
30-04-17,1347.890015
01-05-17,1421.599976
02-05-17,1452.819946
03-05-17,1490.089966
04-05-17,1537.670044
05-05-17,1555.449951
06-05-17,1578.800049
07-05-17,1596.709961
08-05-17,1723.349976
09-05-17,1755.359985
10-05-17,1787.130005
11-05-17,1848.569946
12-05-17,1724.23999
13-05-17,1804.910034
14-05-17,1808.910034
15-05-17,1738.430054
16-05-17,1734.449951
17-05-17,1839.089966
18-05-17,1888.650024
19-05-17,1987.709961
20-05-17,2084.72998
21-05-17,2041.199951
22-05-17,2173.399902
23-05-17,2320.419922
24-05-17,2443.639893
25-05-17,2304.97998
26-05-17,2202.419922
27-05-17,2038.869995
28-05-17,2155.800049
29-05-17,2255.610107
30-05-17,2175.469971
31-05-17,2286.409912
01-06-17,2407.879883
02-06-17,2488.550049
03-06-17,2515.350098
04-06-17,2511.810059
05-06-17,2686.810059
06-06-17,2863.199951
07-06-17,2732.159912
08-06-17,2805.620117
09-06-17,2823.810059
10-06-17,2947.709961
11-06-17,2958.110107
12-06-17,2659.629883
13-06-17,2717.02002
14-06-17,2506.370117
15-06-17,2464.580078
16-06-17,2518.560059
17-06-17,2655.879883
18-06-17,2548.290039
19-06-17,2589.600098
20-06-17,2721.790039
21-06-17,2689.100098
22-06-17,2705.409912
23-06-17,2744.909912
24-06-17,2608.719971
25-06-17,2589.409912
26-06-17,2478.449951
27-06-17,2552.449951
28-06-17,2574.790039
29-06-17,2539.320068
30-06-17,2480.840088
01-07-17,2434.550049
02-07-17,2506.469971
03-07-17,2564.060059
04-07-17,2601.639893
05-07-17,2601.98999
06-07-17,2608.560059
07-07-17,2518.659912
08-07-17,2571.340088
09-07-17,2518.439941
10-07-17,2372.560059
11-07-17,2337.790039
12-07-17,2398.840088
13-07-17,2357.899902
14-07-17,2233.340088
15-07-17,1998.859985
16-07-17,1929.819946
17-07-17,2228.409912
18-07-17,2318.879883
19-07-17,2273.429932
20-07-17,2817.600098
21-07-17,2667.76001
22-07-17,2810.120117
23-07-17,2730.399902
24-07-17,2754.860107
25-07-17,2576.47998
26-07-17,2529.449951
27-07-17,2671.780029
28-07-17,2809.01001
29-07-17,2726.449951
30-07-17,2757.179932
31-07-17,2875.340088
01-08-17,2718.26001
02-08-17,2710.669922
03-08-17,2804.72998
04-08-17,2895.889893
05-08-17,3252.909912
06-08-17,3213.939941
07-08-17,3378.939941
08-08-17,3419.939941
09-08-17,3342.469971
10-08-17,3381.280029
11-08-17,3650.620117
12-08-17,3884.709961
13-08-17,4073.26001
14-08-17,4325.129883
15-08-17,4181.930176
16-08-17,4376.629883
17-08-17,4331.689941
18-08-17,4160.620117
19-08-17,4193.700195
20-08-17,4087.659912
21-08-17,4001.73999
22-08-17,4100.52002
23-08-17,4151.52002
24-08-17,4334.680176
25-08-17,4371.600098
26-08-17,4352.399902
27-08-17,4382.879883
28-08-17,4382.660156
29-08-17,4579.02002
30-08-17,4565.299805
31-08-17,4703.390137
01-09-17,4892.009766
02-09-17,4578.77002
03-09-17,4582.959961
04-09-17,4236.310059
05-09-17,4376.529785
06-09-17,4597.120117
07-09-17,4599.879883
08-09-17,4228.75
09-09-17,4226.060059
10-09-17,4122.939941
11-09-17,4161.27002
12-09-17,4130.810059
13-09-17,3882.590088
14-09-17,3154.949951
15-09-17,3637.52002
16-09-17,3625.040039
17-09-17,3582.879883
18-09-17,4065.199951
19-09-17,3924.969971
20-09-17,3905.949951
21-09-17,3631.040039
22-09-17,3630.699951
23-09-17,3792.399902
24-09-17,3682.840088
25-09-17,3926.070068
26-09-17,3892.350098
27-09-17,4200.669922
28-09-17,4174.72998
29-09-17,4163.069824
30-09-17,4338.709961
01-10-17,4403.740234
02-10-17,4409.319824
03-10-17,4317.47998
04-10-17,4229.359863
05-10-17,4328.410156
06-10-17,4370.810059
07-10-17,4426.890137
08-10-17,4610.47998
09-10-17,4772.02002
10-10-17,4781.990234
11-10-17,4826.47998
12-10-17,5446.910156
13-10-17,5647.209961
14-10-17,5831.790039
15-10-17,5678.189941
16-10-17,5725.589844
17-10-17,5605.509766
18-10-17,5590.689941
19-10-17,5708.52002
20-10-17,6011.450195
21-10-17,6031.600098
22-10-17,6008.419922
23-10-17,5930.319824
24-10-17,5526.640137
25-10-17,5750.799805
26-10-17,5904.830078
27-10-17,5780.899902
28-10-17,5753.089844
29-10-17,6153.850098
30-10-17,6130.529785
31-10-17,6468.399902
01-11-17,6767.310059
02-11-17,7078.5
03-11-17,7207.759766
04-11-17,7379.950195
05-11-17,7407.410156
06-11-17,7022.759766
07-11-17,7144.379883
08-11-17,7459.689941
09-11-17,7143.580078
10-11-17,6618.140137
11-11-17,6357.600098
12-11-17,5950.069824
13-11-17,6559.490234
14-11-17,6635.75
15-11-17,7315.540039
16-11-17,7871.689941
17-11-17,7708.990234
18-11-17,7790.149902
19-11-17,8036.490234
20-11-17,8200.639648
21-11-17,8071.259766
22-11-17,8253.549805
23-11-17,8038.77002
24-11-17,8253.69043
25-11-17,8790.919922
26-11-17,9330.549805
27-11-17,9818.349609
28-11-17,10058.79981
29-11-17,9888.610352
30-11-17,10233.59961
01-12-17,10975.59961
02-12-17,11074.59961
03-12-17,11323.2002
04-12-17,11657.2002
05-12-17,11916.7002
06-12-17,14291.5
07-12-17,17899.69922
08-12-17,16569.40039
09-12-17,15178.2002
10-12-17,15455.40039
11-12-17,16936.80078
12-12-17,17415.40039
13-12-17,16408.19922
14-12-17,16564
15-12-17,17706.90039
16-12-17,19497.40039
17-12-17,19140.80078
18-12-17,19114.19922
19-12-17,17776.69922
20-12-17,16624.59961
21-12-17,15802.90039
22-12-17,13831.79981
23-12-17,14699.2002
24-12-17,13925.79981
25-12-17,14026.59961
26-12-17,16099.79981
27-12-17,15838.5
28-12-17,14606.5
29-12-17,14656.2002
30-12-17,12952.2002
31-12-17,14156.40039
01-01-18,13657.2002
02-01-18,14982.09961
03-01-18,15201
04-01-18,15599.2002
05-01-18,17429.5
06-01-18,17527
07-01-18,16477.59961
08-01-18,15170.09961
09-01-18,14595.40039
10-01-18,14973.29981
11-01-18,13405.79981
12-01-18,13980.59961
13-01-18,14360.2002
14-01-18,13772
15-01-18,13819.79981
16-01-18,11490.5
17-01-18,11188.59961
18-01-18,11474.90039
19-01-18,11607.40039
20-01-18,12899.2002
21-01-18,11600.09961
22-01-18,10931.40039
23-01-18,10868.40039
24-01-18,11359.40039
25-01-18,11259.40039
26-01-18,11171.40039
27-01-18,11440.7002
28-01-18,11786.29981
29-01-18,11296.40039
30-01-18,10106.29981
31-01-18,10221.09961
01-02-18,9170.540039
02-02-18,8830.75
03-02-18,9174.910156
04-02-18,8277.009766
05-02-18,6955.27002
06-02-18,7754
07-02-18,7621.299805
08-02-18,8265.589844
09-02-18,8736.980469
10-02-18,8621.900391
11-02-18,8129.970215
12-02-18,8926.570313
13-02-18,8598.30957
14-02-18,9494.629883
15-02-18,10166.40039
16-02-18,10233.90039
17-02-18,11112.7002
18-02-18,10551.79981
19-02-18,11225.29981
20-02-18,11403.7002
21-02-18,10690.40039
22-02-18,10005
23-02-18,10301.09961
24-02-18,9813.070313
25-02-18,9664.730469
26-02-18,10366.7002
27-02-18,10725.59961
28-02-18,10397.90039
01-03-18,10951
02-03-18,11086.40039
03-03-18,11489.7002
04-03-18,11512.59961
05-03-18,11573.29981
06-03-18,10779.90039
07-03-18,9965.570313
08-03-18,9395.009766
09-03-18,9337.549805
10-03-18,8866
11-03-18,9578.629883
12-03-18,9205.120117
13-03-18,9194.849609
14-03-18,8269.80957
15-03-18,8300.860352
16-03-18,8338.349609
17-03-18,7916.879883
18-03-18,8223.679688
19-03-18,8630.650391
20-03-18,8913.469727
21-03-18,8929.280273
22-03-18,8728.469727
23-03-18,8879.620117
24-03-18,8668.120117
25-03-18,8495.780273
26-03-18,8209.400391
27-03-18,7833.040039
28-03-18,7954.47998
29-03-18,7165.700195
30-03-18,6890.52002
31-03-18,6973.529785
01-04-18,6844.22998
02-04-18,7083.799805
03-04-18,7456.109863
04-04-18,6853.839844
05-04-18,6811.470215
06-04-18,6636.319824
07-04-18,6911.089844
08-04-18,7023.52002
09-04-18,6770.72998
10-04-18,6834.759766
11-04-18,6968.319824
12-04-18,7889.25
13-04-18,7895.959961
14-04-18,7986.240234
15-04-18,8329.110352
16-04-18,8058.669922
17-04-18,7902.089844
18-04-18,8163.419922
19-04-18,8294.30957
20-04-18,8845.830078
21-04-18,8895.580078
22-04-18,8802.459961
23-04-18,8930.879883
24-04-18,9697.5
25-04-18,8845.740234
26-04-18,9281.509766
27-04-18,8987.049805
28-04-18,9348.480469
29-04-18,9419.080078
30-04-18,9240.549805
01-05-18,9119.009766
02-05-18,9235.919922
03-05-18,9743.860352
04-05-18,9700.759766
05-05-18,9858.150391
06-05-18,9654.799805
07-05-18,9373.009766
08-05-18,9234.820313
09-05-18,9325.179688
10-05-18,9043.94043
11-05-18,8441.490234
12-05-18,8504.889648
13-05-18,8723.94043
14-05-18,8716.790039
15-05-18,8510.379883
16-05-18,8368.830078
17-05-18,8094.319824
18-05-18,8250.969727
19-05-18,8247.179688
20-05-18,8513.25
21-05-18,8418.990234
22-05-18,8041.779785
23-05-18,7557.819824
24-05-18,7587.339844
25-05-18,7480.140137
26-05-18,7355.879883
27-05-18,7368.220215
28-05-18,7135.990234
29-05-18,7472.589844
30-05-18,7406.52002
31-05-18,7494.169922
01-06-18,7541.450195
02-06-18,7643.450195
03-06-18,7720.25
04-06-18,7514.470215
05-06-18,7633.759766
06-06-18,7653.97998
07-06-18,7678.240234
08-06-18,7624.919922
09-06-18,7531.97998
10-06-18,6786.02002
11-06-18,6906.919922
12-06-18,6582.359863
13-06-18,6349.899902
14-06-18,6675.350098
15-06-18,6456.580078
16-06-18,6550.160156
17-06-18,6499.27002
18-06-18,6734.819824
19-06-18,6769.939941
20-06-18,6776.549805
21-06-18,6729.740234
22-06-18,6083.689941
23-06-18,6162.47998
24-06-18,6173.22998
25-06-18,6249.180176
26-06-18,6093.669922
27-06-18,6157.129883
28-06-18,5903.439941
29-06-18,6218.299805
30-06-18,6404
01-07-18,6385.819824
02-07-18,6614.180176
03-07-18,6529.589844
04-07-18,6597.549805
05-07-18,6639.140137
06-07-18,6673.5
07-07-18,6856.930176
08-07-18,6773.879883
09-07-18,6741.75
10-07-18,6329.950195
11-07-18,6394.709961
12-07-18,6228.810059
13-07-18,6238.049805
14-07-18,6276.120117
15-07-18,6359.640137
16-07-18,6741.75
17-07-18,7321.040039
18-07-18,7370.779785
19-07-18,7466.859863
20-07-18,7354.129883
21-07-18,7419.290039
22-07-18,7418.490234
23-07-18,7711.109863
24-07-18,8424.269531
25-07-18,8181.390137
26-07-18,7951.580078
27-07-18,8165.009766
28-07-18,8192.150391
29-07-18,8218.459961
30-07-18,8180.47998
31-07-18,7780.439941
01-08-18,7624.910156
02-08-18,7567.149902
03-08-18,7434.390137
04-08-18,7032.850098
05-08-18,7068.47998
06-08-18,6951.799805
07-08-18,6753.120117
08-08-18,6305.799805
09-08-18,6568.22998
10-08-18,6184.709961
11-08-18,6295.72998
12-08-18,6322.689941
13-08-18,6297.569824
14-08-18,6199.709961
15-08-18,6308.52002
16-08-18,6334.72998
17-08-18,6580.629883
18-08-18,6423.759766
19-08-18,6506.069824
20-08-18,6308.529785
21-08-18,6488.759766
22-08-18,6376.709961
23-08-18,6534.879883
24-08-18,6719.959961
25-08-18,6763.189941
26-08-18,6707.259766
27-08-18,6884.640137
28-08-18,7096.279785
29-08-18,7047.160156
30-08-18,6978.22998
31-08-18,7037.580078
01-09-18,7193.25
02-09-18,7272.720215
03-09-18,7260.060059
04-09-18,7361.660156
05-09-18,6792.830078
06-09-18,6529.169922
07-09-18,6467.069824
08-09-18,6225.97998
09-09-18,6300.859863
10-09-18,6329.700195
11-09-18,6321.200195
12-09-18,6351.799805
13-09-18,6517.310059
14-09-18,6512.709961
15-09-18,6543.200195
16-09-18,6517.180176
17-09-18,6281.200195
18-09-18,6371.299805
19-09-18,6398.540039
20-09-18,6519.669922
21-09-18,6734.950195
22-09-18,6721.97998
23-09-18,6710.629883
24-09-18,6595.410156
25-09-18,6446.470215
26-09-18,6495
27-09-18,6676.75
28-09-18,6644.129883
29-09-18,6601.959961
30-09-18,6625.560059
01-10-18,6589.620117
02-10-18,6556.100098
03-10-18,6502.589844
04-10-18,6576.689941
05-10-18,6622.47998
06-10-18,6588.310059
07-10-18,6602.950195
08-10-18,6652.22998
09-10-18,6642.640137
10-10-18,6585.529785
11-10-18,6256.240234
12-10-18,6274.580078
13-10-18,6285.990234
14-10-18,6290.930176
15-10-18,6596.540039
16-10-18,6596.109863
17-10-18,6544.430176
18-10-18,6476.709961
19-10-18,6465.410156
20-10-18,6489.189941
21-10-18,6482.350098
22-10-18,6487.160156
23-10-18,6475.740234
24-10-18,6495.839844
25-10-18,6476.290039
26-10-18,6474.75
27-10-18,6480.379883
28-10-18,6486.390137
29-10-18,6332.629883
30-10-18,6334.27002
31-10-18,6317.609863
01-11-18,6377.779785
02-11-18,6388.439941
03-11-18,6361.259766
04-11-18,6376.129883
05-11-18,6419.660156
06-11-18,6461.009766
07-11-18,6530.140137
08-11-18,6453.720215
09-11-18,6385.620117
10-11-18,6409.220215
11-11-18,6411.27002
12-11-18,6371.27002
13-11-18,6359.490234
14-11-18,5738.350098
15-11-18,5648.029785
16-11-18,5575.549805
17-11-18,5554.330078
18-11-18,5623.540039
19-11-18,4871.490234
20-11-18,4451.870117
21-11-18,4602.169922
22-11-18,4365.939941
23-11-18,4347.109863
24-11-18,3880.76001
25-11-18,4009.969971
26-11-18,3779.129883
27-11-18,3820.719971
28-11-18,4257.419922
29-11-18,4278.84668
30-11-18,4017.268555
01-12-18,4214.671875
02-12-18,4139.87793
03-12-18,3894.130859
04-12-18,3956.893799
05-12-18,3753.994873
06-12-18,3521.101807
07-12-18,3419.937256
08-12-18,3476.114746
09-12-18,3614.234375
10-12-18,3502.656006
11-12-18,3424.588135
12-12-18,3486.950195
13-12-18,3313.677246
14-12-18,3242.484863
15-12-18,3236.761719
16-12-18,3252.839111
17-12-18,3545.864746
18-12-18,3696.059082
19-12-18,3745.950684
20-12-18,4134.441406
21-12-18,3896.543701
22-12-18,4014.182617
23-12-18,3998.980225
24-12-18,4078.599121
25-12-18,3815.490723
26-12-18,3857.297607
27-12-18,3654.833496
28-12-18,3923.918701
29-12-18,3820.408691
30-12-18,3865.952637
31-12-18,3742.700439
01-01-19,3843.52002
02-01-19,3943.409424
03-01-19,3836.741211
04-01-19,3857.717529
05-01-19,3845.19458
06-01-19,4076.632568
07-01-19,4025.248291
08-01-19,4030.8479
09-01-19,4035.296387
10-01-19,3678.924561
11-01-19,3687.365479
12-01-19,3661.301025
13-01-19,3552.953125
14-01-19,3706.052246
15-01-19,3630.675293
16-01-19,3655.006836
17-01-19,3678.563965
18-01-19,3657.839355
19-01-19,3728.568359
20-01-19,3601.013672
21-01-19,3576.032471
22-01-19,3604.577148
23-01-19,3585.123047
24-01-19,3600.865479
25-01-19,3599.765869
26-01-19,3602.460449
27-01-19,3583.96582
28-01-19,3470.450439
29-01-19,3448.116943
30-01-19,3486.181641
31-01-19,3457.792725
01-02-19,3487.945313
02-02-19,3521.060791
03-02-19,3464.013428
04-02-19,3459.154053
05-02-19,3466.357422
06-02-19,3413.767822
07-02-19,3399.47168
08-02-19,3666.780273
09-02-19,3671.203613
10-02-19,3690.188232
11-02-19,3648.430664
12-02-19,3653.528564
13-02-19,3632.070557
14-02-19,3616.880859
15-02-19,3620.810791
16-02-19,3629.787598
17-02-19,3673.836182
18-02-19,3915.714355
19-02-19,3947.094482
20-02-19,3999.820557
21-02-19,3954.118164
22-02-19,4005.526611
23-02-19,4142.526855
24-02-19,3810.42749
25-02-19,3882.696289
26-02-19,3854.35791
27-02-19,3851.047363
28-02-19,3854.7854
01-03-19,3859.58374
02-03-19,3864.415039
03-03-19,3847.175781
04-03-19,3761.557129
05-03-19,3896.375
06-03-19,3903.942627
07-03-19,3911.484375
08-03-19,3901.131592
09-03-19,3963.313721
10-03-19,3951.599854
11-03-19,3905.227295
12-03-19,3909.15625
13-03-19,3906.717285
14-03-19,3924.369141
15-03-19,3960.911133
16-03-19,4048.72583
17-03-19,4025.229004
18-03-19,4032.507324
19-03-19,4071.190186
20-03-19,4087.476318
21-03-19,4029.326904
22-03-19,4023.968262
23-03-19,4035.826416
24-03-19,4022.168213
25-03-19,3963.070557
26-03-19,3985.080811
27-03-19,4087.066162
28-03-19,4069.107178
29-03-19,4098.374512
30-03-19,4106.660156
31-03-19,4105.404297
01-04-19,4158.183105
02-04-19,4879.87793
03-04-19,4973.021973
04-04-19,4922.798828
05-04-19,5036.681152
06-04-19,5059.817383
07-04-19,5198.896973
08-04-19,5289.770996
09-04-19,5204.958496
10-04-19,5324.551758
11-04-19,5064.487793
12-04-19,5089.539063
13-04-19,5096.586426
14-04-19,5167.722168
15-04-19,5067.108398
16-04-19,5235.55957
17-04-19,5251.937988
18-04-19,5298.385742
19-04-19,5303.8125
20-04-19,5337.88623
21-04-19,5314.53125
22-04-19,5399.365234
23-04-19,5572.361816
24-04-19,5464.866699
25-04-19,5210.515625
26-04-19,5279.348145
27-04-19,5268.291016
28-04-19,5285.13916
29-04-19,5247.352539
30-04-19,5350.726563
01-05-19,5402.697266
02-05-19,5505.283691
03-05-19,5768.289551
04-05-19,5831.16748
05-05-19,5795.708496
06-05-19,5746.807129
07-05-19,5829.501465
08-05-19,5982.45752
09-05-19,6174.528809
10-05-19,6378.849121
11-05-19,7204.771484
12-05-19,6972.371582
13-05-19,7814.915039
14-05-19,7994.416016
15-05-19,8205.167969
16-05-19,7884.90918
17-05-19,7343.895508
18-05-19,7271.208008
19-05-19,8197.689453
20-05-19,7978.309082
21-05-19,7963.327637
22-05-19,7680.066406
23-05-19,7881.84668
24-05-19,7987.371582
25-05-19,8052.543945
26-05-19,8673.21582
27-05-19,8805.77832
28-05-19,8719.961914
29-05-19,8659.487305
30-05-19,8319.472656
31-05-19,8574.501953
01-06-19,8564.016602
02-06-19,8742.958008
03-06-19,8208.995117
04-06-19,7707.770996
05-06-19,7824.231445
06-06-19,7822.023438
07-06-19,8043.951172
08-06-19,7954.12793
09-06-19,7688.077148
10-06-19,8000.32959
11-06-19,7927.714355
12-06-19,8145.857422
13-06-19,8230.923828
14-06-19,8693.833008
15-06-19,8838.375
16-06-19,8994.488281
17-06-19,9320.352539
18-06-19,9081.762695
19-06-19,9273.521484
20-06-19,9527.160156
21-06-19,10144.55664
22-06-19,10701.69141
23-06-19,10855.37109
24-06-19,11011.10254
25-06-19,11790.91699
26-06-19,13016.23145
27-06-19,11182.80664
28-06-19,12407.33203
29-06-19,11959.37109
30-06-19,10817.15527
01-07-19,10583.13477
02-07-19,10801.67773
03-07-19,11961.26953
04-07-19,11215.4375
05-07-19,10978.45996
06-07-19,11208.55078
07-07-19,11450.84668
08-07-19,12285.95801
09-07-19,12573.8125
10-07-19,12156.5127
11-07-19,11358.66211
12-07-19,11815.98633
13-07-19,11392.37891
14-07-19,10256.05859
15-07-19,10895.08984
16-07-19,9477.641602
17-07-19,9693.802734
18-07-19,10666.48242
19-07-19,10530.73242
20-07-19,10767.13965
21-07-19,10599.10547
22-07-19,10343.10645
23-07-19,9900.767578
24-07-19,9811.925781
25-07-19,9911.841797
26-07-19,9870.303711
27-07-19,9477.677734
28-07-19,9552.860352
29-07-19,9519.145508
30-07-19,9607.423828
31-07-19,10085.62793
01-08-19,10399.66895
02-08-19,10518.17481
03-08-19,10821.72656
04-08-19,10970.18457
05-08-19,11805.65332
06-08-19,11478.16895
07-08-19,11941.96875
08-08-19,11966.40723
09-08-19,11862.93652
10-08-19,11354.02441
11-08-19,11523.5791
12-08-19,11382.61621
13-08-19,10895.83008
14-08-19,10051.7041
15-08-19,10311.5459
16-08-19,10374.33887
17-08-19,10231.74414
18-08-19,10345.81055
19-08-19,10916.05371
20-08-19,10763.23242
21-08-19,10138.04981
22-08-19,10131.05566
23-08-19,10407.96484
24-08-19,10159.96094
25-08-19,10138.51758
26-08-19,10370.82031
27-08-19,10185.5
28-08-19,9754.422852
29-08-19,9510.200195
30-08-19,9598.173828
31-08-19,9630.664063
01-09-19,9757.970703
02-09-19,10346.76074
03-09-19,10623.54004
04-09-19,10594.49316
05-09-19,10575.5332
06-09-19,10353.30273
07-09-19,10517.25488
08-09-19,10441.27637
09-09-19,10334.97461
10-09-19,10115.97559
11-09-19,10178.37207
12-09-19,10410.12695
13-09-19,10360.54688
14-09-19,10358.04883
15-09-19,10347.71289
16-09-19,10276.79395
17-09-19,10241.27246
18-09-19,10198.24805
19-09-19,10266.41504
20-09-19,10181.6416
21-09-19,10019.7168
22-09-19,10070.39258
23-09-19,9729.324219
24-09-19,8620.566406
25-09-19,8486.993164
26-09-19,8118.967773
27-09-19,8251.845703
28-09-19,8245.915039
29-09-19,8104.185547
30-09-19,8293.868164
01-10-19,8343.276367
02-10-19,8393.041992
03-10-19,8259.992188
04-10-19,8205.939453
05-10-19,8151.500488
06-10-19,7988.155762
07-10-19,8245.623047
08-10-19,8228.783203
09-10-19,8595.740234
10-10-19,8586.473633
11-10-19,8321.756836
12-10-19,8336.555664
13-10-19,8321.005859
14-10-19,8374.686523
15-10-19,8205.369141
16-10-19,8047.526855
17-10-19,8103.911133
18-10-19,7973.20752
19-10-19,7988.560547
20-10-19,8222.078125
21-10-19,8243.720703
22-10-19,8078.203125
23-10-19,7514.671875
24-10-19,7493.48877
25-10-19,8660.700195
26-10-19,9244.972656
27-10-19,9551.714844
28-10-19,9256.148438
29-10-19,9427.6875
30-10-19,9205.726563
31-10-19,9199.584961
01-11-19,9261.104492
02-11-19,9324.717773
03-11-19,9235.354492
04-11-19,9412.612305
05-11-19,9342.527344
06-11-19,9360.879883
07-11-19,9267.561523
08-11-19,8804.880859
09-11-19,8813.582031
10-11-19,9055.526367
11-11-19,8757.788086
12-11-19,8815.662109
13-11-19,8808.262695
14-11-19,8708.094727
15-11-19,8491.992188
16-11-19,8550.760742
17-11-19,8577.975586
18-11-19,8309.286133
19-11-19,8206.145508
20-11-19,8027.268066
21-11-19,7642.75
22-11-19,7296.577637
23-11-19,7397.796875
24-11-19,7047.916992
25-11-19,7146.133789
26-11-19,7218.371094
27-11-19,7531.663574
