Date,GBPUSD=X.Close
2014-09-17,1.626598
2014-09-18,1.62681
2014-09-19,1.643709
2014-09-20,
2014-09-21,
2014-09-22,1.631987
2014-09-23,1.637197
2014-09-24,1.639371
2014-09-25,1.632413
2014-09-26,1.633133
2014-09-27,
2014-09-28,
2014-09-29,1.623825
2014-09-30,1.62422
2014-10-01,1.621376
2014-10-02,1.619223
2014-10-03,1.616005
2014-10-04,
2014-10-05,
2014-10-06,1.596398
2014-10-07,1.60751
2014-10-08,1.608907
2014-10-09,1.616292
2014-10-10,1.612279
2014-10-11,
2014-10-12,
2014-10-13,1.609295
2014-10-14,1.606684
2014-10-15,1.589143
2014-10-16,1.599207
2014-10-17,1.609606
2014-10-18,
2014-10-19,
2014-10-20,1.609218
2014-10-21,1.615901
2014-10-22,1.6115
2014-10-23,1.604493
2014-10-24,1.60295
2014-10-25,
2014-10-26,
2014-10-27,1.609295
2014-10-28,1.612487
2014-10-29,1.614283
2014-10-30,1.600563
2014-10-31,1.600102
2014-11-01,
2014-11-02,
2014-11-03,1.597368
2014-11-04,1.597878
2014-11-05,1.60064
2014-11-06,1.596475
2014-11-07,1.584133
2014-11-08,
2014-11-09,
2014-11-10,1.588512
2014-11-11,1.585339
2014-11-12,1.59261
2014-11-13,1.576889
2014-11-14,1.570228
2014-11-15,
2014-11-16,
2014-11-17,1.566637
2014-11-18,1.564089
2014-11-19,1.562866
2014-11-20,1.567349
2014-11-21,1.569489
2014-11-22,
2014-11-23,
2014-11-24,1.564872
2014-11-25,1.569711
2014-11-26,1.572105
2014-11-27,1.578906
2014-11-28,1.572475
2014-11-29,
2014-11-30,
2014-12-01,1.561207
2014-12-02,1.57344
2014-12-03,1.564651
2014-12-04,1.569415
2014-12-05,1.567865
2014-12-06,
2014-12-07,
2014-12-08,1.556566
2014-12-09,1.565166
2014-12-10,1.5688
2014-12-11,1.574704
2014-12-12,1.572253
2014-12-13,
2014-12-14,
2014-12-15,1.572797
2014-12-16,1.564529
2014-12-17,1.57453
2014-12-18,1.557341
2014-12-19,1.567005
2014-12-20,
2014-12-21,
2014-12-22,1.562964
2014-12-23,1.557778
2014-12-24,1.552217
2014-12-25,1.556202
2014-12-26,1.556202
2014-12-27,
2014-12-28,
2014-12-29,1.555355
2014-12-30,1.55159
2014-12-31,1.556905
2015-01-01,1.558094
2015-01-02,1.557972
2015-01-03,
2015-01-04,
2015-01-05,1.528491
2015-01-06,1.525832
2015-01-07,1.513798
2015-01-08,1.510757
2015-01-09,1.508796
2015-01-10,
2015-01-11,
2015-01-12,1.518949
2015-01-13,1.517036
2015-01-14,1.517036
2015-01-15,1.523438
2015-01-16,1.518119
2015-01-17,
2015-01-18,
2015-01-19,1.514211
2015-01-20,1.509001
2015-01-21,1.514738
2015-01-22,1.514486
2015-01-23,1.501321
2015-01-24,
2015-01-25,
2015-01-26,1.499588
2015-01-27,1.508546
2015-01-28,1.51881
2015-01-29,1.514234
2015-01-30,1.507909
2015-01-31,
2015-02-01,
2015-02-02,1.508705
2015-02-03,1.50281
2015-02-04,1.514211
2015-02-05,1.518003
2015-02-06,1.532591
2015-02-07,
2015-02-08,
2015-02-09,1.523902
2015-02-10,1.521607
2015-02-11,1.526205
2015-02-12,1.524274
2015-02-13,1.539196
2015-02-14,
2015-02-15,
2015-02-16,1.540049
2015-02-17,1.535627
2015-02-18,1.535344
2015-02-19,1.543901
2015-02-20,1.541996
2015-02-21,
2015-02-22,
2015-02-23,1.538911
2015-02-24,1.545237
2015-02-25,1.545906
2015-02-26,1.552891
2015-02-27,1.541806
2015-02-28,
2015-03-01,
2015-03-02,1.540618
2015-03-03,1.53591
2015-03-04,1.536665
2015-03-05,1.526508
2015-03-06,1.524762
2015-03-07,
2015-03-08,
2015-03-09,1.505775
2015-03-10,1.510483
2015-03-11,1.508205
2015-03-12,1.493295
2015-03-13,1.489403
2015-03-14,
2015-03-15,
2015-03-16,1.475579
2015-03-17,1.48258
2015-03-18,1.475209
2015-03-19,1.4962
2015-03-20,1.476167
2015-03-21,
2015-03-22,
2015-03-23,1.494322
2015-03-24,1.495193
2015-03-25,1.483393
2015-03-26,1.487741
2015-03-27,1.48584
2015-03-28,
2015-03-29,
2015-03-30,1.488583
2015-03-31,1.480911
2015-04-01,1.482953
2015-04-02,1.483679
2015-04-03,1.483063
2015-04-04,
2015-04-05,
2015-04-06,1.493072
2015-04-07,1.48907
2015-04-08,1.482382
2015-04-09,1.487852
2015-04-10,1.471497
2015-04-11,
2015-04-12,
2015-04-13,1.464064
2015-04-14,1.466792
2015-04-15,1.477192
2015-04-16,1.482844
2015-04-17,1.492181
2015-04-18,
2015-04-19,
2015-04-20,1.496827
2015-04-21,1.49098
2015-04-22,1.493563
2015-04-23,1.503759
2015-04-24,1.505208
2015-04-25,
2015-04-26,
2015-04-27,1.517658
2015-04-28,1.522371
2015-04-29,1.533484
2015-04-30,1.542686
2015-05-01,1.535462
2015-05-02,
2015-05-03,
2015-05-04,1.51467
2015-05-05,1.512287
2015-05-06,1.517428
2015-05-07,1.524204
2015-05-08,1.540713
2015-05-09,
2015-05-10,
2015-05-11,1.5434
2015-05-12,1.557705
2015-05-13,1.567103
2015-05-14,1.57401
2015-05-15,1.577212
2015-05-16,
2015-05-17,
2015-05-18,1.574605
2015-05-19,1.566367
2015-05-20,1.551614
2015-05-21,1.554291
2015-05-22,1.566392
2015-05-23,
2015-05-24,
2015-05-25,1.547508
2015-05-26,1.547221
2015-05-27,1.539859
2015-05-28,1.535014
2015-05-29,1.53191
2015-05-30,
2015-05-31,
2015-06-01,1.528888
2015-06-02,1.519988
2015-06-03,1.533978
2015-06-04,1.532661
2015-06-05,1.5365
2015-06-06,
2015-06-07,
2015-06-08,1.526788
2015-06-09,1.53459
2015-06-10,1.539409
2015-06-11,1.549691
2015-06-12,1.550893
2015-06-13,
2015-06-14,
2015-06-15,1.556154
2015-06-16,1.5596
2015-06-17,1.563966
2015-06-18,1.584811
2015-06-19,1.587881
2015-06-20,
2015-06-21,
2015-06-22,1.588512
2015-06-23,1.58293
2015-06-24,1.574109
2015-06-25,1.570993
2015-06-26,1.574506
2015-06-27,
2015-06-28,
2015-06-29,1.569317
2015-06-30,1.573193
2015-07-01,1.568701
2015-07-02,1.560501
2015-07-03,1.561305
2015-07-04,
2015-07-05,
2015-07-06,1.555597
2015-07-07,1.560208
2015-07-08,1.546288
2015-07-09,1.536996
2015-07-10,1.537397
2015-07-11,
2015-07-12,
2015-07-13,1.55159
2015-07-14,1.548227
2015-07-15,1.563697
2015-07-16,1.563404
2015-07-17,1.561305
2015-07-18,
2015-07-19,
2015-07-20,1.560038
2015-07-21,1.55739
2015-07-22,1.555597
2015-07-23,1.561402
2015-07-24,1.551952
2015-07-25,
2015-07-26,
2015-07-27,1.552289
2015-07-28,1.55642
2015-07-29,1.56111
2015-07-30,1.560208
2015-07-31,1.560428
2015-08-01,
2015-08-02,
2015-08-03,1.562695
2015-08-04,1.559041
2015-08-05,1.556905
2015-08-06,1.560598
2015-08-07,1.551422
2015-08-08,
2015-08-09,
2015-08-10,1.549403
2015-08-11,1.558531
2015-08-12,1.558409
2015-08-13,1.561597
2015-08-14,1.561792
2015-08-15,
2015-08-16,
2015-08-17,1.56519
2015-08-18,1.558506
2015-08-19,1.56649
2015-08-20,1.568308
2015-08-21,1.569095
2015-08-22,
2015-08-23,
2015-08-24,1.567791
2015-08-25,1.576293
2015-08-26,1.569588
2015-08-27,1.548203
2015-08-28,1.541402
2015-08-29,
2015-08-30,
2015-08-31,1.541806
2015-09-01,1.536311
2015-09-02,1.530526
2015-09-03,1.530807
2015-09-04,1.526205
2015-09-05,
2015-09-06,
2015-09-07,1.520103
2015-09-08,1.528304
2015-09-09,1.540191
2015-09-10,1.535792
2015-09-11,1.544211
2015-09-12,
2015-09-13,
2015-09-14,1.544807
2015-09-15,1.54271
2015-09-16,1.534495
2015-09-17,1.551807
2015-09-18,1.556905
2015-09-19,
2015-09-20,
2015-09-21,1.552891
2015-09-22,1.55082
2015-09-23,1.535391
2015-09-24,1.525204
2015-09-25,1.522696
2015-09-26,
2015-09-27,
2015-09-28,1.520173
2015-09-29,1.516507
2015-09-30,1.515795
2015-10-01,1.512402
2015-10-02,1.513913
2015-10-03,
2015-10-04,
2015-10-05,1.51941
2015-10-06,1.515496
2015-10-07,1.522603
2015-10-08,1.531558
2015-10-09,1.535132
2015-10-10,
2015-10-11,
2015-10-12,1.532309
2015-10-13,1.533789
2015-10-14,1.525809
2015-10-15,1.548012
2015-10-16,1.547197
2015-10-17,
2015-10-18,
2015-10-19,1.543805
2015-10-20,1.547197
2015-10-21,1.544903
2015-10-22,1.542448
2015-10-23,1.538367
2015-10-24,
2015-10-25,
2015-10-26,1.531745
2015-10-27,1.535792
2015-10-28,1.5313
2015-10-29,1.527184
2015-10-30,1.532379
2015-10-31,
2015-11-01,
2015-11-02,1.544163
2015-11-03,1.542401
2015-11-04,1.541925
2015-11-05,1.539006
2015-11-06,1.521005
2015-11-07,
2015-11-08,
2015-11-09,1.505503
2015-11-10,1.512104
2015-11-11,1.51389
2015-11-12,1.52251
2015-11-13,1.523461
2015-11-14,
2015-11-15,
2015-11-16,1.521792
2015-11-17,1.520496
2015-11-18,1.522001
2015-11-19,1.523926
2015-11-20,1.528818
2015-11-21,
2015-11-22,
2015-11-23,1.518995
2015-11-24,1.512905
2015-11-25,1.508591
2015-11-26,1.512356
2015-11-27,1.509981
2015-11-28,
2015-11-29,
2015-11-30,1.503895
2015-12-01,1.505797
2015-12-02,1.507795
2015-12-03,1.494902
2015-12-04,1.5135
2015-12-05,
2015-12-06,
2015-12-07,1.511259
2015-12-08,1.505027
2015-12-09,1.501006
2015-12-10,1.518395
2015-12-11,1.516093
2015-12-12,
2015-12-13,
2015-12-14,1.519896
2015-12-15,1.51607
2015-12-16,1.50437
2015-12-17,1.497791
2015-12-18,1.492961
2015-12-19,
2015-12-20,
2015-12-21,1.490824
2015-12-22,1.489691
2015-12-23,1.482338
2015-12-24,1.487697
2015-12-25,1.491424
2015-12-26,
2015-12-27,
2015-12-28,1.493206
2015-12-29,1.489403
2015-12-30,1.482228
2015-12-31,1.481921
2016-01-01,1.473839
2016-01-02,
2016-01-03,
2016-01-04,1.473709
2016-01-05,1.47141
2016-01-06,1.467394
2016-01-07,1.462994
2016-01-08,1.462694
2016-01-09,
2016-01-10,
2016-01-11,1.452496
2016-01-12,1.454397
2016-01-13,1.443626
2016-01-14,1.440798
2016-01-15,1.44271
2016-01-16,
2016-01-17,
2016-01-18,1.427409
2016-01-19,1.425314
2016-01-20,1.418239
2016-01-21,1.41985
2016-01-22,1.422678
2016-01-23,
2016-01-24,
2016-01-25,1.426005
2016-01-26,1.424299
2016-01-27,1.434309
2016-01-28,1.424907
2016-01-29,1.436204
2016-01-30,
2016-01-31,
2016-02-01,1.424603
2016-02-02,1.442793
2016-02-03,1.440922
2016-02-04,1.458576
2016-02-05,1.458109
2016-02-06,
2016-02-07,
2016-02-08,1.45121
2016-02-09,1.443606
2016-02-10,1.446592
2016-02-11,1.452644
2016-02-12,1.448226
2016-02-13,
2016-02-14,
2016-02-15,1.4518
2016-02-16,1.445922
2016-02-17,1.43039
2016-02-18,1.428163
2016-02-19,1.433322
2016-02-20,
2016-02-21,
2016-02-22,1.426595
2016-02-23,1.414807
2016-02-24,1.401345
2016-02-25,1.392952
2016-02-26,1.396648
2016-02-27,
2016-02-28,
2016-02-29,1.386194
2016-03-01,1.392796
2016-03-02,1.396394
2016-03-03,1.408094
2016-03-04,1.417495
2016-03-05,
2016-03-06,
2016-03-07,1.421504
2016-03-08,1.426127
2016-03-09,1.420858
2016-03-10,1.420697
2016-03-11,1.428776
2016-03-12,
2016-03-13,
2016-03-14,1.438001
2016-03-15,1.428204
2016-03-16,1.415629
2016-03-17,1.425517
2016-03-18,1.447807
2016-03-19,
2016-03-20,
2016-03-21,1.446801
2016-03-22,1.437009
2016-03-23,1.422495
2016-03-24,1.411692
2016-03-25,1.413008
2016-03-26,
2016-03-27,
2016-03-28,1.413108
2016-03-29,1.42633
2016-03-30,1.438642
2016-03-31,1.437401
2016-04-01,1.436699
2016-04-02,
2016-04-03,
2016-04-04,1.422455
2016-04-05,1.426493
2016-04-06,1.415629
2016-04-07,1.413807
2016-04-08,1.405797
2016-04-09,
2016-04-10,
2016-04-11,1.413008
2016-04-12,1.423406
2016-04-13,1.4269
2016-04-14,1.419205
2016-04-15,1.414607
2016-04-16,
2016-04-17,
2016-04-18,1.417434
2016-04-19,1.42898
2016-04-20,1.438952
2016-04-21,1.433897
2016-04-22,1.432295
2016-04-23,
2016-04-24,
2016-04-25,1.444669
2016-04-26,1.449065
2016-04-27,1.457726
2016-04-28,1.454207
2016-04-29,1.461134
2016-04-30,
2016-05-01,
2016-05-02,1.46028
2016-05-03,1.466598
2016-05-04,1.455096
2016-05-05,1.450705
2016-05-06,1.449275
2016-05-07,
2016-05-08,
2016-05-09,1.443085
2016-05-10,1.441545
2016-05-11,1.445149
2016-05-12,1.443835
2016-05-13,1.444523
2016-05-14,
2016-05-15,
2016-05-16,1.434926
2016-05-17,1.44469
2016-05-18,1.445525
2016-05-19,1.45962
2016-05-20,1.46011
2016-05-21,
2016-05-22,
2016-05-23,1.449065
2016-05-24,1.448184
2016-05-25,1.461262
2016-05-26,1.469832
2016-05-27,1.466491
2016-05-28,
2016-05-29,
2016-05-30,1.462651
2016-05-31,1.463507
2016-06-01,1.448247
2016-06-02,1.44194
2016-06-03,1.440549
2016-06-04,
2016-06-05,
2016-06-06,1.438394
2016-06-07,1.445922
2016-06-08,1.454355
2016-06-09,1.451842
2016-06-10,1.446383
2016-06-11,
2016-06-12,
2016-06-13,1.418882
2016-06-14,1.420676
2016-06-15,1.41237
2016-06-16,1.419587
2016-06-17,1.429572
2016-06-18,
2016-06-19,
2016-06-20,1.458598
2016-06-21,1.467502
2016-06-22,1.467029
2016-06-23,1.47894
2016-06-24,1.455795
2016-06-25,
2016-06-26,
2016-06-27,1.345098
2016-06-28,1.323504
2016-06-29,1.335096
2016-06-30,1.346584
2016-07-01,1.332871
2016-07-02,
2016-07-03,
2016-07-04,1.328992
2016-07-05,1.327986
2016-07-06,1.29579
2016-07-07,1.292591
2016-07-08,1.291573
2016-07-09,
2016-07-10,
2016-07-11,1.294616
2016-07-12,1.298111
2016-07-13,1.327827
2016-07-14,1.311974
2016-07-15,1.335791
2016-07-16,
2016-07-17,
2016-07-18,1.322961
2016-07-19,1.326893
2016-07-20,1.310839
2016-07-21,1.326453
2016-07-22,1.324609
2016-07-23,
2016-07-24,
2016-07-25,1.312973
2016-07-26,1.310788
2016-07-27,1.315288
2016-07-28,1.323784
2016-07-29,1.316188
2016-07-30,
2016-07-31,
2016-08-01,1.321633
2016-08-02,1.318548
2016-08-03,1.333778
2016-08-04,1.3328
2016-08-05,1.312922
2016-08-06,
2016-08-07,
2016-08-08,1.308575
2016-08-09,1.303237
2016-08-10,1.300712
2016-08-11,1.302016
2016-08-12,1.295488
2016-08-13,
2016-08-14,
2016-08-15,1.290989
2016-08-16,1.288311
2016-08-17,1.303373
2016-08-18,1.304461
2016-08-19,1.316656
2016-08-20,
2016-08-21,
2016-08-22,1.305602
2016-08-23,1.313715
2016-08-24,1.319609
2016-08-25,1.323452
2016-08-26,1.319435
2016-08-27,
2016-08-28,
2016-08-29,1.312853
2016-08-30,1.310788
2016-08-31,1.309072
2016-09-01,1.31337
2016-09-02,1.327492
2016-09-03,
2016-09-04,
2016-09-05,1.329434
2016-09-06,1.331381
2016-09-07,1.342102
2016-09-08,1.333867
2016-09-09,1.331026
2016-09-10,
2016-09-11,
2016-09-12,1.327316
2016-09-13,1.333867
2016-09-14,1.319435
2016-09-15,1.326436
2016-09-16,1.324767
2016-09-17,
2016-09-18,
2016-09-19,1.301626
2016-09-20,1.304461
2016-09-21,1.298533
2016-09-22,1.303611
2016-09-23,1.308729
2016-09-24,
2016-09-25,
2016-09-26,1.297858
2016-09-27,1.29695
2016-09-28,1.301236
2016-09-29,1.303951
2016-09-30,1.296344
2016-10-01,
2016-10-02,
2016-10-03,1.293159
2016-10-04,1.284852
2016-10-05,1.273237
2016-10-06,1.27551
2016-10-07,1.240233
2016-10-08,
2016-10-09,
2016-10-10,1.243472
2016-10-11,1.234111
2016-10-12,1.227898
2016-10-13,1.218769
2016-10-14,1.222195
2016-10-15,
2016-10-16,
2016-10-17,1.218324
2016-10-18,1.221896
2016-10-19,1.230466
2016-10-20,1.228954
2016-10-21,1.22564
2016-10-22,
2016-10-23,
2016-10-24,1.221911
2016-10-25,1.221747
2016-10-26,1.217582
2016-10-27,1.223541
2016-10-28,1.217137
2016-10-29,
2016-10-30,
2016-10-31,1.221598
2016-11-01,1.223691
2016-11-02,1.223855
2016-11-03,1.230466
2016-11-04,1.246883
2016-11-05,
2016-11-06,
2016-11-07,1.248907
2016-11-08,1.239926
2016-11-09,1.23885
2016-11-10,1.242082
2016-11-11,1.255335
2016-11-12,
2016-11-13,
2016-11-14,1.257387
2016-11-15,1.252035
2016-11-16,1.24564
2016-11-17,1.244245
2016-11-18,1.241003
2016-11-19,
2016-11-20,
2016-11-21,1.232438
2016-11-22,1.249375
2016-11-23,1.24239
2016-11-24,1.243317
2016-11-25,1.245283
2016-11-26,
2016-11-27,
2016-11-28,1.248128
2016-11-29,1.241157
2016-11-30,1.249219
2016-12-01,1.251721
2016-12-02,1.25897
2016-12-03,
2016-12-04,
2016-12-05,1.266785
2016-12-06,1.272848
2016-12-07,1.267106
2016-12-08,1.262786
2016-12-09,1.258495
2016-12-10,
2016-12-11,
2016-12-12,1.259763
2016-12-13,1.267588
2016-12-14,1.266304
2016-12-15,1.253824
2016-12-16,1.24239
2016-12-17,
2016-12-18,
2016-12-19,1.248907
2016-12-20,1.239004
2016-12-21,1.236552
2016-12-22,1.235483
2016-12-23,1.228501
2016-12-24,
2016-12-25,
2016-12-26,1.228954
2016-12-27,1.227596
2016-12-28,1.227596
2016-12-29,1.222494
2016-12-30,1.228803
2016-12-31,
2017-01-01,
2017-01-02,1.234903
2017-01-03,1.228199
2017-01-04,1.22456
2017-01-05,1.232681
2017-01-06,1.242545
2017-01-07,
2017-01-08,
2017-01-09,1.226091
2017-01-10,1.217345
2017-01-11,1.217434
2017-01-12,1.221449
2017-01-13,1.216545
2017-01-14,
2017-01-15,
2017-01-16,1.203935
2017-01-17,1.204021
2017-01-18,1.238804
2017-01-19,1.225971
2017-01-20,1.233837
2017-01-21,
2017-01-22,
2017-01-23,1.238697
2017-01-24,1.251721
2017-01-25,1.253306
2017-01-26,1.263408
2017-01-27,1.259541
2017-01-28,
2017-01-29,
2017-01-30,1.259192
2017-01-31,1.25
2017-02-01,1.25897
2017-02-02,1.266143
2017-02-03,1.252003
2017-02-04,
2017-02-05,
2017-02-06,1.248424
2017-02-07,1.246836
2017-02-08,1.249625
2017-02-09,1.252803
2017-02-10,1.249812
2017-02-11,
2017-02-12,
2017-02-13,1.248455
2017-02-14,1.252301
2017-02-15,1.247038
2017-02-16,1.246976
2017-02-17,1.248923
2017-02-18,
2017-02-19,
2017-02-20,1.243394
2017-02-21,1.247334
2017-02-22,1.248704
2017-02-23,1.245377
2017-02-24,1.255619
2017-02-25,
2017-02-26,
2017-02-27,1.239956
2017-02-28,1.243936
2017-03-01,1.237808
2017-03-02,1.22722
2017-03-03,1.227476
2017-03-04,
2017-03-05,
2017-03-06,1.230012
2017-03-07,1.22429
2017-03-08,1.22045
2017-03-09,1.21773
2017-03-10,1.215732
2017-03-11,
2017-03-12,
2017-03-13,1.217137
2017-03-14,1.220599
2017-03-15,1.215746
2017-03-16,1.228426
2017-03-17,1.235117
2017-03-18,
2017-03-19,
2017-03-20,1.238451
2017-03-21,1.236705
2017-03-22,1.248206
2017-03-23,1.247505
2017-03-24,1.251878
2017-03-25,
2017-03-26,
2017-03-27,1.251455
2017-03-28,1.255792
2017-03-29,1.242143
2017-03-30,1.244044
2017-03-31,1.247847
2017-04-01,
2017-04-02,
2017-04-03,1.254076
2017-04-04,1.249219
2017-04-05,1.243998
2017-04-06,1.248907
2017-04-07,1.246867
2017-04-08,
2017-04-09,
2017-04-10,1.237517
2017-04-11,1.242545
2017-04-12,1.249235
2017-04-13,1.254989
2017-04-14,1.250782
2017-04-15,
2017-04-16,
2017-04-17,1.25351
2017-04-18,1.255777
2017-04-19,1.284456
2017-04-20,1.278233
2017-04-21,1.280197
2017-04-22,
2017-04-23,
2017-04-24,1.282627
2017-04-25,1.277661
2017-04-26,1.283236
2017-04-27,1.284835
2017-04-28,1.289358
2017-04-29,
2017-04-30,
2017-05-01,1.293159
2017-05-02,1.28974
2017-05-03,1.294163
2017-05-04,1.287167
2017-05-05,1.292491
2017-05-06,
2017-05-07,
2017-05-08,1.296563
2017-05-09,1.294331
2017-05-10,1.29485
2017-05-11,1.293059
2017-05-12,1.289158
2017-05-13,
2017-05-14,
2017-05-15,1.28866
2017-05-16,1.290306
2017-05-17,1.291689
2017-05-18,1.297017
2017-05-19,1.29584
2017-05-20,
2017-05-21,
2017-05-22,1.301219
2017-05-23,1.299528
2017-05-24,1.295656
2017-05-25,1.298027
2017-05-26,1.293326
2017-05-27,
2017-05-28,
2017-05-29,1.281427
2017-05-30,1.281411
2017-05-31,1.280902
2017-06-01,1.287548
2017-06-02,1.288826
2017-06-03,
2017-06-04,
2017-06-05,1.287001
2017-06-06,1.290739
2017-06-07,1.290672
2017-06-08,1.29621
2017-06-09,1.272297
2017-06-10,
2017-06-11,
2017-06-12,1.273918
2017-06-13,1.266978
2017-06-14,1.275055
2017-06-15,1.275445
2017-06-16,1.275836
2017-06-17,
2017-06-18,
2017-06-19,1.277955
2017-06-20,1.273237
2017-06-21,1.263248
2017-06-22,1.267572
2017-06-23,1.267813
2017-06-24,
2017-06-25,
2017-06-26,1.27434
2017-06-27,1.272459
2017-06-28,1.281296
2017-06-29,1.294147
2017-06-30,1.301118
2017-07-01,
2017-07-02,
2017-07-03,1.301643
2017-07-04,1.294867
2017-07-05,1.293494
2017-07-06,1.293176
2017-07-07,1.297353
2017-07-08,
2017-07-09,
2017-07-10,1.289125
2017-07-11,NA
2017-07-12,1.285959
2017-07-13,1.289374
2017-07-14,1.294716
2017-07-15,
2017-07-16,
2017-07-17,1.311131
2017-07-18,1.305313
2017-07-19,1.303866
2017-07-20,1.303271
2017-07-21,1.296546
2017-07-22,
2017-07-23,
2017-07-24,1.300475
2017-07-25,1.303101
2017-07-26,1.302762
2017-07-27,1.311475
2017-07-28,1.307668
2017-07-29,
2017-07-30,
2017-07-31,1.314492
2017-08-01,1.31954
2017-08-02,1.320795
2017-08-03,1.322839
2017-08-04,1.314406
2017-08-05,
2017-08-06,
2017-08-07,1.3047
2017-08-08,1.303781
2017-08-09,1.298617
2017-08-10,1.301406
2017-08-11,1.297673
2017-08-12,
2017-08-13,
2017-08-14,1.300593
2017-08-15,1.296512
2017-08-16,1.286703
2017-08-17,1.289158
2017-08-18,1.286505
2017-08-19,
2017-08-20,
2017-08-21,1.287366
2017-08-22,1.289823
2017-08-23,1.282397
2017-08-24,1.280377
2017-08-25,1.280393
2017-08-26,
2017-08-27,
2017-08-28,1.290522
2017-08-29,1.292708
2017-08-30,1.292658
2017-08-31,1.292056
2017-09-01,1.294163
2017-09-02,
2017-09-03,
2017-09-04,1.296512
2017-09-05,1.292407
2017-09-06,1.304121
2017-09-07,1.304972
2017-09-08,1.310479
2017-09-09,
2017-09-10,
2017-09-11,1.319766
2017-09-12,1.316968
2017-09-13,1.328921
2017-09-14,1.320603
2017-09-15,1.339908
2017-09-16,
2017-09-17,
2017-09-18,1.357515
2017-09-19,1.351662
2017-09-20,1.351534
2017-09-21,1.348963
2017-09-22,1.357976
2017-09-23,
2017-09-24,
2017-09-25,1.350731
2017-09-26,1.347782
2017-09-27,1.344809
2017-09-28,1.33989
2017-09-29,1.343021
2017-09-30,
2017-10-01,
2017-10-02,1.339405
2017-10-03,1.327563
2017-10-04,1.324118
2017-10-05,1.323276
2017-10-06,1.311269
2017-10-07,
2017-10-08,
2017-10-09,1.308404
2017-10-10,1.314406
2017-10-11,1.321109
2017-10-12,1.323977
2017-10-13,1.326436
2017-10-14,
2017-10-15,
2017-10-16,1.328886
2017-10-17,1.325293
2017-10-18,1.319487
2017-10-19,1.321301
2017-10-20,1.315063
2017-10-21,
2017-10-22,
2017-10-23,1.318983
2017-10-24,1.320655
2017-10-25,1.313198
2017-10-26,1.327351
2017-10-27,1.313025
2017-10-28,
2017-10-29,
2017-10-30,1.313405
2017-10-31,1.321248
2017-11-01,1.329222
2017-11-02,1.325539
2017-11-03,1.30533
2017-11-04,
2017-11-05,
2017-11-06,1.308044
2017-11-07,1.317506
2017-11-08,1.317211
2017-11-09,1.311303
2017-11-10,1.31444
2017-11-11,
2017-11-12,
2017-11-13,1.312026
2017-11-14,1.312336
2017-11-15,1.315789
2017-11-16,NA
2017-11-17,1.320045
2017-11-18,
2017-11-19,
2017-11-20,1.320271
2017-11-21,1.324503
2017-11-22,1.324556
2017-11-23,1.331682
2017-11-24,1.330672
2017-11-25,
2017-11-26,
2017-11-27,1.332445
2017-11-28,1.332232
2017-11-29,1.336541
2017-11-30,1.341724
2017-12-01,1.352997
2017-12-02,
2017-12-03,
2017-12-04,1.3494
2017-12-05,1.347527
2017-12-06,1.341526
2017-12-07,1.339226
2017-12-08,1.348436
2017-12-09,
2017-12-10,
2017-12-11,1.339208
2017-12-12,1.334935
2017-12-13,1.331948
2017-12-14,1.340968
2017-12-15,1.343292
2017-12-16,
2017-12-17,
2017-12-18,1.331735
2017-12-19,1.338079
2017-12-20,1.338688
2017-12-21,1.337202
2017-12-22,1.338043
2017-12-23,
2017-12-24,
2017-12-25,1.336505
2017-12-26,1.337614
2017-12-27,1.337471
2017-12-28,1.340393
2017-12-29,1.344086
2017-12-30,
2017-12-31,
2018-01-01,1.351607
2018-01-02,1.351132
2018-01-03,1.359619
2018-01-04,1.351132
2018-01-05,1.355289
2018-01-06,
2018-01-07,
2018-01-08,1.357589
2018-01-09,1.357128
2018-01-10,1.353235
2018-01-11,1.351278
2018-01-12,1.354188
2018-01-13,
2018-01-14,
2018-01-15,1.373306
2018-01-16,1.379824
2018-01-17,1.379881
2018-01-18,1.382801
2018-01-19,1.389468
2018-01-20,
2018-01-21,
2018-01-22,1.389159
2018-01-23,1.398484
2018-01-24,1.401738
2018-01-25,1.422091
2018-01-26,1.415027
2018-01-27,
2018-01-28,
2018-01-29,1.414927
2018-01-30,1.407658
2018-01-31,1.415588
2018-02-01,1.420051
2018-02-02,1.426676
2018-02-03,
2018-02-04,
2018-02-05,1.411134
2018-02-06,1.394369
2018-02-07,1.395868
2018-02-08,1.387925
2018-02-09,1.393495
2018-02-10,
2018-02-11,
2018-02-12,1.382743
2018-02-13,1.385233
2018-02-14,1.388696
2018-02-15,1.401581
2018-02-16,1.410417
2018-02-17,
2018-02-18,
2018-02-19,1.403154
2018-02-20,1.399267
2018-02-21,1.400109
2018-02-22,1.391014
2018-02-23,1.395303
2018-02-24,
2018-02-25,
2018-02-26,1.396804
2018-02-27,1.396648
2018-02-28,1.390608
2018-03-01,1.375421
2018-03-02,1.377543
2018-03-03,
2018-03-04,
2018-03-05,1.379501
2018-03-06,1.385233
2018-03-07,1.390009
2018-03-08,1.390627
2018-03-09,1.380567
2018-03-10,
2018-03-11,
2018-03-12,1.38554
2018-03-13,1.390763
2018-03-14,1.397233
2018-03-15,1.397155
2018-03-16,1.393864
2018-03-17,
2018-03-18,
2018-03-19,1.39435
2018-03-20,1.402525
2018-03-21,1.400482
2018-03-22,1.414627
2018-03-23,1.411472
2018-03-24,
2018-03-25,
2018-03-26,1.414767
2018-03-27,1.423893
2018-03-28,1.417635
2018-03-29,1.408034
2018-03-30,1.402938
2018-03-31,
2018-04-01,
2018-04-02,1.403824
2018-04-03,1.404672
2018-04-04,1.406865
2018-04-05,1.408808
2018-04-06,1.400874
2018-04-07,
2018-04-08,
2018-04-09,1.409165
2018-04-10,1.413827
2018-04-11,1.418218
2018-04-12,1.418903
2018-04-13,1.423812
2018-04-14,
2018-04-15,
2018-04-16,1.424684
2018-04-17,1.434206
2018-04-18,1.429654
2018-04-19,1.420434
2018-04-20,1.408649
2018-04-21,
2018-04-22,
2018-04-23,1.400168
2018-04-24,1.393825
2018-04-25,1.399384
2018-04-26,1.393922
2018-04-27,1.391943
2018-04-28,
2018-04-29,
2018-04-30,1.377107
2018-05-01,1.377221
2018-05-02,1.360933
2018-05-03,1.357386
2018-05-04,1.357239
2018-05-05,
2018-05-06,
2018-05-07,1.353198
2018-05-08,1.357036
2018-05-09,1.355344
2018-05-10,1.354463
2018-05-11,1.352338
2018-05-12,
2018-05-13,
2018-05-14,1.355381
2018-05-15,1.356245
2018-05-16,1.35002
2018-05-17,1.35483
2018-05-18,1.351534
2018-05-19,
2018-05-20,
2018-05-21,1.347709
2018-05-22,1.343183
2018-05-23,1.344104
2018-05-24,1.337131
2018-05-25,1.338348
2018-05-26,
2018-05-27,
2018-05-28,1.330902
2018-05-29,1.331558
2018-05-30,1.325381
2018-05-31,1.328356
2018-06-01,1.328939
2018-06-02,
2018-06-03,
2018-06-04,1.335648
2018-06-05,1.331647
2018-06-06,1.340608
2018-06-07,1.342156
2018-06-08,1.341922
2018-06-09,
2018-06-10,
2018-06-11,1.341382
2018-06-12,1.337435
2018-06-13,1.337256
2018-06-14,1.338276
2018-06-15,1.325662
2018-06-16,
2018-06-17,
2018-06-18,1.32751
2018-06-19,1.325873
2018-06-20,1.317332
2018-06-21,1.317523
2018-06-22,1.324784
2018-06-23,
2018-06-24,
2018-06-25,1.326242
2018-06-26,1.327845
2018-06-27,1.322104
2018-06-28,1.312043
2018-06-29,1.307514
2018-06-30,
2018-07-01,
2018-07-02,1.320777
2018-07-03,1.314406
2018-07-04,1.319435
2018-07-05,1.322926
2018-07-06,1.322576
2018-07-07,
2018-07-08,
2018-07-09,1.329787
2018-07-10,1.325557
2018-07-11,1.325732
2018-07-12,1.321004
2018-07-13,1.318044
2018-07-14,
2018-07-15,
2018-07-16,1.322769
2018-07-17,1.323644
2018-07-18,1.310616
2018-07-19,1.307822
2018-07-20,1.302304
2018-07-21,
2018-07-22,
2018-07-23,1.314717
2018-07-24,1.310273
2018-07-25,1.315218
2018-07-26,1.319958
2018-07-27,1.310874
2018-07-28,
2018-07-29,
2018-07-30,1.311183
2018-07-31,1.313543
2018-08-01,1.312164
2018-08-02,1.312612
2018-08-03,1.301812
2018-08-04,
2018-08-05,
2018-08-06,1.300356
2018-08-07,1.294498
2018-08-08,1.294666
2018-08-09,1.288162
2018-08-10,1.282841
2018-08-11,
2018-08-12,
2018-08-13,1.275885
2018-08-14,1.276275
2018-08-15,1.271779
2018-08-16,1.26939
2018-08-17,1.271456
2018-08-18,
2018-08-19,
2018-08-20,1.274714
2018-08-21,1.280426
2018-08-22,1.290556
2018-08-23,1.290473
2018-08-24,1.281066
2018-08-25,
2018-08-26,
2018-08-27,1.286091
2018-08-28,1.289674
2018-08-29,1.286769
2018-08-30,1.303594
2018-08-31,1.301101
2018-09-01,
2018-09-02,
2018-09-03,1.292307
2018-09-04,1.286902
2018-09-05,1.285843
2018-09-06,1.291489
2018-09-07,1.292541
2018-09-08,
2018-09-09,
2018-09-10,1.293025
2018-09-11,1.302643
2018-09-12,1.301558
2018-09-13,1.304546
2018-09-14,1.311131
2018-09-15,
2018-09-16,
2018-09-17,1.307326
2018-09-18,1.314631
2018-09-19,1.316846
2018-09-20,1.314112
2018-09-21,1.327087
2018-09-22,
2018-09-23,
2018-09-24,1.308044
2018-09-25,1.311733
2018-09-26,1.317992
2018-09-27,1.31728
2018-09-28,1.307873
2018-09-29,
2018-09-30,
2018-10-01,1.3039
2018-10-02,1.304359
2018-10-03,1.298196
2018-10-04,1.294063
2018-10-05,1.302423
2018-10-06,
2018-10-07,
2018-10-08,1.312715
2018-10-09,1.309312
2018-10-10,1.315703
2018-10-11,1.320673
2018-10-12,1.323416
2018-10-13,
2018-10-14,
2018-10-15,1.310393
2018-10-16,1.315478
2018-10-17,1.318722
2018-10-18,1.310444
2018-10-19,1.302423
2018-10-20,
2018-10-21,
2018-10-22,1.30654
2018-10-23,1.296596
2018-10-24,1.298128
2018-10-25,1.288826
2018-10-26,1.282462
2018-10-27,
2018-10-28,
2018-10-29,1.283104
2018-10-30,1.280246
2018-10-31,1.27089
2018-11-01,1.276944
2018-11-02,1.300373
2018-11-03,
2018-11-04,
2018-11-05,1.300559
2018-11-06,1.305807
2018-11-07,1.311252
2018-11-08,1.312853
2018-11-09,1.306677
2018-11-10,
2018-11-11,
2018-11-12,1.293845
2018-11-13,1.285793
2018-11-14,1.301406
2018-11-15,1.298617
2018-11-16,1.27665
2018-11-17,
2018-11-18,
2018-11-19,1.283318
2018-11-20,1.285975
2018-11-21,1.27892
2018-11-22,1.277727
2018-11-23,1.287598
2018-11-24,
2018-11-25,
2018-11-26,1.28123
2018-11-27,1.28123
2018-11-28,1.274372
2018-11-29,1.282413
2018-11-30,1.278445
2018-12-01,
2018-12-02,
2018-12-03,1.275348
2018-12-04,1.272588
2018-12-05,1.272054
2018-12-06,1.272767
2018-12-07,1.277857
2018-12-08,
2018-12-09,
2018-12-10,1.272103
2018-12-11,1.256124
2018-12-12,1.249297
2018-12-13,1.262866
2018-12-14,1.265502
2018-12-15,
2018-12-16,
2018-12-17,1.258558
2018-12-18,1.261575
2018-12-19,1.265502
2018-12-20,1.262786
2018-12-21,1.266978
2018-12-22,
2018-12-23,
2018-12-24,1.264894
2018-12-25,1.271084
2018-12-26,1.268875
2018-12-27,1.264878
2018-12-28,1.264622
2018-12-29,
2018-12-30,
2018-12-31,1.269358
2019-01-01,1.273804
2019-01-02,1.275429
2019-01-03,1.252191
2019-01-04,1.262881
2019-01-05,
2019-01-06,
2019-01-07,1.273496
2019-01-08,1.278609
2019-01-09,1.273788
2019-01-10,1.279967
2019-01-11,1.275396
2019-01-12,
2019-01-13,
2019-01-14,1.284984
2019-01-15,1.287498
2019-01-16,1.287217
2019-01-17,1.288577
2019-01-18,1.298398
2019-01-19,
2019-01-20,
2019-01-21,1.285347
2019-01-22,1.289175
2019-01-23,1.295773
2019-01-24,1.308216
2019-01-25,1.312164
2019-01-26,
2019-01-27,
2019-01-28,1.320847
2019-01-29,1.316015
2019-01-30,1.308044
2019-01-31,1.311716
2019-02-01,1.310942
2019-02-02,
2019-02-03,
2019-02-04,1.307737
2019-02-05,1.303101
2019-02-06,1.295723
2019-02-07,1.293444
2019-02-08,1.294917
2019-02-09,
2019-02-10,
2019-02-11,1.293678
2019-02-12,1.286405
2019-02-13,1.289208
2019-02-14,1.285678
2019-02-15,1.279836
2019-02-16,
2019-02-17,
2019-02-18,1.290556
2019-02-19,1.292407
2019-02-20,1.306131
2019-02-21,1.304512
2019-02-22,1.304138
2019-02-23,
2019-02-24,
2019-02-25,1.306558
2019-02-26,1.312715
2019-02-27,1.325803
2019-02-28,1.331824
2019-03-01,1.326489
2019-03-02,
2019-03-03,
2019-03-04,1.323977
2019-03-05,1.317853
2019-03-06,1.315668
2019-03-07,1.318218
2019-03-08,1.309243
2019-03-09,
2019-03-10,
2019-03-11,1.298836
2019-03-12,1.324854
2019-03-13,1.306677
2019-03-14,1.328568
2019-03-15,1.325855
2019-03-16,
2019-03-17,
2019-03-18,1.329716
2019-03-19,1.326436
2019-03-20,1.32714
2019-03-21,1.320533
2019-03-22,1.313232
2019-03-23,
2019-03-24,
2019-03-25,1.320655
2019-03-26,1.321528
2019-03-27,1.321144
2019-03-28,1.31527
2019-03-29,1.305653
2019-03-30,
2019-03-31,
2019-04-01,1.302287
2019-04-02,1.306899
2019-04-03,1.312767
2019-04-04,1.317697
2019-04-05,1.307702
2019-04-06,
2019-04-07,
2019-04-08,1.303815
2019-04-09,1.306336
2019-04-10,1.305722
2019-04-11,1.309929
2019-04-12,1.305602
2019-04-13,
2019-04-14,
2019-04-15,1.308387
2019-04-16,1.310273
2019-04-17,1.304631
2019-04-18,1.303934
2019-04-19,1.299444
2019-04-20,
2019-04-21,
2019-04-22,1.299376
2019-04-23,1.298145
2019-04-24,1.293812
2019-04-25,1.290489
2019-04-26,1.289607
2019-04-27,
2019-04-28,
2019-04-29,1.292023
2019-04-30,1.293243
2019-05-01,1.303985
2019-05-02,1.305313
2019-05-03,1.303322
2019-05-04,
2019-05-05,
2019-05-06,1.315063
2019-05-07,1.309929
2019-05-08,1.306882
2019-05-09,1.301202
2019-05-10,1.300965
2019-05-11,
2019-05-12,
2019-05-13,1.301067
2019-05-14,1.296311
2019-05-15,1.290656
2019-05-16,1.284752
2019-05-17,1.279771
2019-05-18,
2019-05-19,
2019-05-20,1.273156
2019-05-21,1.272912
2019-05-22,NA
2019-05-23,1.266416
2019-05-24,1.266464
2019-05-25,
2019-05-26,
2019-05-27,1.272475
2019-05-28,1.268231
2019-05-29,1.265967
2019-05-30,1.262945
2019-05-31,1.26097
2019-06-01,
2019-06-02,
2019-06-03,1.263951
2019-06-04,1.266416
2019-06-05,1.270277
2019-06-06,1.268858
2019-06-07,1.269841
2019-06-08,
2019-06-09,
2019-06-10,1.272297
2019-06-11,1.269116
2019-06-12,1.272443
2019-06-13,1.269342
2019-06-14,1.268006
2019-06-15,
2019-06-16,
2019-06-17,1.259604
2019-06-18,1.254154
2019-06-19,1.25666
2019-06-20,1.265663
2019-06-21,1.270793
2019-06-22,
2019-06-23,
2019-06-24,1.275087
2019-06-25,1.273966
2019-06-26,1.269068
2019-06-27,1.269841
2019-06-28,1.267748
2019-06-29,
2019-06-30,
2019-07-01,1.269454
2019-07-02,1.264462
2019-07-03,1.259827
2019-07-04,1.258273
2019-07-05,1.258305
2019-07-06,
2019-07-07,
2019-07-08,1.252552
2019-07-09,1.251643
2019-07-10,1.245858
2019-07-11,1.250813
2019-07-12,1.252348
2019-07-13,
2019-07-14,
2019-07-15,1.257197
2019-07-16,1.251799
2019-07-17,1.241203
2019-07-18,1.243472
2019-07-19,1.254186
2019-07-20,
2019-07-21,
2019-07-22,1.251283
2019-07-23,1.247489
2019-07-24,1.243905
2019-07-25,1.248595
2019-07-26,1.245345
2019-07-27,
2019-07-28,
2019-07-29,1.23767
2019-07-30,1.221747
2019-07-31,1.21616
2019-08-01,1.215377
2019-08-02,1.21243
2019-08-03,
2019-08-04,
2019-08-05,1.215214
2019-08-06,1.21582
2019-08-07,1.216974
2019-08-08,1.214329
2019-08-09,1.214373
2019-08-10,
2019-08-11,
2019-08-12,1.202198
2019-08-13,1.207875
2019-08-14,1.206418
2019-08-15,1.20604
2019-08-16,1.209161
2019-08-17,
2019-08-18,
2019-08-19,1.216101
2019-08-20,1.213151
2019-08-21,1.216234
2019-08-22,1.213224
2019-08-23,1.22519
2019-08-24,
2019-08-25,
2019-08-26,1.226242
2019-08-27,1.222195
2019-08-28,1.22832
2019-08-29,1.221852
2019-08-30,1.21865
2019-08-31,
2019-09-01,
2019-09-02,1.215924
2019-09-03,1.206666
2019-09-04,1.209044
2019-09-05,1.22489
2019-09-06,1.232392
2019-09-07,
2019-09-08,
2019-09-09,1.228305
2019-09-10,1.234537
2019-09-11,1.235483
2019-09-12,1.233471
2019-09-13,1.232939
2019-09-14,
2019-09-15,
2019-09-16,1.249734
2019-09-17,1.242854
2019-09-18,1.250266
2019-09-19,1.247054
2019-09-20,1.252505
2019-09-21,
2019-09-22,
2019-09-23,1.247194
2019-09-24,1.243456
2019-09-25,1.248595
2019-09-26,1.235956
2019-09-27,1.233198
2019-09-28,
2019-09-29,
2019-09-30,1.229317
2019-10-01,1.228999
2019-10-02,1.229226
2019-10-03,1.230436
2019-10-04,1.234233
2019-10-05,
2019-10-06,
2019-10-07,1.233441
2019-10-08,1.228803
2019-10-09,1.221956
2019-10-10,1.2213
2019-10-11,1.243317
2019-10-12,
2019-10-13,
2019-10-14,1.2619
2019-10-15,1.261177
2019-10-16,1.276064
2019-10-17,1.28238
2019-10-18,1.28686
2019-10-19,
2019-10-20,
2019-10-21,1.290023
2019-10-22,1.297168
2019-10-23,1.288477
2019-10-24,1.292324
2019-10-25,1.284027
2019-10-26,
2019-10-27,
2019-10-28,1.283203
2019-10-29,1.285744
2019-10-30,1.28667
2019-10-31,1.290173
2019-11-01,1.293962
2019-11-02,
2019-11-03,
2019-11-04,1.293761
2019-11-05,1.289158
2019-11-06,1.288062
2019-11-07,1.285678
2019-11-08,1.277999
2019-11-09,
2019-11-10,
2019-11-11,1.27964
2019-11-12,1.285843
2019-11-13,1.285215
2019-11-14,1.28538
2019-11-15,1.288178
2019-11-16,
2019-11-17,
2019-11-18,1.292123
2019-11-19,1.295085
2019-11-20,1.29295
2019-11-21,1.292708
2019-11-22,1.29199
2019-11-23,
2019-11-24,
2019-11-25,1.285347
2019-11-26,1.289724
2019-11-27,1.286091
