"","date","daily.returns"
"1",2014-09-17,0
"2",2014-09-18,-0.00631424375917766
"3",2014-09-19,-0.00761046253879127
"4",2014-09-20,0.000273000273000257
"5",2014-09-21,0.000272925764192022
"6",2014-09-22,0.000272851296043708
"7",2014-09-23,0.00223181074244905
"8",2014-09-24,-0.00170724465558192
"9",2014-09-25,0.00111532455944685
"10",2014-09-26,-0.00445632798573981
"11",2014-09-27,0.000820650552074031
"12",2014-09-28,0.000819977636973723
"13",2014-09-29,0.000819305824519612
"14",2014-09-30,-0.00520949616729927
"15",2014-10-01,0.00261838856886354
"16",2014-10-02,-0.0015669303089092
"17",2014-10-03,-0.0158433599880426
"18",2014-10-04,0.00349305186422644
"19",2014-10-05,0.00348089292470677
"20",2014-10-06,0.00346881833949175
"21",2014-10-07,0.00217930412564815
"22",2014-10-08,-0.0145470905818835
"23",2014-10-09,0.0111094201795769
"24",2014-10-10,-0.00383804936785059
"25",2014-10-11,0.0014101886127269
"26",2014-10-12,0.00140820278120057
"27",2014-10-13,0.00140622253471601
"28",2014-10-14,0
"29",2014-10-15,0.00150455126758442
"30",2014-10-16,-0.00285435288815439
"31",2014-10-17,0.000753295668549869
"32",2014-10-18,0.00145527537322798
"33",2014-10-19,0.00145316062435796
"34",2014-10-20,0.00145105201270934
"35",2014-10-21,0.00562092482949872
"36",2014-10-22,-0.00387539126546432
"37",2014-10-23,-0.0108484213676493
"38",2014-10-24,0.00219348006958642
"39",2014-10-25,-0.000654088050314416
"40",2014-10-26,-0.000654516161514573
"41",2014-10-27,-0.000654944833492821
"42",2014-10-28,0.000151240169388833
"43",2014-10-29,-0.00257069408740351
"44",2014-10-30,-0.019936325045482
"45",2014-10-31,-0.0208832856369402
"46",2014-11-01,-0.000394975906469752
"47",2014-11-02,-0.000395131974079366
"48",2014-11-03,-0.000395288165072283
"49",2014-11-04,-0.00324264473267966
"50",2014-11-05,-0.0176148536062842
"51",2014-11-06,-0.00298845004442272
"52",2014-11-07,0.0215489306545689
"53",2014-11-08,-0.00256410256410255
"54",2014-11-09,-0.00257069408740362
"55",2014-11-10,-0.00257731958762886
"56",2014-11-11,0.00303684168464802
"57",2014-11-12,-0.00374472153613248
"58",2014-11-13,0.000799744081893872
"59",2014-11-14,0.0193383410580148
"60",2014-11-15,-0.000496498379847332
"61",2014-11-16,-0.000496745012941613
"62",2014-11-17,-0.000496991891184795
"63",2014-11-18,0.00926434796262843
"64",2014-11-19,-0.0016336056009334
"65",2014-11-20,-0.00350631136044877
"66",2014-11-21,0.00547345374931574
"67",2014-11-22,-0.000440677087383601
"68",2014-11-23,-0.000440871369294715
"69",2014-11-24,-0.000441065822587738
"70",2014-11-25,0.000778694907335398
"71",2014-11-26,-0.000544662309368227
"72",2014-11-27,-0.0745036979369404
"73",2014-11-28,0.0609017496635262
"74",2014-11-29,0.0109155301828945
"75",2014-11-30,0.0107976679128865
"76",2014-12-01,0.0106823237287259
"77",2014-12-02,-0.0136660268714012
"78",2014-12-03,0.00864014945123359
"79",2014-12-04,-0.00123475845037813
"80",2014-12-05,-0.0103538865708547
"81",2014-12-06,0.000936914428482316
"82",2014-12-07,0.000936037441497728
"83",2014-12-08,0.000935162094763076
"84",2014-12-09,0.0278729367798194
"85",2014-12-10,-0.00356006665656727
"86",2014-12-11,-0.00243253515773478
"87",2014-12-12,-0.00670578373847441
"88",2014-12-13,-0.00404040404040407
"89",2014-12-14,-0.00405679513184587
"90",2014-12-15,-0.00407331975560077
"91",2014-12-16,-0.0121922808107479
"92",2014-12-17,0.000235849056603676
"93",2014-12-18,0.00125756503969199
"94",2014-12-19,0.00133448465342645
"95",2014-12-20,-0.00415490749451231
"96",2014-12-21,-0.00417224277729666
"97",2014-12-22,-0.0041897233201581
"98",2014-12-23,0
"99",2014-12-24,-0.00325474319282382
"100",2014-12-25,-0.0625995539980885
"101",2014-12-26,0.0855564995751912
"102",2014-12-27,-0.00386110458897504
"103",2014-12-28,-0.00387607050257954
"104",2014-12-29,-0.00389115288550024
"105",2014-12-30,0.0150447383007364
"106",2014-12-31,-0.012871518839223
"107",2015-01-01,-0.0621147463252727
"108",2015-01-02,0.0681664981462757
"109",2015-01-03,0.00415450553495833
"110",2015-01-04,0.00413731702846376
"111",2015-01-05,0.00412027016454997
"112",2015-01-06,0.00677834047526304
"113",2015-01-07,-0.0066553165144716
"114",2015-01-08,-0.00155811779370518
"115",2015-01-09,0.00452559300873911
"116",2015-01-10,0.00409093262907145
"117",2015-01-11,0.00407426508509534
"118",2015-01-12,0.00405773280599919
"119",2015-01-13,0.000997544505831671
"120",2015-01-14,-0.00766577232656185
"121",2015-01-15,0.0218617226728466
"122",2015-01-16,0.0091472633807077
"123",2015-01-17,-0.0209378979698854
"124",2015-01-18,-0.0213856689238303
"125",2015-01-19,-0.00242376856919457
"126",2015-01-20,0.0599576769339289
"127",2015-01-21,0.000739426205264682
"128",2015-01-22,0.00871878232599377
"129",2015-01-23,-0.00556694989745099
"130",2015-01-24,-0.00294637595757219
"131",2015-01-25,-0.00295508274231682
"132",2015-01-26,-0.00296384113811499
"133",2015-01-27,0.00676278240190253
"134",2015-01-28,-0.00575773233926324
"135",2015-01-29,-0.0230900586532038
"136",2015-01-30,0.0158078735370117
"137",2015-01-31,-0.00054865579330643
"138",2015-02-01,-0.000548956981734516
"139",2015-02-02,-0.000549258501023608
"140",2015-02-03,-0.0113159472422063
"141",2015-02-04,0.00462366406427672
"142",2015-02-05,-0.00113173381620646
"143",2015-02-06,-0.0168441725205832
"144",2015-02-07,0.00186949395615654
"145",2015-02-08,0.00186600547020777
"146",2015-02-09,0.00186252997907843
"147",2015-02-10,-0.00664680265872108
"148",2015-02-11,-0.00922934933087216
"149",2015-02-12,-0.000388138487812495
"150",2015-02-13,0.00504775957132875
"151",2015-02-14,-0.0252665739452944
"152",2015-02-15,-0.0259215219976219
"153",2015-02-16,0.00236002604166674
"154",2015-02-17,0.0383210197288302
"155",2015-02-18,-0.00656814449917908
"156",2015-02-19,0.00425029515938613
"157",2015-02-20,-0.00289991378634691
"158",2015-02-21,-0.00117905989624278
"159",2015-02-22,-0.00118045171952463
"160",2015-02-23,-0.00118184683265043
"161",2015-02-24,-0.00441744892324691
"162",2015-02-25,0.00229775770541174
"163",2015-02-26,0.00798418972332016
"164",2015-02-27,0.00258803231119131
"165",2015-02-28,-0.000938673341677077
"166",2015-03-01,-0.000939555277168824
"167",2015-03-02,-0.000940438871473437
"168",2015-03-03,-0.00125509883903352
"169",2015-03-04,-0.00282752120640917
"170",2015-03-05,-0.00354442344045369
"171",2015-03-06,-0.0241087661054462
"172",2015-03-07,0.00064798315243797
"173",2015-03-08,0.000647563542172769
"174",2015-03-09,0.000647144475004024
"175",2015-03-10,-0.00800323362974942
"176",2015-03-11,-0.00790481623339567
"177",2015-03-12,0.000492853622473977
"178",2015-03-13,-8.21018062396872e-05
"179",2015-03-14,0.000109478063333057
"180",2015-03-15,0.000109466079198706
"181",2015-03-16,0.000109454097687589
"182",2015-03-17,-0.00393991627677903
"183",2015-03-18,0.00247218788627945
"184",2015-03-19,0.00986436498150423
"185",2015-03-20,0.0123728123728124
"186",2015-03-21,0.000750448929270231
"187",2015-03-22,0.000749886177990655
"188",2015-03-23,0.000749324270078011
"189",2015-03-24,0.00296831127156039
"190",2015-03-25,0.00487921932490787
"191",2015-03-26,0.00772108572793129
"192",2015-03-27,-0.0040284360189573
"193",2015-03-28,-0.00409760224178501
"194",2015-03-29,-0.00411446166914409
"195",2015-03-30,-0.00413146040461665
"196",2015-03-31,-0.00337241047053161
"197",2015-04-01,0.0177247824685789
"198",2015-04-02,-0.00474984167194425
"199",2015-04-03,0
"200",2015-04-04,0.00456039876975289
"201",2015-04-05,0.00453969594594605
"202",2015-04-06,0.00451918024172371
"203",2015-04-07,-0.00549278091650973
"204",2015-04-08,-0.00575982326021796
"205",2015-04-09,-0.00753908419966665
"206",2015-04-10,0.00935550935550933
"207",2015-04-11,-0.00145237529377584
"208",2015-04-12,-0.00145448775585777
"209",2015-04-13,-0.00145660637199074
"210",2015-04-14,-0.00771801400381922
"211",2015-04-15,0.00673562665383698
"212",2015-04-16,-0.00278773397052967
"213",2015-04-17,0.00407348242811501
"214",2015-04-18,-0.0023334128814998
"215",2015-04-19,-0.00233887043189351
"216",2015-04-20,-0.00234435357114315
"217",2015-04-21,0.00785067692061192
"218",2015-04-22,-0.0114458310150225
"219",2015-04-23,0.00586958269679183
"220",2015-04-24,-0.0172661870503596
"221",2015-04-25,0.00780868716447047
"222",2015-04-26,0.0077481840193705
"223",2015-04-27,0.00768861124459397
"224",2015-04-28,0.00969639167064074
"225",2015-04-29,-0.00110201511335017
"226",2015-04-30,-0.0212765957446809
"227",2015-05-01,-0.00555555555555565
"228",2015-05-02,0.00348149947372689
"229",2015-05-03,0.0034694206874295
"230",2015-05-04,0.00345742542413752
"231",2015-05-05,0.00737179487179485
"232",2015-05-06,-0.00119312758510981
"233",2015-05-07,-0.00653022218682808
"234",2015-05-08,0.00320641282565126
"235",2015-05-09,-0.00138500466107339
"236",2015-05-10,-0.00138692555943776
"237",2015-05-11,-0.00138885179348847
"238",2015-05-12,0.00778303779186396
"239",2015-05-13,0.0200636942675159
"240",2015-05-14,0.00530752419606606
"241",2015-05-15,-7.76397515527272e-05
"242",2015-05-16,0.000595284312964184
"243",2015-05-17,0.000594930160372487
"244",2015-05-18,0.000594576428922355
"245",2015-05-19,-0.0153464579135018
"246",2015-05-20,0.00165302267002509
"247",2015-05-21,-0.00424361493123782
"248",2015-05-22,0.00126272590955745
"249",2015-05-23,-0.0253409001339954
"250",2015-05-24,-0.0259997573895112
"251",2015-05-25,0.00249086682165389
"252",2015-05-26,0.0362762961735961
"253",2015-05-27,-0.0012787723785167
"254",2015-05-28,0.00152048655569792
"255",2015-05-29,0.000159808230123959
"256",2015-05-30,-7.98913477669805e-05
"257",2015-05-31,-7.98977309045545e-05
"258",2015-06-01,-7.99041150618685e-05
"259",2015-06-02,0.00591337701773997
"260",2015-06-03,-0.00627581823959311
"261",2015-06-04,-0.00783435926133202
"262",2015-06-05,-0.00282007896221093
"263",2015-06-06,0.00145442792501616
"264",2015-06-07,0.00145231563659842
"265",2015-06-08,0.00145020947470176
"266",2015-06-09,0.0038616251005632
"267",2015-06-10,0.00945664369289956
"268",2015-06-11,-0.00476341695776439
"269",2015-06-12,-0.00127632418634327
"270",2015-06-13,0.00127795527156538
"271",2015-06-14,0.00127632418634338
"272",2015-06-15,0.00127469725940088
"273",2015-06-16,-0.005092297899427
"274",2015-06-17,-0.00199936020473446
"275",2015-06-18,0.0191521756551005
"276",2015-06-19,-0.00110080201289497
"277",2015-06-20,-0.00453925272879929
"278",2015-06-21,-0.00455995150109401
"279",2015-06-22,-0.00458083990891278
"280",2015-06-23,-0.00582555262947881
"281",2015-06-24,-0.00305024883608918
"282",2015-06-25,-0.000563607085346307
"283",2015-06-26,0.00225569966970118
"284",2015-06-27,0.0013128633818289
"285",2015-06-28,0.00131114203146732
"286",2015-06-29,0.00130942518906507
"287",2015-06-30,-0.0057646116893515
"288",2015-07-01,-0.00185215010468676
"289",2015-07-02,-0.00564743848325933
"290",2015-07-03,-0.0524949290060852
"291",2015-07-04,0.0210652508991265
"292",2015-07-05,0.0206306608520632
"293",2015-07-06,0.020213640098603
"294",2015-07-07,-0.0169942010309277
"295",2015-07-08,0.00745596067185583
"296",2015-07-09,-0.00284645413142481
"297",2015-07-10,0.00122339124051862
"298",2015-07-11,-0.00043445204735526
"299",2015-07-12,-0.000434640877974513
"300",2015-07-13,-0.000434829872812292
"301",2015-07-14,-0.00212071778140288
"302",2015-07-15,-0.00498610429949331
"303",2015-07-16,-0.00254661956789604
"304",2015-07-17,-0.0102948443419536
"305",2015-07-18,-0.00699009736207046
"306",2015-07-19,-0.00703930277382037
"307",2015-07-20,-0.00708920584015538
"308",2015-07-21,-0.00509987250318744
"309",2015-07-22,-0.0101665954720206
"310",2015-07-23,0.00215777662696359
"311",2015-07-24,-0.00869864783395047
"312",2015-07-25,0.00306979438169708
"313",2015-07-26,0.00306039958424753
"314",2015-07-27,0.00305106211501927
"315",2015-07-28,0
"316",2015-07-29,-0.00266873278236912
"317",2015-07-30,-0.00353905912818286
"318",2015-07-31,-0.000259875259875364
"319",2015-08-01,-0.00181959968806855
"320",2015-08-02,-0.00182291666666679
"321",2015-08-03,-0.00182624576050083
"322",2015-08-04,0.00165534065168149
"323",2015-08-05,-0.00139166739149355
"324",2015-08-06,0.00391951920564404
"325",2015-08-07,0.00364393545028641
"326",2015-08-08,0.00288151221761179
"327",2015-08-09,0.0028732329617287
"328",2015-08-10,0.0028650011460003
"329",2015-08-11,0.00162838532739129
"330",2015-08-12,0.0130914691537605
"331",2015-08-13,-0.00667229729729735
"332",2015-08-14,-0.00238074993622983
"333",2015-08-15,0.00159095428847422
"334",2015-08-16,0.00158842717345054
"335",2015-08-17,0.0015859080739713
"336",2015-08-18,-0.00135719738739515
"337",2015-08-19,0.00917353265947507
"338",2015-08-20,0.0211261678309909
"339",2015-08-21,0.00379162545334655
"340",2015-08-22,-0.00216236929983016
"341",2015-08-23,-0.00216705527362515
"342",2015-08-24,-0.00217176160105559
"343",2015-08-25,-0.0125630217373337
"344",2015-08-26,-0.0123043441868251
"345",2015-08-27,-0.00152542372881348
"346",2015-08-28,0.00950602614157203
"347",2015-08-29,-0.000420380023541278
"348",2015-08-30,-0.00042055681722597
"349",2015-08-31,-0.000420733759676883
"350",2015-09-01,0.00370401548951915
"351",2015-09-02,-0.00578713411054255
"352",2015-09-03,-0.00919520836848331
"353",2015-09-04,-0.00255427841634737
"354",2015-09-05,-0.02202304737516
"355",2015-09-06,-0.0225189840272322
"356",2015-09-07,0
"357",2015-09-08,0.0455397803375301
"358",2015-09-09,-0.0163976428388419
"359",2015-09-10,0.00625162802813239
"360",2015-09-11,-0.00517732332384158
"361",2015-09-12,0.00109867869430702
"362",2015-09-13,0.00109747292418771
"363",2015-09-14,0.001096269797767
"364",2015-09-15,-0.00449554767874127
"365",2015-09-16,0.0148501953973077
"366",2015-09-17,-0.00119801471846648
"367",2015-09-18,0.0165352981494173
"368",2015-09-19,-0.00132041016996765
"369",2015-09-20,-0.00132215595814122
"370",2015-09-21,-0.00132390636883462
"371",2015-09-22,-0.00770011846336094
"372",2015-09-23,0.00571331116227514
"373",2015-09-24,0.0180600305239953
"374",2015-09-25,-0.00674606479553608
"375",2015-09-26,-0.00402481972161661
"376",2015-09-27,-0.00404108435763595
"377",2015-09-28,-0.00405748098055791
"378",2015-09-29,-0.00449838737056518
"379",2015-09-30,-0.0123625202489556
"380",2015-10-01,-0.00129488950276246
"381",2015-10-02,0.0191027746564092
"382",2015-10-03,-0.000197907831495647
"383",2015-10-04,-0.000197947006758459
"384",2015-10-05,-0.000197986197533639
"385",2015-10-06,0.00687431044725462
"386",2015-10-07,0.00227579231287911
"387",2015-10-08,-0.00344798587166761
"388",2015-10-09,0.010548523206751
"389",2015-10-10,0.00242171189979135
"390",2015-10-11,0.00241586137953997
"391",2015-10-12,0.00241003905925385
"392",2015-10-13,0.000580334936163274
"393",2015-10-14,0.0102742563592675
"394",2015-10-15,0.00639711309767899
"395",2015-10-16,-0.00391166164126799
"396",2015-10-17,-0.00280891216013535
"397",2015-10-18,-0.00281682437236763
"398",2015-10-19,-0.00282478128513841
"399",2015-10-20,0.00379537953795372
"400",2015-10-21,-0.00920598388952809
"401",2015-10-22,-0.00107848017255696
"402",2015-10-23,-0.00332198322398469
"403",2015-10-24,0.000444407410493453
"404",2015-10-25,0.000444210000277723
"405",2015-10-26,0.000444012765366875
"406",2015-10-27,-0.00158109345094459
"407",2015-10-28,0.00925154192365407
"408",2015-10-29,-0.0227103807085639
"409",2015-10-30,-0.00557715058306585
"410",2015-10-31,-0.00135961930659412
"411",2015-11-01,-0.00136147038801915
"412",2015-11-02,-0.00136332651670068
"413",2015-11-03,-0.0186006825938566
"414",2015-11-04,-0.00643366371065912
"415",2015-11-05,-0.00096254812740626
"416",2015-11-06,-0.0106858193921345
"417",2015-11-07,0.000383650582853834
"418",2015-11-08,0.000383503451530931
"419",2015-11-09,0.000383356433015791
"420",2015-11-10,0.00017686593562094
"421",2015-11-11,-0.00353669319186556
"422",2015-11-12,-0.00363797692990231
"423",2015-11-13,0
"424",2015-11-14,0.000356220500489668
"425",2015-11-15,0.000356093652630785
"426",2015-11-16,0.000355966895078552
"427",2015-11-17,-0.0138777688817721
"428",2015-11-18,0
"429",2015-11-19,0.00784844384303107
"430",2015-11-20,-0.00161117078410311
"431",2015-11-21,-0.00271950271950272
"432",2015-11-22,-0.00272691858200247
"433",2015-11-23,-0.00273437499999996
"434",2015-11-24,0.00623700623700629
"435",2015-11-25,-0.00287459575997129
"436",2015-11-26,-0.0353153153153154
"437",2015-11-27,0.0240007471049684
"438",2015-11-28,0.00285757713938306
"439",2015-11-29,0.00284943466003806
"440",2015-11-30,0.00284133845177292
"441",2015-12-01,-0.00171805769056887
"442",2015-12-02,-0.00869565217391299
"443",2015-12-03,0.0074926900584793
"444",2015-12-04,0.0204970070741883
"445",2015-12-05,-0.00263656831378123
"446",2015-12-06,-0.00264353818279028
"447",2015-12-07,-0.00265054499970219
"448",2015-12-08,8.95816536774507e-05
"449",2015-12-09,0.000806162665710985
"450",2015-12-10,-0.00411706793162081
"451",2015-12-11,0.00314550193223684
"452",2015-12-12,-0.00370304007644995
"453",2015-12-13,-0.00371680354894777
"454",2015-12-14,-0.00373066971538605
"455",2015-12-15,-0.0014495379597752
"456",2015-12-16,0.0140627835238614
"457",2015-12-17,-0.0243356893620829
"458",2015-12-18,0.0139385602934434
"459",2015-12-19,0.0051852521781075
"460",2015-12-20,0.00515850403383022
"461",2015-12-21,0.00513203043413402
"462",2015-12-22,-0.00578858313295927
"463",2015-12-23,-0.00519527051236135
"464",2015-12-24,0.00693318926706299
"465",2015-12-25,-0.00174371814361085
"466",2015-12-26,-0.00174676400770346
"467",2015-12-27,-0.00174982053122763
"468",2015-12-28,-0.00175288777023686
"469",2015-12-29,0.00045024763619983
"470",2015-12-30,-0.007020702070207
"471",2015-12-31,0.000181290790427946
"472",2016-01-01,0.00333061446438276
"473",2016-01-02,0.00331955829550834
"474",2016-01-03,0.00330857528696815
"475",2016-01-04,0.0032976647149876
"476",2016-01-05,0.00259368571684115
"477",2016-01-06,0.0120428189116859
"478",2016-01-07,0.00951961216394892
"479",2016-01-08,-0.00908059023836538
"480",2016-01-09,-0.000939877228536945
"481",2016-01-10,-0.000940761428781522
"482",2016-01-11,-0.000941647294235293
"483",2016-01-12,-0.0100733409914289
"484",2016-01-13,0.000267785414621136
"485",2016-01-14,-0.012671782973407
"486",2016-01-15,0.0137382501807664
"487",2016-01-16,-0.0139532810271042
"488",2016-01-17,-0.0141507301415071
"489",2016-01-18,-0.00165092176465187
"490",2016-01-19,0.0288470372071659
"491",2016-01-20,0.0141976962228769
"492",2016-01-21,-0.00713153724247217
"493",2016-01-22,-0.000886760663296959
"494",2016-01-23,0.00289932250525138
"495",2016-01-24,0.00289094073571494
"496",2016-01-25,0.00288260728887835
"497",2016-01-26,0.0131104267487903
"498",2016-01-27,-0.00295292687163462
"499",2016-01-28,-0.000174216027874596
"500",2016-01-29,-0.00139397107510009
"501",2016-01-30,0.00337346594544274
"502",2016-01-31,0.00336212393484447
"503",2016-02-01,0.0033508579351782
"504",2016-02-02,-0.00120918984280516
"505",2016-02-03,0.0114147353856795
"506",2016-02-04,0.0123119015047881
"507",2016-02-05,0.000253378378378244
"508",2016-02-06,0.0113147006670609
"509",2016-02-07,0.0111881105452116
"510",2016-02-08,0.0110643216910247
"511",2016-02-09,-0.000898325847284553
"512",2016-02-10,-0.0033513160045775
"513",2016-02-11,0.0405970638891167
"514",2016-02-12,-0.00859079445145006
"515",2016-02-13,-0.00965895540186035
"516",2016-02-14,-0.00975316074653831
"517",2016-02-15,-0.020671206225681
"518",2016-02-16,0.0163065971359988
"519",2016-02-17,0.00496823586903417
"520",2016-02-18,0.012399708242159
"521",2016-02-19,0.00392251040666025
"522",2016-02-20,-0.00550195359221739
"523",2016-02-21,-0.00553239255933302
"524",2016-02-22,-0.00556317020075781
"525",2016-02-23,0.0119182746878546
"526",2016-02-24,0.0125791202627994
"527",2016-02-25,-7.91264440574979e-05
"528",2016-02-26,-0.014402152409591
"529",2016-02-27,0.00388063695972152
"530",2016-02-28,0.00386563583044541
"531",2016-02-29,0.0038507502323728
"532",2016-03-01,-0.00166666666666659
"533",2016-03-02,0.00938071388822648
"534",2016-03-03,0.0139403008584706
"535",2016-03-04,0.0115737144632593
"536",2016-03-05,-0.00135657426604208
"537",2016-03-06,-0.00135841705966777
"538",2016-03-07,-0.0013602648666684
"539",2016-03-08,-0.00100231303006937
"540",2016-03-09,-0.00432198811453277
"541",2016-03-10,0.0129447329664367
"542",2016-03-11,-0.00880012243648609
"543",2016-03-12,-0.00365423711366741
"544",2016-03-13,-0.00366763953818738
"545",2016-03-14,-0.00368114063512637
"546",2016-03-15,-0.0110842244945748
"547",2016-03-16,0.000552529797142487
"548",2016-03-17,0.0261912275165668
"549",2016-03-18,-0.00930196801968008
"550",2016-03-19,-0.00240552494762158
"551",2016-03-20,-0.0024113254511513
"552",2016-03-21,-0.00241715399610132
"553",2016-03-22,0.00476785993434414
"554",2016-03-23,-0.0192921042395955
"555",2016-03-24,-0.0012691361941779
"556",2016-03-25,-0.0336748471130172
"557",2016-03-26,0.011150379441659
"558",2016-03-27,0.0110274195296414
"559",2016-03-28,0.0109071419000402
"560",2016-03-29,0.0124065532050261
"561",2016-03-30,-0.00738413197172039
"562",2016-03-31,0.00316555872111435
"563",2016-04-01,-0.0094667087409277
"564",2016-04-02,-0.00111500477859183
"565",2016-04-03,-0.00111624940200927
"566",2016-04-04,-0.0011174968071519
"567",2016-04-05,0.00783122902349365
"568",2016-04-06,-0.0045195052331114
"569",2016-04-07,0.010752688172043
"570",2016-04-08,0.00394011032308894
"571",2016-04-09,0.00395081109366813
"572",2016-04-10,0.0039352636105392
"573",2016-04-11,0.00391983801464102
"574",2016-04-12,0.0031029400356839
"575",2016-04-13,-0.00966669244451324
"576",2016-04-14,-0.0170232703420271
"577",2016-04-15,0.00603749602796322
"578",2016-04-16,0.000157927984838935
"579",2016-04-17,0.000157903047528718
"580",2016-04-18,0.000157878118092869
"581",2016-04-19,0.0161799526440412
"582",2016-04-20,0.00116504854368937
"583",2016-04-21,-0.00217222653219551
"584",2016-04-22,-0.0160939200746385
"585",2016-04-23,0.00271302515474781
"586",2016-04-24,0.00270568456446352
"587",2016-04-25,0.00269838358963614
"588",2016-04-26,0.00258661232168045
"589",2016-04-27,0.0057853178015792
"590",2016-04-28,0.0129032258064516
"591",2016-04-29,0.0188780600107437
"592",2016-04-30,0.00148125831638679
"593",2016-05-01,0.00147906743544723
"594",2016-05-02,0.00147688302585802
"595",2016-05-03,-0.00337432513497304
"596",2016-05-04,-0.0139191934391694
"597",2016-05-05,-0.00267053258049743
"598",2016-05-06,0.017060668655803
"599",2016-05-07,-0.00682011935208859
"600",2016-05-08,-0.00686695278969973
"601",2016-05-09,-0.00691443388072599
"602",2016-05-10,-0.00122868990938418
"603",2016-05-11,0.0086882977087499
"604",2016-05-12,-0.00373504078054732
"605",2016-05-13,0.00137719969395556
"606",2016-05-14,0.000585778321108288
"607",2016-05-15,0.000585435385751065
"608",2016-05-16,0.000585092851691726
"609",2016-05-17,0.00236442681717652
"610",2016-05-18,-0.000456551514229298
"611",2016-05-19,-0.0140073081607794
"612",2016-05-20,0
"613",2016-05-21,-0.000257360510603211
"614",2016-05-22,-0.000257426762086288
"615",2016-05-23,-0.000257493047687629
"616",2016-05-24,-0.0171534538711173
"617",2016-05-25,-0.00416666666666665
"618",2016-05-26,-0.00299992105470903
"619",2016-05-27,-0.00475096998970626
"620",2016-05-28,-0.0118678229506458
"621",2016-05-29,-0.0120103597740172
"622",2016-05-30,-0.0121563620558515
"623",2016-05-31,0.0383203398919274
"624",2016-06-01,-0.00166852057842037
"625",2016-06-02,-0.00183048149621967
"626",2016-06-03,0.0236804337426249
"627",2016-06-04,0.00124620297530953
"628",2016-06-05,0.00124465188642553
"629",2016-06-06,0.00124310465387301
"630",2016-06-07,-0.000465585473733321
"631",2016-06-08,0.0118003260616413
"632",2016-06-09,0.00797974372746113
"633",2016-06-10,0.00251198903859318
"634",2016-06-11,0.00280941533788925
"635",2016-06-12,0.00280154463542037
"636",2016-06-13,0.00279371790999705
"637",2016-06-14,-0.00188238837436938
"638",2016-06-15,0.00030175015087508
"639",2016-06-16,0.0079939668174962
"640",2016-06-17,-0.00202005087535528
"641",2016-06-18,-2.49893795136735e-05
"642",2016-06-19,-2.49900039985818e-05
"643",2016-06-20,-2.49906285142432e-05
"644",2016-06-21,-0.0146948568001198
"645",2016-06-22,-0.00190229797595498
"646",2016-06-23,-0.00388808416558672
"647",2016-06-24,0.0452318995867138
"648",2016-06-25,0.000488150154987821
"649",2016-06-26,0.000487911980678657
"650",2016-06-27,0.000487674038672559
"651",2016-06-28,-0.00482561965343287
"652",2016-06-29,0.00675923885092944
"653",2016-06-30,-0.0046705101072757
"654",2016-07-01,0.01415059755114
"655",2016-07-02,-0.0136278195488723
"656",2016-07-03,-0.0138161029061458
"657",2016-07-04,0.00483091787439616
"658",2016-07-05,0.0379437869822485
"659",2016-07-06,0.00598589040119735
"660",2016-07-07,-0.00439186796061486
"661",2016-07-08,-0.00213447171824976
"662",2016-07-09,-0.000166369578134318
"663",2016-07-10,-0.000166397261576523
"664",2016-07-11,-0.000166424954233135
"665",2016-07-12,-0.0146953916393208
"666",2016-07-13,0.0060092673037937
"667",2016-07-14,-0.00813242173443685
"668",2016-07-15,-0.00304745319982591
"669",2016-07-16,0.000460941290635786
"670",2016-07-17,0.000460728921651832
"671",2016-07-18,0.00046051674826697
"672",2016-07-19,0.00247110981902754
"673",2016-07-20,-0.00913506851301382
"674",2016-07-21,0.00914611838735646
"675",2016-07-22,-0.00485788863109049
"676",2016-07-23,-0.00102003642987258
"677",2016-07-24,-0.00102107796659612
"678",2016-07-25,-0.00102212163247428
"679",2016-07-26,0.000950084045896249
"680",2016-07-27,0.00620619158878499
"681",2016-07-28,0.00493432987446507
"682",2016-07-29,0.0122030471514187
"683",2016-07-30,0.000118894754363552
"684",2016-07-31,0.000118880620081141
"685",2016-08-01,0.000118866489159375
"686",2016-08-02,0.0094131070384369
"687",2016-08-03,-0.00388555280819503
"688",2016-08-04,0.00283687943262412
"689",2016-08-05,-0.0141442715700142
"690",2016-08-06,-0.000621712099473815
"691",2016-08-07,-0.00062209886586595
"692",2016-08-08,-0.000622486113771248
"693",2016-08-09,0.00380911312347276
"694",2016-08-10,0.00357986682895395
"695",2016-08-11,-0.00114147107084261
"696",2016-08-12,-0.00514248982215548
"697",2016-08-13,0.000909373728671614
"698",2016-08-14,0.000908547519426151
"699",2016-08-15,0.000907722810118639
"700",2016-08-16,0.00601417627264267
"701",2016-08-17,-0.0059782221905913
"702",2016-08-18,0.00608577360922169
"703",2016-08-19,-0.00789923142613158
"704",2016-08-20,-0.000669488080721203
"705",2016-08-21,-0.000669936595286358
"706",2016-08-22,-0.000670385711207477
"707",2016-08-23,0.00186875583986201
"708",2016-08-24,-0.0124829614749983
"709",2016-08-25,-0.00464947330185261
"710",2016-08-26,-0.000583898985475506
"711",2016-08-27,0.000292120061345269
"712",2016-08-28,0.000292034752135351
"713",2016-08-29,0.000291949492737809
"714",2016-08-30,-0.00722364100693185
"715",2016-08-31,-0.00485080111715408
"716",2016-09-01,0.00369276218611514
"717",2016-09-02,0.00934510669610011
"718",2016-09-03,-0.0165670336079319
"719",2016-09-04,-0.0168461239088937
"720",2016-09-05,0.00365692742695556
"721",2016-09-06,0.0498835549545489
"722",2016-09-07,-0.0028622540250447
"723",2016-09-08,-0.00495156081808401
"724",2016-09-09,-0.00512043848261934
"725",2016-09-10,-0.00210221094599494
"726",2016-09-11,-0.0021066395467092
"727",2016-09-12,-0.00211108684574512
"728",2016-09-13,-0.00262620367668509
"729",2016-09-14,0.00182855471035692
"730",2016-09-15,-0.00613272979484569
"731",2016-09-16,-0.00572981708660836
"732",2016-09-17,0.0017978081517056
"733",2016-09-18,0.00179458183784842
"734",2016-09-19,0.0017913670830163
"735",2016-09-20,0.000367430922986411
"736",2016-09-21,0.00999045030485579
"737",2016-09-22,0.00858244235944428
"738",2016-09-23,-0.00216340953342464
"739",2016-09-24,0.000698610006986122
"740",2016-09-25,0.000698122291766801
"741",2016-09-26,0.000697635257042473
"742",2016-09-27,-0.010024520409635
"743",2016-09-28,-0.00517228819115623
"744",2016-09-29,0.00175746924428832
"745",2016-09-30,-0.00635964912280707
"746",2016-10-01,-0.00110350915912605
"747",2016-10-02,-0.0011047282368537
"748",2016-10-03,-0.00110595001105951
"749",2016-10-04,-0.0323294951284322
"750",2016-10-05,-0.000610221205186834
"751",2016-10-06,-0.0120592275988398
"752",2016-10-07,-0.000772558714462246
"753",2016-10-08,0.00242255553837412
"754",2016-10-09,0.00241670094611268
"755",2016-10-10,0.00241087458322631
"756",2016-10-11,-0.00337734111145216
"757",2016-10-12,-0.00138632162661756
"758",2016-10-13,0.00354774024371451
"759",2016-10-14,-0.0014601905932986
"760",2016-10-15,0.000359167756997403
"761",2016-10-16,0.000359038801836187
"762",2016-10-17,0.000358909939241592
"763",2016-10-18,0.00522795417851918
"764",2016-10-19,0.00520076481835563
"765",2016-10-20,-0.00129346420147614
"766",2016-10-21,-0.000380923358220375
"767",2016-10-22,-0.00147346492899425
"768",2016-10-23,-0.00147563923164984
"769",2016-10-24,-0.00147781996076135
"770",2016-10-25,0.00872693868177299
"771",2016-10-26,-0.005312286559915
"772",2016-10-27,0.00373846036469061
"773",2016-10-28,0.00539677713590758
"774",2016-10-29,-0.000856833245129973
"775",2016-10-30,-0.000857568037934686
"776",2016-10-31,-0.000858304092091089
"777",2016-11-01,0.0114454635033732
"778",2016-11-02,0.014988009592326
"779",2016-11-03,-0.00310100413467218
"780",2016-11-04,0.00140719893349117
"781",2016-11-05,-0.00623721125163335
"782",2016-11-06,-0.00627635822376571
"783",2016-11-07,-0.00631599970042696
"784",2016-11-08,-0.00316551100391926
"785",2016-11-09,-0.000378043248147608
"786",2016-11-10,-0.00688298918387409
"787",2016-11-11,-0.0334348819497335
"788",2016-11-12,0.000682898642082375
"789",2016-11-13,0.000682432609779626
"790",2016-11-14,0.000681967213114865
"791",2016-11-15,0.00314539592671226
"792",2016-11-16,-0.000470330014893938
"793",2016-11-17,-0.0050976394008313
"794",2016-11-18,-0.00583320195491077
"795",2016-11-19,0.000105719420657513
"796",2016-11-20,0.000105708245243141
"797",2016-11-21,0.000105697072191102
"798",2016-11-22,0.000951173113506787
"799",2016-11-23,-0.0167089008552422
"800",2016-11-24,-0.0452202625432875
"801",2016-11-25,0.0377461937497363
"802",2016-11-26,0.00354926982578774
"803",2016-11-27,0.00353671706263481
"804",2016-11-28,0.00352425277770307
"805",2016-11-29,-0.00249316390542076
"806",2016-11-30,-0.0137869870192695
"807",2016-12-01,-0.00384238064094178
"808",2016-12-02,0.00713992613869507
"809",2016-12-03,-0.000190134724033064
"810",2016-12-04,-0.000190170882121254
"811",2016-12-05,-0.000190207053964442
"812",2016-12-06,-0.00546269873624139
"813",2016-12-07,0.00950975569765555
"814",2016-12-08,-0.00341075198960539
"815",2016-12-09,-0.00847457627118653
"816",2016-12-10,0.00117795310103008
"817",2016-12-11,0.00117656716009518
"818",2016-12-12,0.00117518447663301
"819",2016-12-13,-0.00548685611334032
"820",2016-12-14,0.00387022397891945
"821",2016-12-15,-0.0232138462800426
"822",2016-12-16,0.00655021834061142
"823",2016-12-17,0.00139051115189948
"824",2016-12-18,0.00138858031548539
"825",2016-12-19,0.00138665483387879
"826",2016-12-20,-0.00739448321701552
"827",2016-12-21,-0.000418515108395412
"828",2016-12-22,-0.00226092781778597
"829",2016-12-23,0.00251783466219058
"830",2016-12-24,-0.0249058183340309
"831",2016-12-25,-0.0255419617943765
"832",2016-12-26,-0.000396475770925164
"833",2016-12-27,0.057335507469922
"834",2016-12-28,0.00175058352784263
"835",2016-12-29,0.014313056503287
"836",2016-12-30,-0.00549675937320537
"837",2016-12-31,-0.0168151570147941
"838",2017-01-01,-0.0171027423121564
"839",2017-01-02,-0.0174003357709929
"840",2017-01-03,0.0619868815429392
"841",2017-01-04,0.00196335078534027
"842",2017-01-05,0.0122468974526453
"843",2017-01-06,-0.00516212292305196
"844",2017-01-07,0.00321604237608786
"845",2017-01-08,0.00320573260418611
"846",2017-01-09,0.00319548872180464
"847",2017-01-10,0.000722717417489749
"848",2017-01-11,0.00922805328197729
"849",2017-01-12,0.00262383716307535
"850",2017-01-13,-0.00158604282315622
"851",2017-01-14,-0.0221008737092931
"852",2017-01-15,-0.0226003614433367
"853",2017-01-16,-0.000415506710433333
"854",2017-01-17,0.060065677349628
"855",2017-01-18,-0.0013332287663711
"856",2017-01-19,-0.00801005182974712
"857",2017-01-20,0.00292906903103241
"858",2017-01-21,0.00255216144394455
"859",2017-01-22,0.00254566449716553
"860",2017-01-23,0.00253920054448842
"861",2017-01-24,-0.00375998746670836
"862",2017-01-25,-0.0102217329768831
"863",2017-01-26,-0.00651414045122345
"864",2017-01-27,-0.000959539421077737
"865",2017-01-28,0.00125393522224004
"866",2017-01-29,0.00125236483785862
"867",2017-01-30,0.00125079838194586
"868",2017-01-31,0.0122797225101667
"869",2017-02-01,-0.00181173690429304
"870",2017-02-02,0.00875946969696972
"871",2017-02-03,0.00125166236407748
"872",2017-02-04,0.00289085084772256
"873",2017-02-05,0.00288251791835448
"874",2017-02-06,0.00287423289054622
"875",2017-02-07,0.00240123934934156
"876",2017-02-08,0.00146820183911611
"877",2017-02-09,-0.00223765432098777
"878",2017-02-10,-0.000696001856004824
"879",2017-02-11,-0.00247639684259404
"880",2017-02-12,-0.0024825446082235
"881",2017-02-13,-0.00248872297402403
"882",2017-02-14,0
"883",2017-02-15,0.00725089661624834
"884",2017-02-16,0.00657945661428894
"885",2017-02-17,-0.0025376807136267
"886",2017-02-18,-0.023051422403824
"887",2017-02-19,-0.0235953282828282
"888",2017-02-20,0.000727390285298668
"889",2017-02-21,0.0474075270554031
"890",2017-02-22,-0.00454930989282143
"891",2017-02-23,0.0142525174283501
"892",2017-02-24,0.00511684741102791
"893",2017-02-25,0.000177291492541087
"894",2017-02-26,0.000177260065839402
"895",2017-02-27,0.00017722865027725
"896",2017-02-28,-0.00364520048602668
"897",2017-03-01,-0.0024390243902439
"898",2017-03-02,-0.0131418092909535
"899",2017-03-03,-0.00394859089501387
"900",2017-03-04,-0.000388651379712446
"901",2017-03-05,-0.000388802488335949
"902",2017-03-06,-0.000388953714507978
"903",2017-03-07,-0.00747081712062247
"904",2017-03-08,-0.00454759291202778
"905",2017-03-09,-0.00488342785129159
"906",2017-03-10,-0.0013455754313757
"907",2017-03-11,0.000686903912710202
"908",2017-03-12,0.000686432399609416
"909",2017-03-13,0.000685961533387847
"910",2017-03-14,-0.000237285454401603
"911",2017-03-15,-0.00158227848101267
"912",2017-03-16,0.0209191759112521
"913",2017-03-17,0.00225085377212042
"914",2017-03-18,0.000929296058235884
"915",2017-03-19,0.00092843326885883
"916",2017-03-20,0.000927572080080319
"917",2017-03-21,0.00911267279326577
"918",2017-03-22,0.00191321649957898
"919",2017-03-23,-0.00229147571035748
"920",2017-03-24,0.00145460113305762
"921",2017-03-25,0.00178375761282257
"922",2017-03-26,0.00178058148703997
"923",2017-03-27,0.00177741665185471
"924",2017-03-28,7.60398448789168e-05
"925",2017-03-29,-0.00152068126520677
"926",2017-03-30,-0.00670118793786167
"927",2017-03-31,0.00237657160380245
"928",2017-04-01,0.000739324410452546
"929",2017-04-02,0.000738778213685176
"930",2017-04-03,0.00073823282335872
"931",2017-04-04,0.00312881562881562
"932",2017-04-05,-0.00753138075313819
"933",2017-04-06,0.00375594051816663
"934",2017-04-07,0.00336006109201992
"935",2017-04-08,-0.000887941751021137
"936",2017-04-09,-0.000888730892285694
"937",2017-04-10,-0.000889521437466678
"938",2017-04-11,0.0153388278388278
"939",2017-04-12,0.00293122886133035
"940",2017-04-13,0.00704436450839308
"941",2017-04-14,-0.0402961750260454
"942",2017-04-15,0.0147972964240943
"943",2017-04-16,0.0145815292139984
"944",2017-04-17,0.0143719640010542
"945",2017-04-18,0.000816690177444457
"946",2017-04-19,-0.00771513353115738
"947",2017-04-20,0.000897129186602896
"948",2017-04-21,0.00395876904690762
"949",2017-04-22,-0.00277757111326038
"950",2017-04-23,-0.00278530750292194
"951",2017-04-24,-0.00279308710940429
"952",2017-04-25,-0.00735238952659623
"953",2017-04-26,-0.00226740231275036
"954",2017-04-27,0.00128778122869488
"955",2017-04-28,0.00181570585565138
"956",2017-04-29,-0.00314655389417517
"957",2017-04-30,-0.00315648594732443
"958",2017-05-01,-0.00316648089978722
"959",2017-05-02,0.00114355416634893
"960",2017-05-03,-0.00647273834907092
"961",2017-05-04,-0.01548248639534
"962",2017-05-05,-0.00124562086414937
"963",2017-05-06,7.79483981603324e-05
"964",2017-05-07,7.79423226813236e-05
"965",2017-05-08,7.7936248148891e-05
"966",2017-05-09,-0.00857231920199497
"967",2017-05-10,0.00196509982707127
"968",2017-05-11,0.00415784106064176
"969",2017-05-12,0.00218750000000001
"970",2017-05-13,0.000597650971832397
"971",2017-05-14,0.000597293998493731
"972",2017-05-15,0.000596937451336599
"973",2017-05-16,0.00498015718621136
"974",2017-05-17,0.0168795973674023
"975",2017-05-18,-0.00533008451991168
"976",2017-05-19,0.000535864655898388
"977",2017-05-20,0.00206579954093344
"978",2017-05-21,0.00206154081087262
"979",2017-05-22,0.00205729960377932
"980",2017-05-23,-0.00448635084784421
"981",2017-05-24,-0.00183318056828607
"982",2017-05-25,0.00275482093663926
"983",2017-05-26,0.00877594627594624
"984",2017-05-27,-0.0203041077237311
"985",2017-05-28,-0.0207249084984479
"986",2017-05-29,-0.00120641529072241
"987",2017-05-30,0.0390861220977508
"988",2017-05-31,0.00714177176720843
"989",2017-06-01,-0.0039981894990947
"990",2017-06-02,0.00749829584185413
"991",2017-06-03,0.000626472209692697
"992",2017-06-04,0.000626079987979367
"993",2017-06-05,0.000625688257082757
"994",2017-06-06,0.0108051324379079
"995",2017-06-07,-0.00326627570336269
"996",2017-06-08,-0.0102033216653012
"997",2017-06-09,-0.00601956358164035
"998",2017-06-10,-0.000605601816805468
"999",2017-06-11,-0.000605968792607325
"1000",2017-06-12,-0.000606336213430314
"1001",2017-06-13,-0.00022751403003185
"1002",2017-06-14,0.00530986877038608
"1003",2017-06-15,-0.0161472874066249
"1004",2017-06-16,0.00145716696065645
"1005",2017-06-17,-0.00247613212845255
"1006",2017-06-18,-0.00248227857819183
"1007",2017-06-19,-0.00248845561826583
"1008",2017-06-20,-0.00277756345960956
"1009",2017-06-21,0.0016247582205029
"1010",2017-06-22,0.00270353777228483
"1011",2017-06-23,0.00562360372852644
"1012",2017-06-24,-0.0025534957356621
"1013",2017-06-25,-0.00256003276841954
"1014",2017-06-26,-0.00256660335711711
"1015",2017-06-27,0.000540373629766666
"1016",2017-06-28,0.00185170897307319
"1017",2017-06-29,-0.00238737004235645
"1018",2017-06-30,-0.00285626061448208
"1019",2017-07-01,-0.00596113648680041
"1020",2017-07-02,-0.00599688473520255
"1021",2017-07-03,-0.00603306432656903
"1022",2017-07-04,-0.0323585054390667
"1023",2017-07-05,0.0358844853570119
"1024",2017-07-06,0.00220195029883619
"1025",2017-07-07,-0.0112209667294414
"1026",2017-07-08,0.000952305372589501
"1027",2017-07-09,0.000951399349877091
"1028",2017-07-10,0.000950495049504951
"1029",2017-07-11,0.00134525599430257
"1030",2017-07-12,0.00276592381855534
"1031",2017-07-13,-0.0021278272519506
"1032",2017-07-14,0.00813457589638289
"1033",2017-07-15,0.0017234625930278
"1034",2017-07-16,0.00172049738015168
"1035",2017-07-17,0.00171754235303312
"1036",2017-07-18,0.00631283610007016
"1037",2017-07-19,0.00015489467162344
"1038",2017-07-20,0.00263280161065493
"1039",2017-07-21,0.00679641643497053
"1040",2017-07-22,-0.000127851079063213
"1041",2017-07-23,-0.000127867427051509
"1042",2017-07-24,-0.00012788377922146
"1043",2017-07-25,-0.00168828178957858
"1044",2017-07-26,-0.00153739718656309
"1045",2017-07-27,0.00869966895065044
"1046",2017-07-28,0.00679285605251101
"1047",2017-07-29,-0.000480125337982917
"1048",2017-07-30,-0.000480355969055046
"1049",2017-07-31,-0.000480586821803408
"1050",2017-08-01,0.00440327968417842
"1051",2017-08-02,-0.000604686318972036
"1052",2017-08-03,-0.00294962940553634
"1053",2017-08-04,-0.0075096715466888
"1054",2017-08-05,7.64292265360567e-05
"1055",2017-08-06,7.64233855561347e-05
"1056",2017-08-07,7.6417545468388e-05
"1057",2017-08-08,-0.0012225873003745
"1058",2017-08-09,0.0126998699410912
"1059",2017-08-10,0.00815894840220599
"1060",2017-08-11,0.00269763956538016
"1061",2017-08-12,-0.000822061131454999
"1062",2017-08-13,-0.000822737471952273
"1063",2017-08-14,-0.000823414926266919
"1064",2017-08-15,-0.00794126460893008
"1065",2017-08-16,0.00249207068418666
"1066",2017-08-17,0.00700564971751416
"1067",2017-08-18,-0.000822860562537331
"1068",2017-08-19,0.00132265229218143
"1069",2017-08-20,0.00132090519389894
"1070",2017-08-21,0.00131916270503019
"1071",2017-08-22,-0.00410141685309473
"1072",2017-08-23,0.00247098464994377
"1073",2017-08-24,-0.0020914251568569
"1074",2017-08-25,0.00441616766467079
"1075",2017-08-26,0.00442159127605146
"1076",2017-08-27,0.00440212687028563
"1077",2017-08-28,0.00438283308300313
"1078",2017-08-29,0.00227991468706334
"1079",2017-08-30,-0.00352216025829177
"1080",2017-08-31,0.0055964653902798
"1081",2017-09-01,0.00629759812536634
"1082",2017-09-02,-0.0119997089215543
"1083",2017-09-03,-0.0121454507958253
"1084",2017-09-04,-0.00234115208541485
"1085",2017-09-05,0.0375313882578023
"1086",2017-09-06,-0.00381761867031616
"1087",2017-09-07,0.00874909616775121
"1088",2017-09-08,0.000931832843523939
"1089",2017-09-09,-0.00362837773321867
"1090",2017-09-10,-0.00364159080019177
"1091",2017-09-11,-0.00365490045205341
"1092",2017-09-12,-0.00166521865044889
"1093",2017-09-13,-0.00369860033359937
"1094",2017-09-14,0.00181976998107447
"1095",2017-09-15,-0.00297900167114717
"1096",2017-09-16,-0.00359519992226598
"1097",2017-09-17,-0.003608172022039
"1098",2017-09-18,-0.00362123807193548
"1099",2017-09-19,0.000663032267570252
"1100",2017-09-20,0.0041964219980859
"1101",2017-09-21,-0.0158357771260996
"1102",2017-09-22,0.00201132300357565
"1103",2017-09-23,0.00349416400267644
"1104",2017-09-24,0.0034819973329383
"1105",2017-09-25,0.00346991509782213
"1106",2017-09-26,-0.00698940553266625
"1107",2017-09-27,-0.00992813217752098
"1108",2017-09-28,0.000449000972835512
"1109",2017-09-29,-0.00276759667888404
"1110",2017-09-30,-0.00212521252125208
"1111",2017-10-01,-0.00212973866853761
"1112",2017-10-02,-0.00213428413599148
"1113",2017-10-03,-0.00098135426889101
"1114",2017-10-04,0.00166238476651026
"1115",2017-10-05,-0.0022631261315631
"1116",2017-10-06,0.00128534704370176
"1117",2017-10-07,0.00261773515567976
"1118",2017-10-08,0.00261090050962776
"1119",2017-10-09,0.00260410145979928
"1120",2017-10-10,0.00674308833445725
"1121",2017-10-11,-0.00364664731710951
"1122",2017-10-12,0.00582611293695834
"1123",2017-10-13,0.00601514926481528
"1124",2017-10-14,-0.000196845550060276
"1125",2017-10-15,-0.000196884305859735
"1126",2017-10-16,-0.000196923076923095
"1127",2017-10-17,-0.0127040401802201
"1128",2017-10-18,-0.00239395526296104
"1129",2017-10-19,0.00494938132733402
"1130",2017-10-20,-0.00723826580105946
"1131",2017-10-21,0.00017538584886756
"1132",2017-10-22,0.000175355094065299
"1133",2017-10-23,0.000175324350047523
"1134",2017-10-24,-0.00202839756592277
"1135",2017-10-25,0.000978620897320148
"1136",2017-10-26,-0.00706926374370165
"1137",2017-10-27,0.00128758615466196
"1138",2017-10-28,0.00146243066061524
"1139",2017-10-29,0.0014602950803162
"1140",2017-10-30,0.00145816572807722
"1141",2017-10-31,-0.00542250338906469
"1142",2017-11-01,0.00522489777373925
"1143",2017-11-02,0.00060263653483994
"1144",2017-11-03,-0.00639915681698411
"1145",2017-11-04,0.00318230034853761
"1146",2017-11-05,0.00317220543806651
"1147",2017-11-06,0.00316217437132971
"1148",2017-11-07,-0.00442809966976887
"1149",2017-11-08,0.00633245382585756
"1150",2017-11-09,0.00337103902914082
"1151",2017-11-10,-0.00918321636553698
"1152",2017-11-11,0.00135634089367787
"1153",2017-11-12,0.00135450372488544
"1154",2017-11-13,0.00135267152626439
"1155",2017-11-14,0.00285178236397754
"1156",2017-11-15,-0.0041158422509916
"1157",2017-11-16,0.000525999398857779
"1158",2017-11-17,0.0139692076605331
"1159",2017-11-18,-0.00511073253833039
"1160",2017-11-19,-0.00513698630136994
"1161",2017-11-20,-0.00516351118760749
"1162",2017-11-21,0.00534075522792232
"1163",2017-11-22,0.00793116348671896
"1164",2017-11-23,-0.0411550738623709
"1165",2017-11-24,0.0392053636405865
"1166",2017-11-25,0.00176314286423818
"1167",2017-11-26,0.00176003966286564
"1168",2017-11-27,0.00175694736581633
"1169",2017-11-28,0.000222321031569495
"1170",2017-11-29,-0.00933540786841536
"1171",2017-11-30,-0.00680577368932755
"1172",2017-12-01,0.00414156626506035
"1173",2017-12-02,-0.00119985001874756
"1174",2017-12-03,-0.00120129138824243
"1175",2017-12-04,-0.00120273622491163
"1176",2017-12-05,-0.00970873786407778
"1177",2017-12-06,0.00083599331205364
"1178",2017-12-07,-0.0100235401321285
"1179",2017-12-08,-0.00375853340492449
"1180",2017-12-09,-0.000333641309927191
"1181",2017-12-10,-0.000333752663602915
"1182",2017-12-11,-0.000333864091632941
"1183",2017-12-12,-0.00377649325626206
"1184",2017-12-13,0.00526071483831059
"1185",2017-12-14,0.00654148068339233
"1186",2017-12-15,0.00015291688967034
"1187",2017-12-16,0.00208954463216382
"1188",2017-12-17,0.00208518753973297
"1189",2017-12-18,0.00208084858020152
"1190",2017-12-19,-0.000607764187495197
"1191",2017-12-20,0.00425693652603565
"1192",2017-12-21,0.000681250473090644
"1193",2017-12-22,0.00642965204236012
"1194",2017-12-23,-0.013178003256921
"1195",2017-12-24,-0.0133539820762142
"1196",2017-12-25,-0.0135347245451972
"1197",2017-12-26,0.0479693246732922
"1198",2017-12-27,0.00283751493428919
"1199",2017-12-28,0.00528667163067742
"1200",2017-12-29,0.00925857343900449
"1201",2017-12-30,-0.0131855765937668
"1202",2017-12-31,-0.0133617590916977
"1203",2018-01-01,-0.0135427135678392
"1204",2018-01-02,0.0472224344769618
"1205",2018-01-03,0.00269974461875222
"1206",2018-01-04,0.00232862756512886
"1207",2018-01-05,0.000726005517641903
"1208",2018-01-06,-0.000386922035209847
"1209",2018-01-07,-0.000387071801819405
"1210",2018-01-08,-0.000387221684414296
"1211",2018-01-09,-0.00493898895990696
"1212",2018-01-10,0.00510948905109498
"1213",2018-01-11,0.0022512708787219
"1214",2018-01-12,0.0103615680023188
"1215",2018-01-13,-0.0204388984509466
"1216",2018-01-14,-0.0208653634965956
"1217",2018-01-15,0.00328996560490502
"1218",2018-01-16,0.0409897153077956
"1219",2018-01-17,0.00207617411225658
"1220",2018-01-18,-0.00878759734228762
"1221",2018-01-19,0.00497333141127276
"1222",2018-01-20,-7.1720576633405e-05
"1223",2018-01-21,-7.1725720843574e-05
"1224",2018-01-22,-7.17308657914861e-05
"1225",2018-01-23,0.00301291248206592
"1226",2018-01-24,0.0149477900157344
"1227",2018-01-25,0.00479176943132975
"1228",2018-01-26,-0.00694298337891863
"1229",2018-01-27,-0.00291902071563099
"1230",2018-01-28,-0.00292756634243074
"1231",2018-01-29,-0.00293616215192283
"1232",2018-01-30,-0.00363351382160149
"1233",2018-01-31,0.00228816589202729
"1234",2018-02-01,0.00356709709638303
"1235",2018-02-02,-0.00746427809767536
"1236",2018-02-03,-0.000405863534355122
"1237",2018-02-04,-0.000406028326446872
"1238",2018-02-05,-0.000406193252413201
"1239",2018-02-06,-0.00537827178200068
"1240",2018-02-07,-0.0105984138428262
"1241",2018-02-08,0.00298768490854773
"1242",2018-02-09,-0.0029787852368498
"1243",2018-02-10,0.00262333309043195
"1244",2018-02-11,0.00261646922014691
"1245",2018-02-12,0.00260964117433837
"1246",2018-02-13,0.00281975272937607
"1247",2018-02-14,0.0202595529920691
"1248",2018-02-15,-0.000989329376015702
"1249",2018-02-16,0.000919572752351883
"1250",2018-02-17,-0.022791519434629
"1251",2018-02-18,-0.0233230880491774
"1252",2018-02-19,-0.0019992595335061
"1253",2018-02-20,0.0313844784092594
"1254",2018-02-21,0.00158261995539899
"1255",2018-02-22,0.000574588809882925
"1256",2018-02-23,-0.00172277654152597
"1257",2018-02-24,0.00098271853503018
"1258",2018-02-25,0.000981753747425929
"1259",2018-02-26,0.000980790852331159
"1260",2018-02-27,-0.00967880699741896
"1261",2018-02-28,-0.000361977846955797
"1262",2018-03-01,-0.0095596755504056
"1263",2018-03-02,0.0133079847908746
"1264",2018-03-03,-0.000889979313994371
"1265",2018-03-04,-0.00089077208272148
"1266",2018-03-05,-0.000891566265060262
"1267",2018-03-06,0.0111424643658202
"1268",2018-03-07,-0.00572450805008939
"1269",2018-03-08,-0.0039582583663188
"1270",2018-03-09,0.00209537572254348
"1271",2018-03-10,-0.00076910135313768
"1272",2018-03-11,-0.000769693325315846
"1273",2018-03-12,-0.000770286209469617
"1274",2018-03-13,0.00476982004769821
"1275",2018-03-14,-0.00122275767819902
"1276",2018-03-15,-0.00576119832925248
"1277",2018-03-16,-0.00391134289439365
"1278",2018-03-17,0.00130890052356025
"1279",2018-03-18,0.00130718954248366
"1280",2018-03-19,0.00130548302872069
"1281",2018-03-20,-0.00398377517021586
"1282",2018-03-21,0.007563086320995
"1283",2018-03-22,0.00404186214363045
"1284",2018-03-23,0.0163899072676301
"1285",2018-03-24,0.00141452719428536
"1286",2018-03-25,0.00141252913341328
"1287",2018-03-26,0.00141053670921787
"1288",2018-03-27,-0.00929642932600894
"1289",2018-03-28,-0.0134357005758158
"1290",2018-03-29,-0.00208963827640862
"1291",2018-03-30,0.00357426528991267
"1292",2018-03-31,0.00356153541749116
"1293",2018-04-01,0.00354889589905349
"1294",2018-04-02,0.00353634577603157
"1295",2018-04-03,-0.00662063073965968
"1296",2018-04-04,0.00229324924752738
"1297",2018-04-05,-0.00829400829400828
"1298",2018-04-06,0.00562364816149952
"1299",2018-04-07,0.000884236688653006
"1300",2018-04-08,0.000883455504882891
"1301",2018-04-09,0.000882675700176527
"1302",2018-04-10,0.00421880586342516
"1303",2018-04-11,0.0103246938194246
"1304",2018-04-12,-0.0131087462118543
"1305",2018-04-13,0.00449903592087408
"1306",2018-04-14,0.000639840750746634
"1307",2018-04-15,0.000639431616340946
"1308",2018-04-16,0.000639023004828321
"1309",2018-04-17,-0.00092244376640882
"1310",2018-04-18,0.0029829545454545
"1311",2018-04-19,-0.00332814049001562
"1312",2018-04-20,-0.0075310834813499
"1313",2018-04-21,-0.00338845538931443
"1314",2018-04-22,-0.00339997605650666
"1315",2018-04-23,-0.00341157533094683
"1316",2018-04-24,0.00658132639039555
"1317",2018-04-25,-0.00732863917229487
"1318",2018-04-26,-0.00354661262304568
"1319",2018-04-27,0.00406769811868957
"1320",2018-04-28,-0.00108514794183612
"1321",2018-04-29,-0.00108632676709153
"1322",2018-04-30,-0.0010875081563112
"1323",2018-05-01,-0.00921759326462479
"1324",2018-05-02,-0.000805801772763792
"1325",2018-05-03,0.0052052785923753
"1326",2018-05-04,0.00167748523083677
"1327",2018-05-05,-0.000121353332362517
"1328",2018-05-06,-0.000121368060781002
"1329",2018-05-07,-0.000121382792775404
"1330",2018-05-08,-0.000291354068031269
"1331",2018-05-09,-0.000582877959927064
"1332",2018-05-10,0.00663410366698258
"1333",2018-05-11,-0.00123117033603715
"1334",2018-05-12,-0.000604258816136127
"1335",2018-05-13,-0.000604624165618795
"1336",2018-05-14,-0.000604989957166624
"1337",2018-05-15,-0.020412610780183
"1338",2018-05-16,0.00118650352243233
"1339",2018-05-17,-0.0016295089252647
"1340",2018-05-18,0.00096446323911259
"1341",2018-05-19,-4.94119972328511e-05
"1342",2018-05-20,-4.94144388991646e-05
"1343",2018-05-21,-4.94168808063966e-05
"1344",2018-05-22,0.000741289844329085
"1345",2018-05-23,-0.00192592592592589
"1346",2018-05-24,0.0111325515808223
"1347",2018-05-25,-0.000733998825601878
"1348",2018-05-26,-0.023174673130601
"1349",2018-05-27,-0.0237244802045343
"1350",2018-05-28,-0.000539166602480212
"1351",2018-05-29,0.0439272503082615
"1352",2018-05-30,0.00221467591909041
"1353",2018-05-31,-0.00125220978196805
"1354",2018-06-01,-0.00368758758020504
"1355",2018-06-02,-0.00037012362128952
"1356",2018-06-03,-0.000370260663507094
"1357",2018-06-04,-0.000370397807245015
"1358",2018-06-05,0.00348302949459001
"1359",2018-06-06,-0.000443098737168524
"1360",2018-06-07,0.000664942741041896
"1361",2018-06-08,0
"1362",2018-06-09,0.000270722583185501
"1363",2018-06-10,0.000270649312304805
"1364",2018-06-11,0.000270576081074392
"1365",2018-06-12,-0.00272962006639621
"1366",2018-06-13,0.00125758248261576
"1367",2018-06-14,0.00524565940155153
"1368",2018-06-15,-0.0230045568131706
"1369",2018-06-16,0.000451365380275348
"1370",2018-06-17,0.000451161741484407
"1371",2018-06-18,0.000450958286358549
"1372",2018-06-19,-0.00142739087972343
"1373",2018-06-20,-0.0029340956966597
"1374",2018-06-21,-0.00324454840413491
"1375",2018-06-22,0.000227100681301939
"1376",2018-06-23,-0.000529781276016106
"1377",2018-06-24,-0.000530062092987893
"1378",2018-06-25,-0.000530343207818862
"1379",2018-06-26,-0.00727713765918747
"1380",2018-06-27,-0.00297800855222963
"1381",2018-06-28,-0.004212299915754
"1382",2018-06-29,0.00284571604368566
"1383",2018-06-30,-0.00357900657003352
"1384",2018-07-01,-0.00359186186725491
"1385",2018-07-02,-0.00360480984628064
"1386",2018-07-03,0.00969067369563525
"1387",2018-07-04,-0.0340141277641279
"1388",2018-07-05,0.0393450441141403
"1389",2018-07-06,-0.00214132762312635
"1390",2018-07-07,0.00107296137339064
"1391",2018-07-08,0.00107181136120027
"1392",2018-07-09,0.00107066381156318
"1393",2018-07-10,-0.00297937356760891
"1394",2018-07-11,-0.00904145276224044
"1395",2018-07-12,0.00162375318951535
"1396",2018-07-13,-0.00440018527095887
"1397",2018-07-14,-0.000387687059005937
"1398",2018-07-15,-0.000387837418554193
"1399",2018-07-16,-0.000387987894777675
"1400",2018-07-17,-0.0100139729855613
"1401",2018-07-18,0.000313651689798577
"1402",2018-07-19,-0.00360586344751912
"1403",2018-07-20,0.00503500904728194
"1404",2018-07-21,-0.00159165035877362
"1405",2018-07-22,-0.00159418774827513
"1406",2018-07-23,-0.00159673324084497
"1407",2018-07-24,7.86534528864902e-05
"1408",2018-07-25,0.00464018875344085
"1409",2018-07-26,-0.00438390480663864
"1410",2018-07-27,-0.00196571788016986
"1411",2018-07-28,-0.00034139551984036
"1412",2018-07-29,-0.000341512110544673
"1413",2018-07-30,-0.00034162878091093
"1414",2018-07-31,0.00165615141955833
"1415",2018-08-01,-0.00456656956145185
"1416",2018-08-02,-0.00616942181444269
"1417",2018-08-03,0.00254675686430561
"1418",2018-08-04,-0.00148183429917181
"1419",2018-08-05,-0.0014840333907512
"1420",2018-08-06,-0.00148623901908229
"1421",2018-08-07,0.000478430747149483
"1422",2018-08-08,0.00207220849605472
"1423",2018-08-09,-0.000795355126063768
"1424",2018-08-10,-0.000955185863249275
"1425",2018-08-11,-0.00544445329721399
"1426",2018-08-12,-0.00547425763725706
"1427",2018-08-13,-0.00550439008672765
"1428",2018-08-14,0.00145796209298577
"1429",2018-08-15,-0.0131025558071822
"1430",2018-08-16,-0.000819537780691659
"1431",2018-08-17,8.20209973753094e-05
"1432",2018-08-18,0.00281582328658514
"1433",2018-08-19,0.0028079166893844
"1434",2018-08-20,0.00280005436998776
"1435",2018-08-21,0.0043103448275863
"1436",2018-08-22,0.00267228115636886
"1437",2018-08-23,-0.00791471490873841
"1438",2018-08-24,0.0161185281667209
"1439",2018-08-25,0.000801153661272203
"1440",2018-08-26,0.000800512327889802
"1441",2018-08-27,0.000799872020476711
"1442",2018-08-28,-0.0012787723785167
"1443",2018-08-29,-0.00248079385403321
"1444",2018-08-30,-0.00561572402727639
"1445",2018-08-31,0.00129084308188787
"1446",2018-09-01,-0.0145838369188622
"1447",2018-09-02,-0.0147996729354046
"1448",2018-09-03,0.0011619221512158
"1449",2018-09-04,0.0226311862720716
"1450",2018-09-05,0.00194552529182879
"1451",2018-09-06,0.00250809061488666
"1452",2018-09-07,-0.00290533451698805
"1453",2018-09-08,-0.00013489815189538
"1454",2018-09-09,-0.000134916351861691
"1455",2018-09-10,-0.000134934556740074
"1456",2018-09-11,0.00210526315789461
"1457",2018-09-12,0.00727213962508078
"1458",2018-09-13,-0.00224610941761583
"1459",2018-09-14,-0.00578871201157749
"1460",2018-09-15,0.00123995902744078
"1461",2018-09-16,0.0012384234331253
"1462",2018-09-17,0.00123689163753693
"1463",2018-09-18,-0.00233644859813087
"1464",2018-09-19,0.00468384074941453
"1465",2018-09-20,0.00233100233100236
"1466",2018-09-21,-0.00809943865276652
"1467",2018-09-22,0.000835421888053522
"1468",2018-09-23,0.000834724540901499
"1469",2018-09-24,0.000834028356964112
"1470",2018-09-25,0.000645161290322438
"1471",2018-09-26,-0.00515796260477097
"1472",2018-09-27,-0.00972132209980558
"1473",2018-09-28,0.00728075916230364
"1474",2018-09-29,-0.00116408132326273
"1475",2018-09-30,-0.00116543798785762
"1476",2018-10-01,-0.00116679781835949
"1477",2018-10-02,0.01279543602282
"1478",2018-10-03,-0.00321879777902956
"1479",2018-10-04,-0.000968757568418521
"1480",2018-10-05,0.00379797979797991
"1481",2018-10-06,-0.00464230129340415
"1482",2018-10-07,-0.00466395276736853
"1483",2018-10-08,-0.00468580715059586
"1484",2018-10-09,0.00236754020736374
"1485",2018-10-10,0.00130314383450081
"1486",2018-10-11,0.0281438099886122
"1487",2018-10-12,-0.00466772151898742
"1488",2018-10-13,0.00233155816972697
"1489",2018-10-14,0.00232613465147624
"1490",2018-10-15,0.00232073630633733
"1491",2018-10-16,0.000315731312652723
"1492",2018-10-17,-0.0030774086640889
"1493",2018-10-18,0.00253284787082464
"1494",2018-10-19,-0.00102636980893722
"1495",2018-10-20,-0.00105376853974015
"1496",2018-10-21,-0.00105488013924426
"1497",2018-10-22,-0.00105599408643309
"1498",2018-10-23,0.00967256005708395
"1499",2018-10-24,-0.00463290145268946
"1500",2018-10-25,0.00110444935310827
"1501",2018-10-26,0.00260047281323872
"1502",2018-10-27,-0.00225313736278121
"1503",2018-10-28,-0.00225822545492749
"1504",2018-10-29,-0.00226333657920352
"1505",2018-10-30,-0.00174091952203848
"1506",2018-10-31,-0.00848196591359496
"1507",2018-11-01,0.01918771985929
"1508",2018-11-02,-0.00384374019454026
"1509",2018-11-03,-0.000236239073942768
"1510",2018-11-04,-0.000236294896030387
"1511",2018-11-05,-0.000236350744504787
"1512",2018-11-06,-0.00472813238770686
"1513",2018-11-07,0.00190023752969126
"1514",2018-11-08,-0.00268689742373962
"1515",2018-11-09,-0.0134706814580031
"1516",2018-11-10,-0.00144578313253008
"1517",2018-11-11,-0.00144787644787658
"1518",2018-11-12,-0.00144997583373607
"1519",2018-11-13,-0.0016940948693126
"1520",2018-11-14,0.00703030303030316
"1521",2018-11-15,0.00441341678703266
"1522",2018-11-16,0.00583206838699368
"1523",2018-11-17,0.000688377018797981
"1524",2018-11-18,0.000687903481850105
"1525",2018-11-19,0.000687430595949445
"1526",2018-11-20,-0.00324984147114771
"1527",2018-11-21,0.00572564612326043
"1528",2018-11-22,-0.0290187396220448
"1529",2018-11-23,0.0260586319218241
"1530",2018-11-24,-7.93650793650125e-05
"1531",2018-11-25,-7.93713786809702e-05
"1532",2018-11-26,-7.93776789965728e-05
"1533",2018-11-27,-0.00738271016908787
"1534",2018-11-28,0.00783749200255923
"1535",2018-11-29,0.000476114902396407
"1536",2018-11-30,-0.00341053299492378
"1537",2018-12-01,0.00363443427510268
"1538",2018-12-02,0.00362127299640536
"1539",2018-12-03,0.00360820669493522
"1540",2018-12-04,0.00566839867737379
"1541",2018-12-05,-0.00313136057617036
"1542",2018-12-06,0.000706769279095187
"1543",2018-12-07,0.00729812446048816
"1544",2018-12-08,-0.00093487067622311
"1545",2018-12-09,-0.000935745477230077
"1546",2018-12-10,-0.000936621916952873
"1547",2018-12-11,-0.00148437500000009
"1548",2018-12-12,0.00226899303653871
"1549",2018-12-13,-0.00202966432474627
"1550",2018-12-14,-0.00484981226533165
"1551",2018-12-15,0.00272493842687216
"1552",2018-12-16,0.00271753331591307
"1553",2018-12-17,0.00271016834314897
"1554",2018-12-18,0.00109153282395136
"1555",2018-12-19,0.00218068535825533
"1556",2018-12-20,0.00917003419334783
"1557",2018-12-21,-0.00770060064685041
"1558",2018-12-22,0.00356976563712563
"1559",2018-12-23,0.00355706773894204
"1560",2018-12-24,0.00354445985513951
"1561",2018-12-25,-0.02430128992629
"1562",2018-12-26,0.0259295691520756
"1563",2018-12-27,0.00628979059599599
"1564",2018-12-28,0.00137205579693567
"1565",2018-12-29,-0.00030448351982959
"1566",2018-12-30,-0.000304576258280509
"1567",2018-12-31,-0.000304669053241002
"1568",2019-01-01,-0.0222095238095239
"1569",2019-01-02,0.0248957805742782
"1570",2019-01-03,0.00821105451227844
"1571",2019-01-04,-0.00656059120729946
"1572",2019-01-05,0.00103739689286964
"1573",2019-01-06,0.00103632181583801
"1574",2019-01-07,0.00103524896475093
"1575",2019-01-08,-0.00310253499810809
"1576",2019-01-09,0.004630332473053
"1577",2019-01-10,-0.00324896108802419
"1578",2019-01-11,0.00159187386294724
"1579",2019-01-12,0.000504553596205826
"1580",2019-01-13,0.000504299150255738
"1581",2019-01-14,0.000504044960810468
"1582",2019-01-15,-0.0027204715484016
"1583",2019-01-16,0.00409183905433053
"1584",2019-01-17,-0.00113199003848763
"1585",2019-01-18,-0.00740404956180107
"1586",2019-01-19,-0.012083269904095
"1587",2019-01-20,-0.0122310611167825
"1588",2019-01-21,-0.00234000234000231
"1589",2019-01-22,0.0274813338024316
"1590",2019-01-23,0.000760919190381903
"1591",2019-01-24,-0.00334549878345503
"1592",2019-01-25,0.0139609398840403
"1593",2019-01-26,0.00135429990218938
"1594",2019-01-27,0.0013524682545647
"1595",2019-01-28,0.00135064155473841
"1596",2019-01-29,0.00427126264518551
"1597",2019-01-30,0.000223847186987092
"1598",2019-01-31,0.00708690787019761
"1599",2019-02-01,-0.00214814814814823
"1600",2019-02-02,-0.000692846361319388
"1601",2019-02-03,-0.000693326730221488
"1602",2019-02-04,-0.000693807765691279
"1603",2019-02-05,0.000223164472215931
"1604",2019-02-06,-0.00364420645545138
"1605",2019-02-07,-0.000223930730760546
"1606",2019-02-08,0.00321039271315504
"1607",2019-02-09,-0.00166207734861457
"1608",2019-02-10,-0.00166484444886195
"1609",2019-02-11,-0.00166762077805716
"1610",2019-02-12,0.00142109199700835
"1611",2019-02-13,0.000896258122339066
"1612",2019-02-14,-0.00104469815685382
"1613",2019-02-15,0.00605064614924911
"1614",2019-02-16,-0.00837169587169573
"1615",2019-02-17,-0.00844237284962845
"1616",2019-02-18,0.0040022654332641
"1617",2019-02-19,0.0301229739385507
"1618",2019-02-20,0.00211740654205617
"1619",2019-02-21,-0.0146448087431693
"1620",2019-02-22,0.00384501626737643
"1621",2019-02-23,-0.00083480652131207
"1622",2019-02-24,-0.000835504005504584
"1623",2019-02-25,-0.000836202656173013
"1624",2019-02-26,-0.000590754689115291
"1625",2019-02-27,-0.0054677109501996
"1626",2019-02-28,-0.00371471025260028
"1627",2019-03-01,-0.0128262490678598
"1628",2019-03-02,-0.00299642443470816
"1629",2019-03-03,-0.00300542997853248
"1630",2019-03-04,-0.00301448981659747
"1631",2019-03-05,-0.0021343090174557
"1632",2019-03-06,0.0023680391108396
"1633",2019-03-07,-0.00114311842706905
"1634",2019-03-08,0.0103761348897535
"1635",2019-03-09,-0.00216466560950435
"1636",2019-03-10,-0.00216936155185032
"1637",2019-03-11,-0.00217407791288515
"1638",2019-03-12,0.00509234627954713
"1639",2019-03-13,0.00862068965517238
"1640",2019-03-14,-0.010796221322537
"1641",2019-03-15,0.00583598605426694
"1642",2019-03-16,-0.00032652651144105
"1643",2019-03-17,-0.000326633165829038
"1644",2019-03-18,-0.00032673988991383
"1645",2019-03-19,0.00384673404736779
"1646",2019-03-20,-0.00383199338793305
"1647",2019-03-21,0.00437471715190818
"1648",2019-03-22,0.00367978371883448
"1649",2019-03-23,0.00254395809951369
"1650",2019-03-24,0.00253750279871623
"1651",2019-03-25,0.00253108017568682
"1652",2019-03-26,-0.00556916907997329
"1653",2019-03-27,-0.00336021505376349
"1654",2019-03-28,-0.0160335655952649
"1655",2019-03-29,0.0024366100662454
"1656",2019-03-30,-0.00103810608937838
"1657",2019-03-31,-0.00103918487352372
"1658",2019-04-01,-0.00104026590211348
"1659",2019-04-02,0.000761962816214545
"1660",2019-04-03,-7.61382670931843e-05
"1661",2019-04-04,-0.000837584710271733
"1662",2019-04-05,0.00114311842706893
"1663",2019-04-06,0.0015731648524524
"1664",2019-04-07,0.00157069389202769
"1665",2019-04-08,0.00156823068167444
"1666",2019-04-09,0.00484885218577147
"1667",2019-04-10,0.00422227248737106
"1668",2019-04-11,-0.0154666266236205
"1669",2019-04-12,0.0016014641958364
"1670",2019-04-13,-0.00101517689457387
"1671",2019-04-14,-0.0010162085259896
"1672",2019-04-15,-0.00101724225624322
"1673",2019-04-16,-0.0108446616771041
"1674",2019-04-17,-0.000386040765904871
"1675",2019-04-18,-0.000463427821116968
"1676",2019-04-19,-0.0125183525229888
"1677",2019-04-20,0.00466911860604635
"1678",2019-04-21,0.00464741925433576
"1679",2019-04-22,0.00462592066158418
"1680",2019-04-23,-0.0035499305448371
"1681",2019-04-24,0.0048017348203222
"1682",2019-04-25,0.000231231694157508
"1683",2019-04-26,0.00701240656546198
"1684",2019-04-27,-0.0018875624936231
"1685",2019-04-28,-0.00189113212369008
"1686",2019-04-29,-0.00189471528062268
"1687",2019-04-30,0.00323226104355845
"1688",2019-05-01,-0.00107394906412994
"1689",2019-05-02,-0.00944555367839039
"1690",2019-05-03,0.00720986122955258
"1691",2019-05-04,0.000667077175697806
"1692",2019-05-05,0.000666632480385676
"1693",2019-05-06,0.000666188377574928
"1694",2019-05-07,0.00138270087571057
"1695",2019-05-08,-0.00314513654495241
"1696",2019-05-09,0.00284724894190069
"1697",2019-05-10,0.00161141804788212
"1698",2019-05-11,0.00362624173242421
"1699",2019-05-12,0.00361313961476806
"1700",2019-05-13,0.00360013183581365
"1701",2019-05-14,-0.00447139067828728
"1702",2019-05-15,0.00114190012180271
"1703",2019-05-16,-0.00882062200593103
"1704",2019-05-17,-0.00805523590333712
"1705",2019-05-18,0.000412477442639725
"1706",2019-05-19,0.00041230737514808
"1707",2019-05-20,0.000412137447838745
"1708",2019-05-21,-0.00324424532674172
"1709",2019-05-22,0.000774953502789888
"1710",2019-05-23,0.00875019358835361
"1711",2019-05-24,-0.00130498196054352
"1712",2019-05-25,-0.00647578785549574
"1713",2019-05-26,-0.0065179970214494
"1714",2019-05-27,0.000622980181443022
"1715",2019-05-28,0.00727654772559228
"1716",2019-05-29,0.00278142625357347
"1717",2019-05-30,0.00477694737653112
"1718",2019-05-31,0.0141860286787823
"1719",2019-06-01,0.00420888149604304
"1720",2019-06-02,0.00419124105910407
"1721",2019-06-03,0.00417374787563718
"1722",2019-06-04,0.000597326961845779
"1723",2019-06-05,0.00358182225207093
"1724",2019-06-06,0.00676630232731057
"1725",2019-06-07,0.0025110782865585
"1726",2019-06-08,-0.00410097735867587
"1727",2019-06-09,-0.00411786462828267
"1728",2019-06-10,-0.00413489155194613
"1729",2019-06-11,0.00149175803684631
"1730",2019-06-12,0.0040962240262159
"1731",2019-06-13,0.00511793502447699
"1732",2019-06-14,0.000590362334883077
"1733",2019-06-15,-0.000417926592423234
"1734",2019-06-16,-0.000418101328086729
"1735",2019-06-17,-0.000418276209925406
"1736",2019-06-18,0.00583370255501392
"1737",2019-06-19,-0.00146832097496508
"1738",2019-06-20,0.0354385706933313
"1739",2019-06-21,0.00205922033657613
"1740",2019-06-22,0.00432256235827655
"1741",2019-06-23,0.00430395823043828
"1742",2019-06-24,0.0042855135590838
"1743",2019-06-25,0.000419727177334739
"1744",2019-06-26,-0.00230753094189218
"1745",2019-06-27,-0.00238295486403128
"1746",2019-06-28,0.00119432345089221
"1747",2019-06-29,-0.00568381166233944
"1748",2019-06-30,-0.00571630204657736
"1749",2019-07-01,-0.00574916601604081
"1750",2019-07-02,0.0135636778983439
"1751",2019-07-03,0.00922665164107639
"1752",2019-07-04,-0.00652522855747095
"1753",2019-07-05,-0.00804327210143663
"1754",2019-07-06,2.36055048037365e-05
"1755",2019-07-07,2.36049475972333e-05
"1756",2019-07-08,2.36043904164873e-05
"1757",2019-07-09,0.000424868998725403
"1758",2019-07-10,0.00856455266138179
"1759",2019-07-11,-0.00393010035791996
"1760",2019-07-12,0.00387514972169378
"1761",2019-07-13,0.000304136253041376
"1762",2019-07-14,0.000304043782304531
"1763",2019-07-15,0.000303951367781163
"1764",2019-07-16,-0.00175303274665173
"1765",2019-07-17,0.00864006743467272
"1766",2019-07-18,0.00341249390626075
"1767",2019-07-19,-0.000971682398667295
"1768",2019-07-20,6.9473391690833e-05
"1769",2019-07-21,6.94685654742955e-05
"1770",2019-07-22,6.94637399276665e-05
"1771",2019-07-23,-0.00361186358269083
"1772",2019-07-24,0.0013942140118508
"1773",2019-07-25,-0.00626522798468498
"1774",2019-07-26,0.00329246935201399
"1775",2019-07-27,0.000256016385048463
"1776",2019-07-28,0.00025595085743535
"1777",2019-07-29,0.000255885363357189
"1778",2019-07-30,0.00593037047373191
"1779",2019-07-31,-0.00277430989041472
"1780",2019-08-01,-0.00375573793295303
"1781",2019-08-02,0.0175230382574698
"1782",2019-08-03,0.0043453401943967
"1783",2019-08-04,0.00432653990663789
"1784",2019-08-05,0.00430790159845817
"1785",2019-08-06,0.0052150355570606
"1786",2019-08-07,0.0238512329874678
"1787",2019-08-08,-0.00664648591734662
"1788",2019-08-09,-0.000662471016892985
"1789",2019-08-10,0.00192243950944659
"1790",2019-08-11,0.00191875082704773
"1791",2019-08-12,0.00191507627286547
"1792",2019-08-13,-0.00204323754284219
"1793",2019-08-14,0.0090482795059772
"1794",2019-08-15,0.00222542217567745
"1795",2019-08-16,-0.00496342737722055
"1796",2019-08-17,-0.00262536098713573
"1797",2019-08-18,-0.00263227165043434
"1798",2019-08-19,-0.00263921879123774
"1799",2019-08-20,0.00271235776660506
"1800",2019-08-21,0
"1801",2019-08-22,-0.00475028039849579
"1802",2019-08-23,0.0192906861120317
"1803",2019-08-24,-8.67152271938343e-05
"1804",2019-08-25,-8.67227473767551e-05
"1805",2019-08-26,-8.67302688637439e-05
"1806",2019-08-27,0.00949778818631275
"1807",2019-08-28,-0.00173991493749193
"1808",2019-08-29,-0.00787554063649853
"1809",2019-08-30,-0.00487995315244971
"1810",2019-08-31,0.00282790636851038
"1811",2019-09-01,0.00281993186523
"1812",2019-09-02,-0.00188550437241952
"1813",2019-09-03,0.0135165944695959
"1814",2019-09-04,0.00289221672343976
"1815",2019-09-05,-0.0223660599846194
"1816",2019-09-06,-0.00655522779416584
"1817",2019-09-07,-0.00096777741119547
"1818",2019-09-08,-0.000968714911604773
"1819",2019-09-09,-0.000969654230116634
"1820",2019-09-10,-0.00787505790483745
"1821",2019-09-11,0.00266808964781218
"1822",2019-09-12,0.00279403938265044
"1823",2019-09-13,-0.00524081199416215
"1824",2019-09-14,0.00266755585195066
"1825",2019-09-15,0.00266045892916522
"1826",2019-09-16,0.00265339966832512
"1827",2019-09-17,0.00125702944095285
"1828",2019-09-18,0.00158583322320593
"1829",2019-09-19,-0.00633328935215727
"1830",2019-09-20,0.00590890983933057
"1831",2019-09-21,0.00360812267617105
"1832",2019-09-22,0.00359515093057405
"1833",2019-09-23,0.00358227212162254
"1834",2019-09-24,0.00568070519098929
"1835",2019-09-25,-0.0181145305804442
"1836",2019-09-26,0.00191760894002524
"1837",2019-09-27,-0.00580781414994713
"1838",2019-09-28,-0.00741281642768632
"1839",2019-09-29,-0.00746817665024402
"1840",2019-09-30,-0.00752436997439476
"1841",2019-10-01,0.0109308167560593
"1842",2019-10-02,0.0126930826057758
"1843",2019-10-03,0.00391272630811046
"1844",2019-10-04,-0.000594530321046283
"1845",2019-10-05,-0.00187278295547177
"1846",2019-10-06,-0.00187629685223623
"1847",2019-10-07,-0.00187982396001496
"1848",2019-10-08,-0.000332358415315093
"1849",2019-10-09,0.00591794667198609
"1850",2019-10-10,-0.00786620835536744
"1851",2019-10-11,-0.00812845625957759
"1852",2019-10-12,0.00199279013009113
"1853",2019-10-13,0.00198882681564228
"1854",2019-10-14,0.00198487923459489
"1855",2019-10-15,-0.0094150641025641
"1856",2019-10-16,0.00707785642062686
"1857",2019-10-17,0.00287817938420343
"1858",2019-10-18,-0.00280317693385845
"1859",2019-10-19,-0.00133859848738371
"1860",2019-10-20,-0.00134039273507136
"1861",2019-10-21,-0.00134219179920814
"1862",2019-10-22,-0.000403198709764019
"1863",2019-10-23,0.00551260504201689
"1864",2019-10-24,0.00601724944841875
"1865",2019-10-25,0.000398750581511287
"1866",2019-10-26,-0.00210367811510448
"1867",2019-10-27,-0.00210811290608903
"1868",2019-10-28,-0.00211256643465507
"1869",2019-10-29,-0.00340954673084626
"1870",2019-10-30,0.00402495471925945
"1871",2019-10-31,0.0120932718647691
"1872",2019-11-01,-0.00224452072880899
"1873",2019-11-02,-6.61638216223892e-05
"1874",2019-11-03,-6.61681995631769e-05
"1875",2019-11-04,-6.6172578083723e-05
"1876",2019-11-05,-0.0181324862682813
"1877",2019-11-06,0.00633551256992648
"1878",2019-11-07,-0.0178822583885874
"1879",2019-11-08,-0.00238679759956351
"1880",2019-11-09,-0.00132157586529047
"1881",2019-11-10,-0.00132332473932784
"1882",2019-11-11,-0.0013250782481552
"1883",2019-11-12,0.002402031432297
"1884",2019-11-13,0.00657264138025471
"1885",2019-11-14,0.00680179567405803
"1886",2019-11-15,-0.00324280502634777
"1887",2019-11-16,0.000768153269169902
"1888",2019-11-17,0.000767563662633197
"1889",2019-11-18,0.000766974960523248
"1890",2019-11-19,0.00162293751690568
"1891",2019-11-20,-0.000135025654874443
"1892",2019-11-21,-0.00708980418636052
"1893",2019-11-22,0
"1894",2019-11-23,-0.00151875779213417
"1895",2019-11-24,-0.00152106792589901
"1896",2019-11-25,-0.00152338509811056
"1897",2019-11-26,0.00245935237054251
"1898",2019-11-27,-0.00446367725228303
