Date,Week day,ON,1W,1M,2M,3M,6M,12M
21.01.2020,Tue,1.53925,1.55238,1.6595,1.7825,1.80625,1.83438,1.91838
20.01.2020,Mon,,1.56225,1.65338,1.78638,1.80213,1.8295,1.92463
17.01.2020,Fri,1.53113,1.55575,1.65438,1.7925,1.81913,1.84488,1.923
16.01.2020,Thu,1.53563,1.5575,1.65775,1.79888,1.82663,1.84875,1.93013
15.01.2020,Wed,1.52838,1.55888,1.669,1.78663,1.83613,1.865,1.95275
14.01.2020,Tue,1.53125,1.56713,1.66963,1.786,1.84263,1.8645,1.96313
13.01.2020,Mon,1.53513,1.566,1.67625,1.79513,1.83125,1.8725,1.962
10.01.2020,Fri,1.53313,1.56438,1.67663,1.8065,1.83775,1.87213,1.96663
09.01.2020,Thu,1.527,1.562,1.68363,1.84113,1.84788,1.87963,1.96875
08.01.2020,Wed,1.5325,1.57475,1.67713,1.83688,1.834,1.87438,1.95113
07.01.2020,Tue,1.52788,1.58613,1.699,1.81225,1.878,1.8805,1.9545
06.01.2020,Mon,1.537,1.57863,1.69213,1.80388,1.87225,1.89425,1.95488
03.01.2020,Fri,1.53675,1.58888,1.71425,1.8105,1.87388,1.89288,1.96413
02.01.2020,Thu,1.5405,1.59338,1.73438,1.82113,1.90025,1.9095,1.99488
31.12.2019,Tue,1.54263,1.63,1.7625,1.83313,1.90838,1.91213,1.99625
30.12.2019,Mon,1.53438,1.6035,1.78088,1.83888,1.90938,1.90875,2.001
27.12.2019,Fri,1.53625,1.624,1.79938,1.84913,1.94463,1.92075,2.00425
24.12.2019,Tue,1.53313,1.60863,1.80475,1.853,1.9605,1.92125,2.012
23.12.2019,Mon,1.5345,1.6025,1.792,1.84388,1.94663,1.92438,2.0015
20.12.2019,Fri,1.53663,1.57613,1.77988,1.85025,1.93475,1.9205,1.99963
19.12.2019,Thu,1.534,1.57525,1.78513,1.84475,1.92775,1.91625,1.998
18.12.2019,Wed,1.5335,1.58213,1.76463,1.84188,1.908,1.90488,1.96963
17.12.2019,Tue,1.53563,1.57613,1.76388,1.8405,1.9025,1.90463,1.96838
16.12.2019,Mon,1.53063,1.56525,1.74488,1.83613,1.8985,1.89338,1.95963
13.12.2019,Fri,1.52988,1.563,1.73738,1.83688,1.89963,1.90288,1.96388
12.12.2019,Thu,1.53375,1.57038,1.73975,1.83188,1.89363,1.88638,1.93288
11.12.2019,Wed,1.52538,1.57638,1.7405,1.824,1.88738,1.88825,1.94325
10.12.2019,Tue,1.529,1.58013,1.73563,1.82613,1.88725,1.87863,1.93288
09.12.2019,Mon,1.53663,1.58288,1.71763,1.8205,1.88838,1.88013,1.93525
06.12.2019,Fri,1.52913,1.58288,1.71513,1.82175,1.8905,1.88675,1.92313
05.12.2019,Thu,1.52938,1.57475,1.71013,1.82238,1.885,1.88813,1.92263
04.12.2019,Wed,1.5295,1.58838,1.71313,1.825,1.88713,1.8875,1.917
03.12.2019,Tue,1.5385,1.57725,1.70363,1.83563,1.8915,1.89538,1.93663
02.12.2019,Mon,1.54063,1.57238,1.69375,1.83388,1.90013,1.90613,1.9625
29.11.2019,Fri,1.5425,1.5865,1.69713,1.83988,1.9055,1.89688,1.95213
28.11.2019,Thu,,1.58625,1.7085,1.83575,1.90688,1.89513,1.95025
27.11.2019,Wed,1.53963,1.58888,1.69113,1.83463,1.91375,1.90688,1.93975
26.11.2019,Tue,1.538,1.59813,1.70163,1.84363,1.90863,1.91425,1.94163
25.11.2019,Mon,1.53613,1.597,1.6995,1.842,1.91863,1.91913,1.94175
22.11.2019,Fri,1.53388,1.58975,1.70275,1.83675,1.91725,1.90725,1.91488
21.11.2019,Thu,1.54138,1.584,1.708,1.841,1.9095,1.8935,1.90863
20.11.2019,Wed,1.529,1.58475,1.71563,1.8335,1.89875,1.89113,1.90925
19.11.2019,Tue,1.53688,1.58775,1.72163,1.83675,1.89463,1.907,1.94163
18.11.2019,Mon,1.53538,1.591,1.72363,1.836,1.8985,1.91888,1.95338
15.11.2019,Fri,1.53675,1.57913,1.73325,1.8325,1.90263,1.9185,1.961
14.11.2019,Thu,1.527,1.58088,1.7625,1.84075,1.90413,1.92163,1.97113
13.11.2019,Wed,1.539,1.59863,1.76538,1.84575,1.90988,1.92225,1.987
12.11.2019,Tue,1.53925,1.59713,1.76163,1.84188,1.90925,1.92613,2.00563
11.11.2019,Mon,,1.60638,1.76325,1.8385,1.90463,1.923,1.99413
08.11.2019,Fri,1.53863,1.61225,1.759,1.85,1.90063,1.923,1.99975
07.11.2019,Thu,1.54363,1.61375,1.758,1.84675,1.90138,1.92263,1.983
06.11.2019,Wed,1.5365,1.61338,1.755,1.84525,1.90425,1.92388,1.97663
05.11.2019,Tue,1.54713,1.61688,1.76988,1.85463,1.8935,1.92625,1.96688
04.11.2019,Mon,1.55088,1.62613,1.771,1.85338,1.90825,1.92463,1.96
01.11.2019,Fri,1.59213,1.63163,1.77425,1.83888,1.8905,1.90238,1.92525
31.10.2019,Thu,1.59988,1.659,1.78488,1.84,1.90225,1.91625,1.95538
30.10.2019,Wed,1.80438,1.68,1.78138,1.859,1.90913,1.9195,1.97988
29.10.2019,Tue,1.801,1.71038,1.78588,1.86313,1.92713,1.92988,1.98875
28.10.2019,Mon,1.80163,1.75125,1.79963,1.88263,1.9355,1.93988,1.99525
25.10.2019,Fri,1.806,1.78625,1.80488,1.881,1.92813,1.93325,1.95575
24.10.2019,Thu,1.80275,1.8135,1.80425,1.88575,1.93563,1.932,1.96088
23.10.2019,Wed,1.814,1.83575,1.82275,1.89763,1.93963,1.914,1.94275
22.10.2019,Tue,1.81288,1.84513,1.82175,1.88463,1.936,1.9325,1.96725
21.10.2019,Mon,1.81113,1.84375,1.823,1.8975,1.934,1.93425,1.96063
18.10.2019,Fri,1.81513,1.84638,1.85025,1.9275,1.95325,1.95175,1.98725
17.10.2019,Thu,1.83813,1.85263,1.84638,1.93488,1.96588,1.9745,1.99313
16.10.2019,Wed,1.82575,1.85113,1.8775,1.96463,2.00325,1.98588,1.99225
15.10.2019,Tue,1.79513,1.85313,1.88913,1.96738,2.00213,1.97725,1.97413
14.10.2019,Mon,,1.866,1.89075,1.9655,2.00088,1.978,1.97313
11.10.2019,Fri,1.79888,1.86575,1.9135,1.97463,2.00088,1.97563,1.9555
10.10.2019,Thu,1.79263,1.863,1.92125,1.96538,1.98613,1.9355,1.896
09.10.2019,Wed,1.79,1.87725,1.92738,1.9785,1.98425,1.94275,1.88188
08.10.2019,Tue,1.8055,1.8665,1.93875,1.99863,2.0095,1.96338,1.8885
07.10.2019,Mon,1.80825,1.88313,1.94025,2.00213,2.012,1.96038,1.86775
04.10.2019,Fri,1.82075,1.881,1.978,2.00438,2.027,1.95063,1.85313
03.10.2019,Thu,1.82238,1.88113,1.9895,2.02238,2.04313,1.985,1.91425
02.10.2019,Wed,1.85125,1.89238,1.99725,2.03388,2.05638,2.017,1.95825
01.10.2019,Tue,1.82613,1.89275,2.01088,2.05963,2.08863,2.0565,2.0355
30.09.2019,Mon,1.8215,1.9115,2.01563,2.06538,2.08513,2.05563,2.03213
27.09.2019,Fri,1.82713,1.91325,2.0315,2.07088,2.09863,2.063,2.04325
26.09.2019,Thu,1.82988,1.92975,2.0435,2.0865,2.10438,2.06438,2.02013
25.09.2019,Wed,1.84075,1.94688,2.05363,2.0895,2.09963,2.04413,1.985
24.09.2019,Tue,1.842,1.91613,2.04588,2.09225,2.113,2.063,2.02925
23.09.2019,Mon,1.8475,1.92925,2.01838,2.09288,2.10625,2.0585,2.03338
20.09.2019,Fri,1.8685,1.94538,2.0365,2.11988,2.13463,2.07038,2.065
19.09.2019,Thu,1.96213,1.942,2.04588,2.12638,2.15888,2.084,2.07413
18.09.2019,Wed,2.18525,1.97463,2.04425,2.13338,2.15588,2.0815,2.0645
17.09.2019,Tue,2.15488,1.98375,2.057,2.14175,2.16413,2.08525,2.06538
16.09.2019,Mon,2.11163,2.00388,2.04088,2.12338,2.14513,2.078,2.06963
13.09.2019,Fri,2.09475,2.02275,2.02475,2.11513,2.13938,2.07025,2.04913
12.09.2019,Thu,2.08825,2.06488,2.0275,2.12275,2.1185,2.04725,2.00563
11.09.2019,Wed,2.0945,2.10425,2.03588,2.12425,2.12725,2.05288,2.00863
10.09.2019,Tue,2.0925,2.12813,2.03863,2.12838,2.13163,2.03513,1.97038
09.09.2019,Mon,2.09388,2.13263,2.0495,2.14538,2.13838,2.03563,1.94875
06.09.2019,Fri,2.09475,2.1315,2.049,2.1445,2.13413,2.03413,1.949
05.09.2019,Thu,2.09763,2.12763,2.04213,2.1095,2.10213,1.9885,1.891
04.09.2019,Wed,2.09125,2.13163,2.05725,2.12,2.11238,1.98725,1.89688
03.09.2019,Tue,2.09063,2.13713,2.06688,2.13738,2.12663,2.01238,1.93638
02.09.2019,Mon,,2.1295,2.08188,2.14625,2.13275,2.024,1.94938
30.08.2019,Fri,2.08963,2.13663,2.089,2.14963,2.13763,2.0365,1.974
29.08.2019,Thu,2.095,2.1425,2.10025,2.14738,2.13175,2.03138,1.96138
28.08.2019,Wed,2.08663,2.13513,2.112,2.14563,2.12413,2.03513,1.94938
27.08.2019,Tue,2.09575,2.13713,2.11588,2.15238,2.11738,2.0375,1.94938
23.08.2019,Fri,2.08838,2.134,2.1395,2.17138,2.14438,2.08013,2.0285
22.08.2019,Thu,2.09363,2.12713,2.14525,2.15938,2.13225,2.0425,1.97325
21.08.2019,Wed,2.093,2.13988,2.16663,2.16975,2.14763,2.02538,1.95425
20.08.2019,Tue,2.097,2.13363,2.17,2.166,2.1495,2.02363,1.9485
19.08.2019,Mon,2.09538,2.11738,2.16863,2.16663,2.1515,2.02913,1.95325
16.08.2019,Fri,2.0985,2.11638,2.17213,2.156,2.13588,2.01675,1.945
15.08.2019,Thu,2.09588,2.12925,2.182,2.15313,2.12375,2.014,1.9325
14.08.2019,Wed,2.09213,2.1385,2.19738,2.1905,2.16838,2.07988,2.029
13.08.2019,Tue,2.09825,2.142,2.19513,2.17963,2.15813,2.034,1.97013
12.08.2019,Mon,2.10275,2.14113,2.19525,2.1895,2.17525,2.05763,1.99063
09.08.2019,Fri,2.09538,2.14075,2.19425,2.206,2.17563,2.052,1.98788
08.08.2019,Thu,2.09525,2.149,2.20088,2.21375,2.181,2.05025,1.993
07.08.2019,Wed,2.09938,2.1515,2.21125,2.224,2.1845,2.04763,1.977
06.08.2019,Tue,2.09713,2.15463,2.21275,2.223,2.187,2.05113,1.99413
05.08.2019,Mon,2.10513,2.16288,2.223,2.23238,2.209,2.08588,2.03675
02.08.2019,Fri,2.10425,2.18013,2.2285,2.24575,2.23925,2.133,2.11588
01.08.2019,Thu,2.11225,2.18825,2.24413,2.2705,2.28675,2.22688,2.2385
31.07.2019,Wed,2.35163,2.17625,2.22425,2.25288,2.26563,2.20688,2.18863
30.07.2019,Tue,2.347,2.19625,2.22975,2.2525,2.25313,2.19163,2.1885
29.07.2019,Mon,2.34863,2.23225,2.23438,2.258,2.2555,2.19625,2.198
26.07.2019,Fri,2.35038,2.27313,2.237,2.247,2.26575,2.20488,2.19663
25.07.2019,Thu,2.349,2.30688,2.24113,2.25263,2.25575,2.1775,2.17888
24.07.2019,Wed,2.35225,2.34913,2.26175,2.2805,2.26663,2.18313,2.1795
23.07.2019,Tue,2.35375,2.37413,2.266,2.286,2.2755,2.18488,2.19125
22.07.2019,Mon,2.35963,2.37425,2.26913,2.29363,2.28275,2.18075,2.18838
19.07.2019,Fri,2.362,2.36938,2.26113,2.25975,2.25938,2.14425,2.15775
18.07.2019,Thu,2.36063,2.377,2.2715,2.27988,2.27763,2.17425,2.19213
17.07.2019,Wed,2.36275,2.37013,2.29788,2.29538,2.3025,2.19875,2.217
16.07.2019,Tue,2.35663,2.37925,2.30038,2.30188,2.29963,2.207,2.21088
15.07.2019,Mon,2.35713,2.37475,2.31413,2.30838,2.30325,2.21713,2.2105
12.07.2019,Fri,2.35913,2.38175,2.332,2.33375,2.32225,2.22925,2.23113
11.07.2019,Thu,2.359,2.37475,2.325,2.32475,2.30338,2.21263,2.19325
10.07.2019,Wed,2.35475,2.38425,2.36913,2.36363,2.3395,2.26238,2.28575
09.07.2019,Tue,2.35013,2.38038,2.36863,2.35788,2.34075,2.25675,2.2735
08.07.2019,Mon,2.35688,2.37713,2.37938,2.36475,2.33775,2.2565,2.2615
05.07.2019,Fri,2.34825,2.377,2.3665,2.33738,2.31138,2.20975,2.19163
04.07.2019,Thu,,2.39563,2.36413,2.33475,2.30263,2.20063,2.17938
03.07.2019,Wed,2.35638,2.39575,2.36,2.3355,2.2885,2.20888,2.18038
02.07.2019,Tue,2.35138,2.38813,2.3795,2.33838,2.313,2.22638,2.20313
01.07.2019,Mon,2.35975,2.3825,2.38775,2.339,2.33188,2.2185,2.20188
28.06.2019,Fri,2.37038,2.37238,2.398,2.33088,2.31988,2.2005,2.17813
27.06.2019,Thu,2.35488,2.37188,2.40238,2.34088,2.31888,2.21338,2.18463
26.06.2019,Wed,2.354,2.38538,2.40238,2.34538,2.32988,2.19975,2.18325
25.06.2019,Tue,2.34475,2.37175,2.40413,2.34125,2.31125,2.18275,2.14738
24.06.2019,Mon,2.34925,2.376,2.40175,2.3495,2.33288,2.20988,2.17875
21.06.2019,Fri,2.3475,2.36875,2.40438,2.37663,2.34925,2.22013,2.20213
20.06.2019,Thu,2.3415,2.38188,2.40363,2.381,2.34313,2.21675,2.1615
19.06.2019,Wed,2.34088,2.35675,2.38338,2.39538,2.38613,2.3,2.29775
18.06.2019,Tue,2.3495,2.3595,2.38288,2.39838,2.38663,2.298,2.26438
17.06.2019,Mon,2.34438,2.3595,2.39025,2.40638,2.4185,2.30875,2.28675
14.06.2019,Fri,2.34663,2.37,2.38175,2.39438,2.402,2.27738,2.2465
13.06.2019,Thu,2.3505,2.36463,2.39425,2.40238,2.41025,2.31838,2.30563
12.06.2019,Wed,2.35038,2.3745,2.40113,2.42038,2.42788,2.34163,2.333
11.06.2019,Tue,2.35088,2.3755,2.41063,2.42838,2.4495,2.352,2.34325
10.06.2019,Mon,2.345,2.3785,2.41338,2.42075,2.43575,2.34875,2.33763
07.06.2019,Fri,2.35175,2.37638,2.41213,2.43013,2.45063,2.37175,2.34613
06.06.2019,Thu,2.346,2.3785,2.41163,2.43838,2.453,2.37788,2.34763
05.06.2019,Wed,2.34538,2.3785,2.4185,2.45638,2.47163,2.40838,2.3825
04.06.2019,Tue,2.36,2.37775,2.42088,2.4575,2.47438,2.42425,2.40525
03.06.2019,Mon,2.36075,2.38238,2.42988,2.45525,2.4785,2.4555,2.41338
31.05.2019,Fri,2.3545,2.38925,2.4305,2.474,2.5025,2.51663,2.51025
30.05.2019,Thu,2.35775,2.398,2.44,2.48013,2.52025,2.54375,2.57813
29.05.2019,Wed,2.356,2.38738,2.4385,2.48113,2.52175,2.52438,2.57075
28.05.2019,Tue,2.35388,2.39088,2.42938,2.48263,2.52375,2.54125,2.59988
24.05.2019,Fri,2.3565,2.3965,2.42813,2.48663,2.52488,2.54863,2.619
23.05.2019,Thu,2.35625,2.39625,2.42975,2.496,2.52063,2.56013,2.64475
22.05.2019,Wed,2.3545,2.39425,2.437,2.49725,2.52475,2.57063,2.66563
21.05.2019,Tue,2.35538,2.39513,2.42963,2.49325,2.5235,2.56325,2.65363
20.05.2019,Mon,2.35938,2.39413,2.436,2.48825,2.52338,2.55975,2.64688
17.05.2019,Fri,2.35575,2.396,2.44188,2.48788,2.52188,2.55375,2.63538
16.05.2019,Thu,2.35938,2.38463,2.44063,2.48913,2.51963,2.5515,2.61425
15.05.2019,Wed,2.34913,2.38113,2.43238,2.49575,2.52513,2.55088,2.6325
14.05.2019,Tue,2.34338,2.38813,2.43763,2.49863,2.5245,2.55088,2.63925
13.05.2019,Mon,2.34513,2.38688,2.43963,2.49525,2.518,2.58763,2.67225
10.05.2019,Fri,2.35638,2.3885,2.449,2.48963,2.52788,2.587,2.69338
09.05.2019,Thu,2.35888,2.39063,2.45338,2.49638,2.53525,2.58163,2.70213
08.05.2019,Wed,2.36275,2.3955,2.45138,2.501,2.54513,2.58225,2.71375
07.05.2019,Tue,2.36313,2.40438,2.46275,2.51475,2.562,2.59438,2.72138
03.05.2019,Fri,2.37788,2.41088,2.46663,2.50838,2.55988,2.61738,2.7455
02.05.2019,Thu,2.37313,2.39663,2.46713,2.50688,2.56513,2.6385,2.73688
01.05.2019,Wed,2.39188,2.42663,2.48325,2.52438,2.5755,2.6115,2.71038
30.04.2019,Tue,2.37913,2.42538,2.4805,2.52625,2.57563,2.622,2.71688
29.04.2019,Mon,2.38975,2.427,2.48588,2.53013,2.579,2.612,2.713
26.04.2019,Fri,2.4,2.43088,2.48313,2.54138,2.58275,2.61575,2.7175
25.04.2019,Thu,2.39938,2.416,2.4785,2.54538,2.58238,2.6125,2.71625
24.04.2019,Wed,2.39413,2.42438,2.48338,2.54163,2.58638,2.61975,2.72513
23.04.2019,Tue,2.40275,2.4175,2.47663,2.53063,2.58025,2.61988,2.73563
18.04.2019,Thu,2.39113,2.411,2.48088,2.54113,2.58113,2.629,2.74638
17.04.2019,Wed,2.38563,2.4135,2.48738,2.54363,2.5915,2.63363,2.76188
16.04.2019,Tue,2.38913,2.413,2.47975,2.53825,2.60088,2.63138,2.75525
15.04.2019,Mon,2.39263,2.4105,2.47388,2.53488,2.588,2.63763,2.75488
12.04.2019,Fri,2.39225,2.41175,2.47738,2.54263,2.601,2.63775,2.74838
11.04.2019,Thu,2.3885,2.40775,2.47263,2.53675,2.59675,2.63125,2.73413
10.04.2019,Wed,2.3885,2.41425,2.482,2.5485,2.6035,2.627,2.74013
09.04.2019,Tue,2.393,2.41213,2.484,2.55263,2.58125,2.6285,2.75413
08.04.2019,Mon,2.39175,2.41375,2.48125,2.54763,2.584,2.63163,2.74988
05.04.2019,Fri,2.39375,2.4265,2.47163,2.54425,2.59213,2.64463,2.75113
04.04.2019,Thu,2.39413,2.40925,2.4735,2.55425,2.58863,2.64588,2.7365
03.04.2019,Wed,2.38613,2.413,2.47713,2.56075,2.59775,2.65513,2.7495
02.04.2019,Tue,2.38025,2.42013,2.47938,2.5595,2.60238,2.65063,2.73325
01.04.2019,Mon,2.38813,2.42125,2.49338,2.56188,2.5955,2.66913,2.73
29.03.2019,Fri,2.382,2.423,2.4945,2.56388,2.59975,2.6595,2.71063
28.03.2019,Thu,2.39275,2.405,2.5015,2.55238,2.59175,2.64113,2.69425
27.03.2019,Wed,2.39213,2.4095,2.49863,2.559,2.601,2.65075,2.68288
26.03.2019,Tue,2.39388,2.40763,2.4955,2.55775,2.59738,2.68213,2.72463
25.03.2019,Mon,2.38938,2.41238,2.48975,2.56238,2.60875,2.673,2.74575
22.03.2019,Fri,2.389,2.40925,2.49888,2.556,2.60988,2.676,2.787
21.03.2019,Thu,2.38725,2.40738,2.4855,2.55225,2.6015,2.67738,2.79413
20.03.2019,Wed,2.38625,2.41563,2.49063,2.54438,2.607,2.679,2.8135
19.03.2019,Tue,2.39013,2.41238,2.48675,2.55813,2.61275,2.67413,2.81038
18.03.2019,Mon,2.38963,2.40975,2.48775,2.56475,2.63263,2.67063,2.81763
15.03.2019,Fri,2.39038,2.40663,2.48175,2.55838,2.62525,2.67175,2.8405
14.03.2019,Thu,2.39038,2.40938,2.48175,2.56675,2.61463,2.67913,2.84588
13.03.2019,Wed,2.39013,2.41588,2.48375,2.5685,2.61088,2.67638,2.859
12.03.2019,Tue,2.39038,2.41675,2.48863,2.56925,2.59325,2.68213,2.8685
11.03.2019,Mon,2.39025,2.40375,2.49888,2.5715,2.60825,2.67925,2.869
08.03.2019,Fri,2.38688,2.40388,2.4915,2.57013,2.59663,2.679,2.86363
07.03.2019,Thu,2.38975,2.41025,2.49275,2.5615,2.60063,2.68275,2.87613
06.03.2019,Wed,2.39063,2.41238,2.49175,2.56188,2.5945,2.68813,2.88638
05.03.2019,Tue,2.39063,2.41738,2.48088,2.56063,2.60663,2.68475,2.88363
04.03.2019,Mon,2.38238,2.40525,2.483,2.55975,2.60763,2.68263,2.88325
01.03.2019,Fri,2.38488,2.408,2.48188,2.56138,2.5985,2.68213,2.879
28.02.2019,Thu,2.38275,2.40775,2.49038,2.56713,2.61513,2.68575,2.86488
27.02.2019,Wed,2.38825,2.4135,2.48925,2.57213,2.62613,2.685,2.8665
26.02.2019,Tue,2.38863,2.41388,2.493,2.57913,2.62888,2.687,2.87825
25.02.2019,Mon,2.38863,2.40975,2.47913,2.57675,2.63863,2.69313,2.88313
22.02.2019,Fri,2.38788,2.41013,2.48438,2.57638,2.64625,2.706,2.89163
21.02.2019,Thu,2.3825,2.40875,2.48988,2.57063,2.651,2.70425,2.88863
20.02.2019,Wed,2.38463,2.41713,2.48113,2.5735,2.66338,2.69338,2.87425
19.02.2019,Tue,2.378,2.4095,2.48225,2.57813,2.64125,2.73575,2.89113
18.02.2019,Mon,,2.415,2.48475,2.57813,2.64363,2.75538,2.90713
15.02.2019,Fri,2.387,2.415,2.48038,2.58425,2.68288,2.75375,2.906
14.02.2019,Thu,2.38275,2.41513,2.48138,2.5905,2.69388,2.744,2.91675
13.02.2019,Wed,2.38438,2.41863,2.48875,2.59888,2.68375,2.74325,2.91575
12.02.2019,Tue,2.3835,2.4185,2.49375,2.59113,2.69288,2.7405,2.91525
11.02.2019,Mon,2.38625,2.40813,2.49788,2.5855,2.688,2.73363,2.92425
08.02.2019,Fri,2.38575,2.40788,2.50413,2.59388,2.69775,2.74188,2.93575
07.02.2019,Thu,2.38313,2.40975,2.51688,2.61013,2.697,2.765,2.94825
06.02.2019,Wed,2.38325,2.41238,2.51263,2.60925,2.73763,2.77625,2.962
05.02.2019,Tue,2.38238,2.41063,2.51225,2.62013,2.7385,2.7775,2.98575
04.02.2019,Mon,2.38413,2.408,2.51313,2.63775,2.73438,2.79575,2.98013
01.02.2019,Fri,2.374,2.40838,2.514,2.6285,2.73263,2.79,2.96163
31.01.2019,Thu,2.3835,2.40888,2.51375,2.62525,2.7375,2.7995,2.9835
30.01.2019,Wed,2.38388,2.41475,2.50913,2.61925,2.73625,2.8115,3.02063
29.01.2019,Tue,2.38438,2.41388,2.49888,2.63363,2.74438,2.82338,3.02375
28.01.2019,Mon,2.38488,2.4065,2.50175,2.64613,2.7505,2.82988,3.03
25.01.2019,Fri,2.38475,2.40275,2.5,2.64638,2.75163,2.83225,3.0315
24.01.2019,Thu,2.3845,2.4095,2.50188,2.625,2.76475,2.85013,3.02913
23.01.2019,Wed,2.38413,2.41438,2.51,2.627,2.77063,2.85363,3.035
22.01.2019,Tue,2.37563,2.40888,2.519,2.64188,2.77925,2.85363,3.03713
21.01.2019,Mon,,2.40925,2.51225,2.63438,2.77238,2.85475,3.03988
18.01.2019,Fri,2.38388,2.40613,2.506,2.62963,2.761,2.85188,3.03013
17.01.2019,Thu,2.38463,2.40663,2.503,2.63313,2.77575,2.8525,3.01188
16.01.2019,Wed,2.38488,2.40719,2.51325,2.64225,2.78031,2.86163,3.03013
15.01.2019,Tue,2.38675,2.402,2.5075,2.63963,2.77344,2.84581,3.00838
14.01.2019,Mon,2.39013,2.39613,2.51006,2.637,2.77894,2.85344,3.01088
11.01.2019,Fri,2.38938,2.407,2.50894,2.648,2.78731,2.86463,3.01869
10.01.2019,Thu,2.39413,2.40788,2.51419,2.65275,2.79694,2.86044,3.019
09.01.2019,Wed,2.39075,2.414,2.51875,2.65288,2.79888,2.86975,3.039
08.01.2019,Tue,2.39125,2.40875,2.5155,2.64638,2.7825,2.85256,3.01613
07.01.2019,Mon,2.39275,2.40513,2.51113,2.63388,2.79681,2.84875,2.99475
04.01.2019,Fri,2.394,2.40975,2.52056,2.62313,2.80388,2.85575,2.96488
03.01.2019,Thu,2.39188,2.41325,2.51275,2.62038,2.795,2.85888,3.005
02.01.2019,Wed,2.38675,2.41475,2.50713,2.61738,2.79388,2.87394,3.002
31.12.2018,Mon,2.37825,2.41138,2.50269,2.61375,2.80763,2.87563,3.00544
28.12.2018,Fri,2.39238,2.41588,2.51988,2.6195,2.797,2.87313,3.01313
27.12.2018,Thu,2.391,2.41963,2.52238,2.619,2.803,2.883,3.03238
24.12.2018,Mon,2.38988,2.41863,2.50563,2.61175,2.81344,2.89375,3.04788
21.12.2018,Fri,2.39163,2.416,2.50625,2.61188,2.82163,2.90788,3.07313
20.12.2018,Thu,2.38788,2.40838,2.50375,2.61738,2.82375,2.9,3.06544
19.12.2018,Wed,2.18175,2.36813,2.47938,2.58956,2.78963,2.87088,3.05275
18.12.2018,Tue,2.18025,2.369,2.47013,2.58725,2.792,2.87638,3.06131
17.12.2018,Mon,2.18125,2.299,2.46963,2.59063,2.80363,2.90463,3.10388
14.12.2018,Fri,2.18475,2.28075,2.455,2.588,2.80069,2.90056,3.09769
13.12.2018,Thu,2.18438,2.27638,2.45513,2.58863,2.78819,2.90088,3.11238
12.12.2018,Wed,2.18475,2.21988,2.44013,2.58494,2.7775,2.89225,3.10125
11.12.2018,Tue,2.18213,2.2065,2.43238,2.57981,2.779,2.88063,3.0895
10.12.2018,Mon,2.182,2.21025,2.4205,2.56763,2.77594,2.87788,3.084
07.12.2018,Fri,2.18088,2.21425,2.40019,2.54525,2.77106,2.88581,3.10056
06.12.2018,Thu,2.18238,2.23344,2.38694,2.54044,2.76713,2.88906,3.11194
05.12.2018,Wed,2.17188,2.22606,2.38325,2.54275,2.76575,2.89113,3.12575
04.12.2018,Tue,2.17613,2.226,2.3795,2.53625,2.73888,2.89638,3.13294
03.12.2018,Mon,2.18188,2.21619,2.37888,2.53656,2.75125,2.89525,3.13819
30.11.2018,Fri,2.1775,2.22131,2.34694,2.51006,2.73613,2.89463,3.12025
29.11.2018,Thu,2.18275,2.22881,2.34925,2.51125,2.73813,2.88519,3.11869
28.11.2018,Wed,2.1825,2.2245,2.34463,2.495,2.70663,2.88663,3.13413
27.11.2018,Tue,2.1785,2.23494,2.34931,2.499,2.706,2.88444,3.13075
26.11.2018,Mon,2.183,2.219,2.33675,2.49525,2.70681,2.89275,3.12838
23.11.2018,Fri,2.177,2.22188,2.32188,2.49538,2.69119,2.88625,3.12075
22.11.2018,Thu,,2.22213,2.31488,2.48013,2.68925,2.88725,3.1095
21.11.2018,Wed,2.1805,2.221,2.31513,2.47313,2.67694,2.88588,3.11038
20.11.2018,Tue,2.17288,2.21638,2.3055,2.4585,2.65313,2.86325,3.09713
19.11.2018,Mon,2.18075,2.21725,2.30025,2.45769,2.64581,2.86575,3.10738
16.11.2018,Fri,2.17538,2.21225,2.30088,2.45213,2.6445,2.86263,3.12363
15.11.2018,Thu,2.17938,2.21125,2.3025,2.44913,2.64,2.86019,3.11838
14.11.2018,Wed,2.17575,2.20963,2.31038,2.44531,2.629,2.86344,3.12963
13.11.2018,Tue,2.17788,2.21613,2.3065,2.44413,2.61613,2.855,3.13206
12.11.2018,Mon,,2.2155,2.30663,2.44525,2.61413,2.85538,3.13475
09.11.2018,Fri,2.175,2.21913,2.31438,2.45513,2.61813,2.858,3.14413
08.11.2018,Thu,2.17988,2.21619,2.31844,2.45863,2.61463,2.85763,3.14075
07.11.2018,Wed,2.17725,2.21588,2.31531,2.4455,2.60113,2.8435,3.12513
06.11.2018,Tue,2.17663,2.21138,2.31688,2.42863,2.59125,2.8415,3.11638
05.11.2018,Mon,2.17525,2.21425,2.316,2.4295,2.58925,2.83575,3.11688
02.11.2018,Fri,2.17463,2.214,2.31788,2.42625,2.59238,2.82888,3.10488
01.11.2018,Thu,2.17538,2.21788,2.31356,2.418,2.5815,2.8165,3.09613
31.10.2018,Wed,2.173,2.21238,2.30688,2.39638,2.5585,2.80013,3.08375
30.10.2018,Tue,2.18,2.22925,2.29938,2.39338,2.541,2.79625,3.07088
29.10.2018,Mon,2.17888,2.22625,2.302,2.39106,2.52663,2.78175,3.06375
26.10.2018,Fri,2.17675,2.21838,2.29669,2.38531,2.52038,2.77675,3.05675
25.10.2018,Thu,2.17425,2.2195,2.29494,2.37975,2.50925,2.77413,3.05175
24.10.2018,Wed,2.17513,2.21031,2.29406,2.36463,2.508,2.75975,3.03938
23.10.2018,Tue,2.17388,2.21688,2.28138,2.35613,2.48988,2.74756,3.03438
22.10.2018,Mon,2.17063,2.21206,2.2865,2.36113,2.48738,2.72931,3.031
19.10.2018,Fri,2.17113,2.214,2.28188,2.35538,2.47719,2.7235,3.02038
18.10.2018,Thu,2.17025,2.21319,2.27963,2.34838,2.469,2.69413,3.00056
17.10.2018,Wed,2.176,2.20913,2.282,2.3335,2.44963,2.66138,2.96575
16.10.2018,Tue,2.17638,2.21531,2.28713,2.33575,2.44456,2.6575,2.96713
15.10.2018,Mon,2.17725,2.21931,2.2895,2.344,2.44881,2.65375,2.96681
12.10.2018,Fri,2.16938,2.2035,2.27975,2.33413,2.43644,2.65213,2.96338
11.10.2018,Thu,2.17225,2.20888,2.2795,2.33075,2.43631,2.63525,2.95425
10.10.2018,Wed,2.172,2.2025,2.28319,2.3225,2.42519,2.63625,2.96913
09.10.2018,Tue,2.1655,2.215,2.28713,2.314,2.42044,2.629,2.962
08.10.2018,Mon,,2.207,2.28406,2.32175,2.41425,2.626,2.95788
05.10.2018,Fri,2.17175,2.20788,2.27669,2.31875,2.40806,2.62288,2.95831
04.10.2018,Thu,2.16525,2.204,2.28063,2.32388,2.40963,2.6235,2.95688
03.10.2018,Wed,2.16813,2.2065,2.27925,2.31925,2.40825,2.60888,2.92725
02.10.2018,Tue,2.17725,2.21363,2.27394,2.31988,2.4075,2.607,2.92475
01.10.2018,Mon,2.17075,2.20913,2.26513,2.30975,2.39813,2.60625,2.9255
28.09.2018,Fri,2.17138,2.19863,2.26056,2.31075,2.39838,2.60388,2.91863
27.09.2018,Thu,2.17388,2.19588,2.256,2.30375,2.396,2.6005,2.91738
26.09.2018,Wed,1.92525,2.16263,2.24219,2.29425,2.38613,2.5935,2.9145
25.09.2018,Tue,1.91625,2.16738,2.23006,2.283,2.381,2.59538,2.91188
24.09.2018,Mon,1.918,2.126,2.21819,2.2725,2.37363,2.59363,2.90888
21.09.2018,Fri,1.92088,2.085,2.21581,2.26788,2.37263,2.592,2.90825
20.09.2018,Thu,1.91738,2.04063,2.21219,2.2635,2.36638,2.58488,2.89663
19.09.2018,Wed,1.91863,1.97531,2.18244,2.2475,2.35338,2.57175,2.88713
18.09.2018,Tue,1.91888,1.97169,2.16525,2.2375,2.3375,2.56788,2.8795
17.09.2018,Mon,1.91463,1.96713,2.16813,2.23363,2.33875,2.57075,2.87944
14.09.2018,Fri,1.91513,1.96606,2.16469,2.23175,2.33713,2.56875,2.88019
13.09.2018,Thu,1.91988,1.96531,2.15844,2.231,2.33413,2.56713,2.87344
12.09.2018,Wed,1.919,1.95306,2.13444,2.21475,2.3315,2.56063,2.86456
11.09.2018,Tue,1.91513,1.96188,2.14794,2.22113,2.33425,2.55775,2.8685
10.09.2018,Mon,1.91913,1.96144,2.13894,2.21725,2.33425,2.55225,2.86263
07.09.2018,Fri,1.91875,1.95938,2.131,2.21088,2.33125,2.5415,2.8455
06.09.2018,Thu,1.91838,1.961,2.13256,2.2095,2.32706,2.54419,2.84906
05.09.2018,Wed,1.91875,1.95319,2.1205,2.20688,2.31681,2.54056,2.84394
04.09.2018,Tue,1.91363,1.96238,2.12031,2.21188,2.32275,2.539,2.84288
03.09.2018,Mon,,1.95863,2.1095,2.20638,2.31563,2.535,2.83888
31.08.2018,Fri,1.91488,1.962,2.11375,2.20613,2.32075,2.53563,2.84
30.08.2018,Thu,1.92,1.95969,2.10375,2.2085,2.32125,2.53388,2.84238
29.08.2018,Wed,1.91538,1.95725,2.07588,2.195,2.31263,2.5275,2.833
28.08.2018,Tue,1.91488,1.95675,2.07488,2.19963,2.31475,2.52825,2.82813
24.08.2018,Fri,1.91888,1.959,2.07275,2.196,2.31725,2.523,2.82
23.08.2018,Thu,1.91813,1.95513,2.06475,2.197,2.31138,2.51613,2.812
22.08.2018,Wed,1.91775,1.949,2.066,2.1895,2.31175,2.5125,2.808
21.08.2018,Tue,1.91963,1.95325,2.06588,2.19138,2.31025,2.51288,2.80775
20.08.2018,Mon,1.9175,1.95719,2.067,2.19125,2.30963,2.50863,2.813
17.08.2018,Fri,1.91688,1.96269,2.06938,2.18588,2.31188,2.51075,2.813
16.08.2018,Thu,1.92,1.96006,2.07738,2.19613,2.32225,2.5135,2.81663
15.08.2018,Wed,1.91375,1.952,2.06,2.18275,2.31175,2.51063,2.81488
14.08.2018,Tue,1.91325,1.95163,2.0635,2.18263,2.31519,2.51238,2.8135
13.08.2018,Mon,1.9125,1.95288,2.06269,2.17838,2.31375,2.50763,2.803
10.08.2018,Fri,1.9125,1.95188,2.06675,2.18638,2.31925,2.51213,2.8155
09.08.2018,Thu,1.91625,1.95425,2.06731,2.19238,2.338,2.51713,2.8275
08.08.2018,Wed,1.91625,1.95138,2.06344,2.1855,2.3405,2.517,2.82775
07.08.2018,Tue,1.91338,1.95,2.07113,2.18381,2.34144,2.52238,2.82431
06.08.2018,Mon,1.92,1.9505,2.08256,2.17844,2.34325,2.52163,2.82688
03.08.2018,Fri,1.915,1.95025,2.07931,2.18238,2.343,2.52475,2.82738
02.08.2018,Thu,1.92025,1.949,2.08019,2.18206,2.3405,2.5305,2.82775
01.08.2018,Wed,1.91563,1.94525,2.08213,2.18075,2.34825,2.53363,2.83213
31.07.2018,Tue,1.91538,1.95363,2.08138,2.17906,2.34856,2.5305,2.82781
30.07.2018,Mon,1.916,1.95538,2.0815,2.17363,2.34313,2.5305,2.82125
27.07.2018,Fri,1.91163,1.95325,2.07675,2.16875,2.34238,2.52988,2.82138
26.07.2018,Thu,1.91725,1.95275,2.07163,2.17138,2.33888,2.52863,2.81663
25.07.2018,Wed,1.91488,1.94338,2.07688,2.174,2.33688,2.5225,2.80775
24.07.2018,Tue,1.91413,1.95,2.07013,2.17238,2.33488,2.5225,2.808
23.07.2018,Mon,1.91838,1.94938,2.06363,2.16463,2.33531,2.52088,2.79919
20.07.2018,Fri,1.9135,1.95263,2.069,2.17938,2.34156,2.52425,2.80163
19.07.2018,Thu,1.91225,1.95413,2.081,2.17963,2.34706,2.52725,2.80744
18.07.2018,Wed,1.91325,1.95213,2.08625,2.179,2.3475,2.52663,2.80088
17.07.2018,Tue,1.91825,1.94913,2.08175,2.17313,2.34194,2.52313,2.79575
16.07.2018,Mon,1.91263,1.9565,2.0785,2.1735,2.33263,2.5185,2.78775
13.07.2018,Fri,1.91763,1.96463,2.07325,2.17338,2.336,2.52088,2.78688
12.07.2018,Thu,1.91763,1.96388,2.07163,2.17313,2.33919,2.51963,2.78531
11.07.2018,Wed,1.91825,1.95675,2.07425,2.17288,2.337,2.51238,2.77844
10.07.2018,Tue,1.91925,1.96163,2.0665,2.16713,2.33744,2.51188,2.78094
09.07.2018,Mon,1.92588,1.96,2.0775,2.17175,2.33313,2.50875,2.77594
06.07.2018,Fri,1.92563,1.96875,2.08625,2.16938,2.33144,2.50813,2.77375
05.07.2018,Thu,1.92813,1.97269,2.09713,2.17756,2.33863,2.52025,2.784
04.07.2018,Wed,,1.97263,2.08725,2.1715,2.33731,2.50594,2.77344
03.07.2018,Tue,1.92813,1.97306,2.08588,2.17475,2.33725,2.50688,2.77313
02.07.2018,Mon,1.92975,1.97688,2.09994,2.17319,2.3425,2.50969,2.77156
29.06.2018,Fri,1.93538,1.97906,2.09025,2.16913,2.33575,2.50125,2.76406
28.06.2018,Thu,1.93325,1.97969,2.09213,2.17288,2.33738,2.50125,2.76313
27.06.2018,Wed,1.93375,1.98106,2.0935,2.17113,2.33438,2.50063,2.76281
26.06.2018,Tue,1.935,1.98688,2.10188,2.16888,2.33563,2.5025,2.77094
25.06.2018,Mon,1.93163,1.9875,2.10288,2.16963,2.337,2.5025,2.76594
22.06.2018,Fri,1.928,1.98538,2.09775,2.17881,2.33888,2.5075,2.77688
21.06.2018,Thu,1.92788,1.98244,2.09113,2.17231,2.33506,2.50438,2.77031
20.06.2018,Wed,1.93038,1.97256,2.08363,2.16525,2.33188,2.50088,2.7725
19.06.2018,Tue,1.92888,1.97438,2.08788,2.15425,2.33025,2.495,2.7625
18.06.2018,Mon,1.9255,1.97188,2.08375,2.1505,2.32469,2.49688,2.77188
15.06.2018,Fri,1.92563,1.97188,2.08494,2.15175,2.32594,2.50375,2.77219
14.06.2018,Thu,1.93563,1.966,2.08506,2.15175,2.33469,2.50288,2.77188
13.06.2018,Wed,1.71263,1.955,2.07325,2.14925,2.34063,2.50013,2.76688
12.06.2018,Tue,1.71325,1.94094,2.05725,2.14675,2.33563,2.49875,2.76469
11.06.2018,Mon,1.71463,1.90688,2.04738,2.137,2.33263,2.49313,2.75794
08.06.2018,Fri,1.715,1.85999,2.04617,2.13489,2.32631,2.48875,2.74025
07.06.2018,Thu,1.71438,1.82625,2.04638,2.13525,2.32713,2.49188,2.75375
06.06.2018,Wed,1.7135,1.77261,2.02961,2.12366,2.32088,2.48375,2.74088
05.06.2018,Tue,1.712,1.75188,2.02454,2.12279,2.31919,2.47963,2.73888
04.06.2018,Mon,1.712,1.75188,2.01297,2.11838,2.31381,2.484,2.74011
01.06.2018,Fri,1.712,1.75406,2.00468,2.11126,2.31781,2.47438,2.72413
31.05.2018,Thu,1.71163,1.75156,2.0007,2.10686,2.32125,2.47375,2.71813
30.05.2018,Wed,1.71163,1.75,1.98246,2.09677,2.30031,2.46688,2.7
29.05.2018,Tue,1.7085,1.75438,1.98031,2.09718,2.30719,2.47,2.7075
25.05.2018,Fri,1.70725,1.75469,1.97563,2.09942,2.31813,2.48188,2.73137
24.05.2018,Thu,1.7085,1.75,1.96827,2.0989,2.31938,2.485,2.73742
23.05.2018,Wed,1.70788,1.75031,1.95969,2.10105,2.33,2.4975,2.75409
22.05.2018,Tue,1.7085,1.75159,1.96538,2.1075,2.33,2.49938,2.76402
21.05.2018,Mon,1.706,1.75125,1.96125,2.10675,2.33,2.49875,2.76523
18.05.2018,Fri,1.70725,1.75125,1.95275,2.10375,2.32938,2.49875,2.76482
17.05.2018,Thu,1.706,1.75128,1.94775,2.10338,2.33125,2.49938,2.76648
16.05.2018,Wed,1.70538,1.75063,1.935,2.09369,2.32563,2.49438,2.76148
15.05.2018,Tue,1.705,1.75438,1.93875,2.09167,2.32063,2.4925,2.75386
14.05.2018,Mon,1.705,1.755,1.93375,2.08569,2.33,2.50063,2.75748
11.05.2018,Fri,1.70625,1.75094,1.91871,2.08652,2.3425,2.515,2.76579
10.05.2018,Thu,1.705,1.755,1.91839,2.09171,2.355,2.51688,2.76813
09.05.2018,Wed,1.705,1.75375,1.92851,2.08636,2.35575,2.51813,2.77094
08.05.2018,Tue,1.705,1.755,1.92851,2.08186,2.3525,2.52375,2.77094
04.05.2018,Fri,1.70563,1.755,1.9277,2.08257,2.36906,2.52019,2.77666
03.05.2018,Thu,1.70438,1.75375,1.9227,2.08476,2.36313,2.51488,2.77273
02.05.2018,Wed,1.70438,1.75128,1.91713,2.08258,2.36294,2.51269,2.77685
01.05.2018,Tue,1.70438,1.75048,1.90875,2.07959,2.35375,2.51425,2.76598
30.04.2018,Mon,1.70369,1.75,1.90932,2.0656,2.36294,2.51175,2.77004
27.04.2018,Fri,1.70438,1.75188,1.90701,2.06111,2.35805,2.51956,2.78031
26.04.2018,Thu,1.70313,1.74938,1.90076,2.05582,2.35878,2.52175,2.76993
25.04.2018,Wed,1.70313,1.7475,1.89988,2.06313,2.36561,2.51925,2.77188
24.04.2018,Tue,1.70313,1.7425,1.89826,2.06063,2.36167,2.51625,2.76875
23.04.2018,Mon,1.70313,1.74375,1.89711,2.05938,2.35954,2.51563,2.76875
20.04.2018,Fri,1.70313,1.7425,1.89695,2.05813,2.35923,2.51125,2.76031
19.04.2018,Thu,1.70313,1.7425,1.89826,2.05625,2.36156,2.50938,2.75844
18.04.2018,Wed,1.705,1.7425,1.89707,2.04625,2.35866,2.50313,2.7475
17.04.2018,Tue,1.70375,1.74188,1.89563,2.04188,2.35539,2.50125,2.74606
16.04.2018,Mon,1.70125,1.7425,1.89426,2.04063,2.35509,2.50313,2.74406
13.04.2018,Fri,1.70188,1.73875,1.8955,2.0375,2.35281,2.49,2.73094
12.04.2018,Thu,1.70313,1.74,1.89688,2.0355,2.34769,2.48188,2.71719
11.04.2018,Wed,1.70188,1.73938,1.89563,2.02788,2.34163,2.4725,2.7095
10.04.2018,Tue,1.70188,1.73938,1.89438,2.02538,2.33903,2.4675,2.70419
09.04.2018,Mon,1.70188,1.73938,1.89713,2.0235,2.3373,2.47063,2.70356
06.04.2018,Fri,1.70313,1.74375,1.89713,2.02225,2.33746,2.47219,2.70825
05.04.2018,Thu,1.70313,1.74375,1.89519,2.02188,2.33063,2.46625,2.70031
04.04.2018,Wed,1.70188,1.74375,1.89063,2.01663,2.32461,2.46,2.68094
03.04.2018,Tue,1.69938,1.74063,1.8775,1.99788,2.32084,2.45988,2.67
29.03.2018,Thu,1.69688,1.745,1.88313,1.99944,2.31175,2.4524,2.66263
28.03.2018,Wed,1.69875,1.73875,1.88688,2.00344,2.308,2.44403,2.6595
27.03.2018,Tue,1.6975,1.73125,1.87688,1.99438,2.302,2.45299,2.67138
26.03.2018,Mon,1.6975,1.73625,1.87688,1.99688,2.29496,2.4538,2.672
23.03.2018,Fri,1.6975,1.73688,1.875,1.99338,2.29155,2.44971,2.66638
22.03.2018,Thu,1.6975,1.74163,1.8715,1.9915,2.28557,2.4473,2.677
21.03.2018,Wed,1.44875,1.73125,1.86125,1.97525,2.27108,2.43422,2.67638
20.03.2018,Tue,1.4475,1.71088,1.85382,1.961,2.24814,2.40988,2.65138
19.03.2018,Mon,1.4475,1.67734,1.84067,1.94675,2.22249,2.3905,2.63325
16.03.2018,Fri,1.44625,1.63,1.82207,1.9345,2.20175,2.36363,2.6145
15.03.2018,Thu,1.445,1.58906,1.8082,1.91613,2.1775,2.34175,2.60138
14.03.2018,Wed,1.445,1.51563,1.78638,1.90075,2.145,2.32113,2.59013
13.03.2018,Tue,1.445,1.48875,1.7766,1.89038,2.1245,2.30425,2.57763
12.03.2018,Mon,1.445,1.48344,1.76495,1.88038,2.10688,2.28675,2.56263
09.03.2018,Fri,1.44688,1.4825,1.75032,1.87145,2.08875,2.26863,2.5445
08.03.2018,Thu,1.44688,1.48,1.73957,1.86058,2.0714,2.25925,2.53263
07.03.2018,Wed,1.44688,1.48219,1.71794,1.84861,2.05725,2.2455,2.51856
06.03.2018,Tue,1.44688,1.47875,1.71131,1.84193,2.04728,2.24051,2.512
05.03.2018,Mon,1.4475,1.47813,1.7017,1.83064,2.0349,2.22929,2.49794
02.03.2018,Fri,1.4475,1.47781,1.6905,1.82686,2.02519,2.22843,2.49669
01.03.2018,Thu,1.44625,1.4775,1.6862,1.82349,2.02457,2.22488,2.5075
28.02.2018,Wed,1.4425,1.47875,1.67007,1.81399,2.01719,2.22375,2.50219
27.02.2018,Tue,1.4475,1.475,1.66418,1.80214,2.00625,2.21125,2.48125
26.02.2018,Mon,1.4475,1.47375,1.648,1.78893,1.98419,2.20113,2.46938
23.02.2018,Fri,1.44813,1.4725,1.6312,1.77781,1.95625,2.18188,2.45969
22.02.2018,Thu,1.44438,1.47125,1.6207,1.76399,1.94363,2.168,2.44969
21.02.2018,Wed,1.445,1.47125,1.60251,1.74914,1.91975,2.1455,2.42563
20.02.2018,Tue,1.445,1.4725,1.59563,1.74219,1.90394,2.12863,2.40844
19.02.2018,Mon,,1.47313,1.59563,1.73311,1.89213,2.11863,2.39813
16.02.2018,Fri,1.445,1.47125,1.59375,1.73006,1.88494,2.10613,2.39063
15.02.2018,Thu,1.44375,1.47063,1.59,1.72266,1.8725,2.09644,2.38125
14.02.2018,Wed,1.44375,1.47188,1.58813,1.70593,1.85,2.06283,2.33844
13.02.2018,Tue,1.44375,1.47063,1.5875,1.69949,1.83875,2.05715,2.32688
12.02.2018,Mon,1.4425,1.46938,1.5875,1.69879,1.83338,2.04863,2.31906
09.02.2018,Fri,1.44,1.46938,1.5832,1.68886,1.82,2.03831,2.31349
08.02.2018,Thu,1.43875,1.46861,1.58077,1.68324,1.8105,2.02633,2.29809
07.02.2018,Wed,1.43875,1.46875,1.57932,1.67244,1.79989,2.00438,2.28588
06.02.2018,Tue,1.43875,1.46875,1.57926,1.67149,1.7907,1.99188,2.27825
05.02.2018,Mon,1.43938,1.46871,1.58007,1.67333,1.79345,2.0008,2.29309
02.02.2018,Fri,1.44375,1.46869,1.57957,1.66899,1.78902,1.99214,2.29051
01.02.2018,Thu,1.44375,1.46963,1.57946,1.66724,1.78698,1.983,2.29278
31.01.2018,Wed,1.43938,1.47011,1.5797,1.65894,1.77777,1.96625,2.26671
30.01.2018,Tue,1.43938,1.46875,1.5747,1.65761,1.7734,1.96625,2.26313
29.01.2018,Mon,1.43938,1.4675,1.57345,1.65363,1.77225,1.96719,2.26406
26.01.2018,Fri,1.43813,1.4675,1.56777,1.6514,1.7669,1.95965,2.24594
25.01.2018,Thu,1.43813,1.46813,1.56693,1.65006,1.76031,1.94969,2.24063
24.01.2018,Wed,1.4375,1.465,1.56137,1.63954,1.75246,1.93738,2.23063
23.01.2018,Tue,1.4375,1.46563,1.56135,1.63934,1.7452,1.92844,2.22469
22.01.2018,Mon,1.4375,1.46586,1.56014,1.63934,1.7413,1.9255,2.22781
19.01.2018,Fri,1.4375,1.46596,1.56128,1.63475,1.74447,1.93175,2.2275
18.01.2018,Thu,1.4375,1.46533,1.56118,1.63482,1.7447,1.9255,2.2275
17.01.2018,Wed,1.4375,1.46534,1.5575,1.63478,1.73918,1.913,2.21438
16.01.2018,Tue,1.43875,1.46606,1.55613,1.6328,1.73408,1.90406,2.19563
15.01.2018,Mon,,1.46596,1.55614,1.63255,1.73133,1.89875,2.18869
12.01.2018,Fri,1.4375,1.46581,1.55947,1.63065,1.72152,1.88769,2.17313
11.01.2018,Thu,1.4375,1.46438,1.55945,1.63063,1.72019,1.88027,2.16406
10.01.2018,Wed,1.43625,1.4647,1.55375,1.6271,1.70911,1.87144,2.15552
09.01.2018,Tue,1.4375,1.46438,1.55375,1.625,1.70457,1.86519,2.14633
08.01.2018,Mon,1.4375,1.46832,1.55375,1.62372,1.70802,1.86529,2.15075
05.01.2018,Fri,1.4375,1.4697,1.5525,1.62194,1.70393,1.86507,2.14953
04.01.2018,Thu,1.4375,1.46971,1.555,1.62068,1.70381,1.85831,2.13834
03.01.2018,Wed,1.43875,1.47188,1.55688,1.62041,1.69593,1.84269,2.11782
02.01.2018,Tue,1.4375,1.48038,1.56175,1.62205,1.69693,1.83938,2.10933
29.12.2017,Fri,1.42875,1.48038,1.56425,1.62186,1.69428,1.83707,2.10697
28.12.2017,Thu,1.4375,1.48413,1.56775,1.62189,1.69465,1.84363,2.10634
27.12.2017,Wed,1.435,1.48913,1.569,1.62347,1.69339,1.843,2.11063
22.12.2017,Fri,1.43438,1.486,1.56375,1.61674,1.68577,1.83363,2.10216
21.12.2017,Thu,1.43438,1.47538,1.55213,1.6067,1.67464,1.82488,2.09091
20.12.2017,Wed,1.43438,1.45806,1.53488,1.58629,1.65793,1.81413,2.08366
19.12.2017,Tue,1.43313,1.45658,1.51113,1.56025,1.64203,1.7883,2.06888
18.12.2017,Mon,1.43313,1.45533,1.50113,1.54905,1.62548,1.7817,2.05825
15.12.2017,Fri,1.43313,1.45386,1.495,1.53863,1.61331,1.77443,2.04763
14.12.2017,Thu,1.4275,1.44918,1.49078,1.52997,1.60042,1.76769,2.04263
13.12.2017,Wed,1.1825,1.43475,1.47703,1.52182,1.58849,1.75575,2.03856
12.12.2017,Tue,1.1825,1.42375,1.47195,1.51217,1.57352,1.74769,2.02825
11.12.2017,Mon,1.1825,1.38151,1.45951,1.50218,1.56347,1.73535,2.01356
08.12.2017,Fri,1.1825,1.34168,1.44438,1.48849,1.54878,1.72988,2.01075
07.12.2017,Thu,1.1825,1.29936,1.43185,1.47638,1.53606,1.7225,1.99731
06.12.2017,Wed,1.1825,1.22813,1.40688,1.46409,1.52263,1.71445,1.98825
05.12.2017,Tue,1.1825,1.21444,1.40319,1.459,1.51532,1.71125,1.9895
04.12.2017,Mon,1.1825,1.21313,1.39181,1.453,1.50849,1.69313,1.98169
01.12.2017,Fri,1.1825,1.21014,1.37938,1.4415,1.49463,1.67425,1.96044
30.11.2017,Thu,1.18,1.20688,1.37188,1.43538,1.48738,1.668,1.95169
29.11.2017,Wed,1.18625,1.205,1.36069,1.427,1.48063,1.6605,1.94481
28.11.2017,Tue,1.185,1.20219,1.34978,1.42275,1.47882,1.65738,1.93798
27.11.2017,Mon,1.18375,1.20106,1.34676,1.41713,1.47725,1.65832,1.94294
24.11.2017,Fri,1.18375,1.20341,1.33756,1.41213,1.46763,1.65394,1.93606
23.11.2017,Thu,,1.2008,1.32862,1.40767,1.46206,1.65211,1.93011
22.11.2017,Wed,1.18278,1.19969,1.3275,1.40578,1.46233,1.65211,1.934
21.11.2017,Tue,1.18278,1.20212,1.31287,1.39726,1.454,1.64489,1.92733
20.11.2017,Mon,1.18278,1.20367,1.29418,1.38833,1.44594,1.63489,1.90844
17.11.2017,Fri,1.18278,1.20267,1.28719,1.38278,1.44067,1.63211,1.90622
16.11.2017,Thu,1.18278,1.20372,1.28267,1.37944,1.43567,1.63171,1.90067
15.11.2017,Wed,1.18278,1.20356,1.266,1.36406,1.4219,1.6181,1.88622
14.11.2017,Tue,1.18278,1.20406,1.2635,1.361,1.41899,1.62208,1.89261
13.11.2017,Mon,1.18278,1.2035,1.25028,1.356,1.41586,1.61618,1.88428
10.11.2017,Fri,1.18333,1.20422,1.24606,1.35433,1.41289,1.61461,1.8815
09.11.2017,Thu,1.18333,1.20272,1.24494,1.35211,1.41289,1.61239,1.88178
08.11.2017,Wed,1.18333,1.205,1.24606,1.34167,1.40981,1.60162,1.87317
07.11.2017,Tue,1.18389,1.2055,1.24389,1.33944,1.40258,1.59809,1.86844
06.11.2017,Mon,1.18389,1.205,1.24424,1.33472,1.39703,1.59406,1.86428
03.11.2017,Fri,1.18444,1.20444,1.24322,1.33389,1.39194,1.59017,1.86289
02.11.2017,Thu,1.18389,1.20467,1.24212,1.33267,1.39139,1.58907,1.86317
01.11.2017,Wed,1.18222,1.20656,1.24333,1.32169,1.38483,1.57979,1.85594
31.10.2017,Tue,1.18222,1.20767,1.24333,1.31841,1.38122,1.57511,1.84844
30.10.2017,Mon,1.185,1.20467,1.24214,1.3161,1.37678,1.57306,1.84233
27.10.2017,Fri,1.18444,1.20326,1.24233,1.31376,1.38009,1.57267,1.84789
26.10.2017,Thu,1.18444,1.20517,1.24166,1.31212,1.37796,1.56447,1.84289
25.10.2017,Wed,1.18444,1.20247,1.23999,1.30723,1.37446,1.56219,1.84456
24.10.2017,Tue,1.18444,1.20239,1.23955,1.30431,1.37064,1.56444,1.83456
23.10.2017,Mon,1.18444,1.20172,1.23788,1.29965,1.36742,1.56078,1.83511
20.10.2017,Fri,1.18444,1.20444,1.23788,1.29504,1.36476,1.55489,1.83122
19.10.2017,Thu,1.185,1.20557,1.23888,1.29197,1.3625,1.55069,1.82789
18.10.2017,Wed,1.18444,1.20494,1.23888,1.283,1.36261,1.55055,1.83456
17.10.2017,Tue,1.18444,1.20667,1.23777,1.28044,1.35733,1.54522,1.82122
16.10.2017,Mon,1.18444,1.20594,1.23666,1.27689,1.35389,1.53316,1.80956
13.10.2017,Fri,1.18444,1.20444,1.23667,1.27744,1.35333,1.53433,1.81289
12.10.2017,Thu,1.18444,1.205,1.23889,1.27744,1.35917,1.53156,1.80844
11.10.2017,Wed,1.18333,1.20389,1.23889,1.273,1.35861,1.52933,1.80956
10.10.2017,Tue,1.18167,1.205,1.23778,1.27189,1.35667,1.52433,1.80678
09.10.2017,Mon,,1.20333,1.23722,1.27189,1.35639,1.52489,1.809
06.10.2017,Fri,1.18222,1.20222,1.235,1.27133,1.35028,1.51878,1.80456
05.10.2017,Thu,1.18222,1.20222,1.23778,1.27217,1.34861,1.5135,1.80011
04.10.2017,Wed,1.18222,1.20167,1.23778,1.27222,1.34667,1.51406,1.79789
03.10.2017,Tue,1.18056,1.20333,1.23778,1.27111,1.3425,1.51572,1.79872
02.10.2017,Mon,1.18,1.20333,1.23333,1.26944,1.33556,1.50933,1.79067
29.09.2017,Fri,1.18167,1.205,1.23222,1.26944,1.33389,1.506,1.78233
28.09.2017,Thu,1.18111,1.20167,1.235,1.26944,1.335,1.50944,1.78678
27.09.2017,Wed,1.18,1.19722,1.235,1.27222,1.33278,1.50389,1.78539
26.09.2017,Tue,1.17833,1.19556,1.23444,1.27167,1.33083,1.49711,1.77567
25.09.2017,Mon,1.17833,1.19444,1.23667,1.26944,1.32972,1.49711,1.77483
22.09.2017,Fri,1.17889,1.19444,1.23833,1.27222,1.32944,1.49683,1.77539
21.09.2017,Thu,1.17889,1.19444,1.23722,1.27333,1.32833,1.491,1.76761
20.09.2017,Wed,1.17889,1.19556,1.23556,1.27278,1.32306,1.48,1.74733
19.09.2017,Tue,1.17889,1.19667,1.23722,1.27167,1.32611,1.47861,1.74428
18.09.2017,Mon,1.17889,1.19556,1.23611,1.26944,1.325,1.47444,1.73983
15.09.2017,Fri,1.17889,1.19611,1.23722,1.27278,1.32389,1.47111,1.73206
14.09.2017,Thu,1.17889,1.19667,1.23444,1.27167,1.32111,1.45861,1.71956
13.09.2017,Wed,1.17722,1.19556,1.23444,1.27167,1.32,1.45583,1.71233
12.09.2017,Tue,1.17778,1.19667,1.23667,1.27222,1.31917,1.45444,1.70956
11.09.2017,Mon,1.17778,1.19667,1.23611,1.272,1.31667,1.44933,1.699
08.09.2017,Fri,1.17722,1.195,1.23611,1.27178,1.31033,1.44767,1.69511
07.09.2017,Thu,1.17611,1.195,1.235,1.27389,1.31722,1.45167,1.709
06.09.2017,Wed,1.17611,1.195,1.23222,1.275,1.31722,1.45222,1.70789
05.09.2017,Tue,1.17778,1.19667,1.23111,1.275,1.31722,1.455,1.71456
04.09.2017,Mon,,1.19722,1.23167,1.27389,1.31611,1.45389,1.71289
01.09.2017,Fri,1.17722,1.20056,1.23056,1.27389,1.31611,1.45333,1.71178
31.08.2017,Thu,1.17556,1.20167,1.23167,1.27556,1.31778,1.45389,1.71344
30.08.2017,Wed,1.17778,1.20167,1.23722,1.27556,1.31611,1.45333,1.71178
29.08.2017,Tue,1.17833,1.20167,1.23889,1.27556,1.31694,1.45167,1.714
25.08.2017,Fri,1.17778,1.19667,1.23556,1.27111,1.31778,1.455,1.72789
24.08.2017,Thu,1.17778,1.19667,1.23389,1.27,1.31722,1.45389,1.72344
23.08.2017,Wed,1.17778,1.19444,1.23444,1.26833,1.31722,1.45556,1.72789
22.08.2017,Tue,1.17778,1.19722,1.23611,1.26389,1.31722,1.45611,1.72733
21.08.2017,Mon,1.17778,1.19778,1.23556,1.26389,1.31444,1.45639,1.72733
18.08.2017,Fri,1.17722,1.19944,1.235,1.26389,1.31472,1.45639,1.72622
17.08.2017,Thu,1.17778,1.19778,1.23056,1.26389,1.31639,1.45722,1.73289
16.08.2017,Wed,1.17889,1.19722,1.22833,1.26278,1.31667,1.45944,1.73622
15.08.2017,Tue,1.17778,1.19722,1.22833,1.26222,1.31417,1.45333,1.72789
14.08.2017,Mon,1.17778,1.19722,1.22778,1.26222,1.31417,1.45,1.71789
11.08.2017,Fri,1.17778,1.19889,1.22667,1.26111,1.315,1.45583,1.72456
10.08.2017,Thu,1.17778,1.19667,1.22889,1.26222,1.30911,1.45278,1.72844
09.08.2017,Wed,1.17778,1.19667,1.22889,1.26,1.30917,1.45222,1.72789
08.08.2017,Tue,1.17778,1.19611,1.23056,1.25944,1.30944,1.45222,1.73011
07.08.2017,Mon,1.17722,1.19722,1.22889,1.25944,1.31139,1.45222,1.73233
04.08.2017,Fri,1.17778,1.19944,1.22889,1.25944,1.31194,1.44944,1.72289
03.08.2017,Thu,1.17722,1.19611,1.23056,1.25778,1.31167,1.45111,1.72567
02.08.2017,Wed,1.17722,1.19778,1.23056,1.25778,1.31278,1.45167,1.72567
01.08.2017,Tue,1.17556,1.19611,1.23167,1.25611,1.31056,1.45167,1.72567
31.07.2017,Mon,1.17611,1.19667,1.23167,1.25556,1.31056,1.455,1.72733
28.07.2017,Fri,1.17833,1.19667,1.23167,1.25833,1.31056,1.455,1.729
27.07.2017,Thu,1.17722,1.19444,1.23389,1.25722,1.31111,1.45444,1.72956
26.07.2017,Wed,1.17778,1.19389,1.23333,1.25778,1.31389,1.45722,1.73622
25.07.2017,Tue,1.18,1.19389,1.23278,1.25667,1.31667,1.45389,1.739
24.07.2017,Mon,1.17889,1.19444,1.23278,1.26,1.31389,1.45278,1.73567
21.07.2017,Fri,1.17889,1.19222,1.23222,1.26056,1.31444,1.45306,1.73567
20.07.2017,Thu,1.17889,1.19056,1.22722,1.25833,1.3125,1.456,1.73789
19.07.2017,Wed,1.17889,1.19,1.22889,1.25722,1.30722,1.45322,1.73344
18.07.2017,Tue,1.17722,1.18944,1.22778,1.25667,1.30694,1.456,1.73344
17.07.2017,Mon,1.17778,1.19111,1.22833,1.25667,1.30611,1.45322,1.73289
14.07.2017,Fri,1.17722,1.18889,1.22611,1.25667,1.30361,1.456,1.73983
13.07.2017,Thu,1.17833,1.18889,1.22556,1.25722,1.30361,1.456,1.73789
12.07.2017,Wed,1.17833,1.18889,1.22444,1.25778,1.30389,1.46044,1.74594
11.07.2017,Tue,1.17722,1.18889,1.22389,1.255,1.3035,1.46267,1.75233
10.07.2017,Mon,1.17444,1.18889,1.22389,1.255,1.30411,1.46211,1.75094
07.07.2017,Fri,1.17389,1.19,1.22633,1.255,1.30522,1.46544,1.75761
06.07.2017,Thu,1.17389,1.19111,1.22444,1.255,1.30411,1.46544,1.75733
05.07.2017,Wed,1.17389,1.19111,1.22333,1.25556,1.303,1.45711,1.75122
04.07.2017,Tue,1.17167,1.19056,1.22333,1.25389,1.30211,1.45767,1.75122
03.07.2017,Mon,1.17167,1.18833,1.22689,1.25389,1.30072,1.456,1.74844
30.06.2017,Fri,1.16167,1.19,1.22389,1.25333,1.29917,1.44767,1.73844
29.06.2017,Thu,1.17333,1.19056,1.22722,1.25444,1.29861,1.44822,1.73956
28.06.2017,Wed,1.17667,1.18889,1.22611,1.25444,1.29639,1.44656,1.73678
27.06.2017,Tue,1.17611,1.18889,1.22378,1.25222,1.29506,1.44683,1.73289
26.06.2017,Mon,1.17611,1.18778,1.22211,1.25222,1.29483,1.44639,1.73456
23.06.2017,Fri,1.17667,1.18611,1.22,1.25111,1.29328,1.445,1.73344
22.06.2017,Tnu,1.17722,1.195,1.21611,1.25111,1.29556,1.44861,1.73817
21.06.2017,Wed,1.17722,1.19222,1.21556,1.25056,1.28944,1.445,1.73539
20.06.2017,Tue,1.17611,1.19389,1.21556,1.24944,1.28722,1.43961,1.73594
19.06.2017,Mon,1.17667,1.19278,1.21389,1.24611,1.28022,1.43322,1.72844
16.06.2017,Fri,1.17722,1.19,1.21222,1.24389,1.27356,1.43267,1.73233
15.06.2017,Thu,1.175,1.18833,1.20944,1.23833,1.26744,1.42711,1.72956
14.06.2017,Wed,0.93111,1.16189,1.17167,1.20111,1.25033,1.426,1.73622
13.06.2017,Tue,0.93111,1.15111,1.15889,1.19167,1.24556,1.42322,1.73567
12.06.2017,Mon,0.93111,1.11211,1.13933,1.18167,1.24167,1.42183,1.73567
09.06.2017,Fri,0.93111,1.076,1.12711,1.17278,1.23644,1.41683,1.72844
08.06.2017,Thu,0.93056,1.03544,1.11711,1.16278,1.22811,1.41544,1.72844
07.06.2017,Wed,0.93111,0.975,1.096,1.15167,1.221,1.41406,1.724
06.06.2017,Tue,0.93056,0.95322,1.08867,1.145,1.219,1.41711,1.72289
05.06.2017,Mon,0.93111,0.951,1.08422,1.14167,1.21956,1.41822,1.72567
02.06.2017,Fri,0.93111,0.95156,1.08617,1.14306,1.2225,1.42822,1.73067
01.06.2017,Thu,0.93111,0.95156,1.07589,1.13472,1.21806,1.42239,1.7265
31.05.2017,Wed,0.92889,0.95156,1.06033,1.12583,1.21,1.41878,1.72372
30.05.2017,Tue,0.93111,0.95061,1.0505,1.11444,1.20178,1.41489,1.7215
26.05.2017,Fri,0.93,0.94922,1.04467,1.12083,1.20178,1.41378,1.72122
25.05.2017,Thu,0.93,0.94967,1.04383,1.12028,1.20039,1.41794,1.72289
24.05.2017,Wed,0.93056,0.94967,1.03272,1.11056,1.19761,1.41739,1.72567
23.05.2017,Tue,0.93056,0.94944,1.02356,1.10139,1.18867,1.4135,1.71956
22.05.2017,Mon,0.92889,0.94833,1.02939,1.09889,1.192,1.41933,1.7265
19.05.2017,Fri,0.92889,0.9475,1.01711,1.09611,1.18644,1.41517,1.72289
18.05.2017,Thu,0.92778,0.94722,1.00994,1.07639,1.17172,1.39906,1.70456
17.05.2017,Wed,0.92833,0.94667,1.00356,1.07833,1.17839,1.41406,1.73289
16.05.2017,Tue,0.92833,0.94667,0.99911,1.07833,1.18117,1.42044,1.74539
15.05.2017,Mon,0.92889,0.94778,1.00078,1.07556,1.17944,1.42267,1.74511
12.05.2017,Fri,0.92833,0.94667,0.99244,1.07778,1.17956,1.43656,1.76567
11.05.2017,Thu,0.92833,0.94556,0.98911,1.07833,1.18178,1.43933,1.78567
10.05.2017,Wed,0.92833,0.94722,0.98856,1.07028,1.18094,1.44211,1.78761
09.05.2017,Tue,0.92722,0.94667,0.98856,1.07,1.182,1.44517,1.79067
08.05.2017,Mon,0.92778,0.94667,0.99411,1.06833,1.18456,1.43683,1.78817
05.05.2017,Fri,0.92778,0.94722,0.99444,1.06,1.18039,1.43267,1.779
04.05.2017,Thu,0.92778,0.9475,0.99278,1.06028,1.17928,1.436,1.78067
03.05.2017,Wed,0.92722,0.94833,0.99167,1.04611,1.17122,1.42739,1.77011
02.05.2017,Tue,0.92667,0.94778,0.99278,1.04361,1.17372,1.43239,1.78011
28.04.2017,Fri,0.92944,0.95,0.995,1.03722,1.17233,1.42628,1.774
27.04.2017,Thu,0.93056,0.94667,0.995,1.03722,1.16956,1.43044,1.7765
26.04.2017,Wed,0.93028,0.94611,0.99278,1.04,1.17178,1.43111,1.78289
25.04.2017,Tue,0.92833,0.945,0.99222,1.04056,1.17039,1.42361,1.77483
24.04.2017,Mon,0.92667,0.945,0.99111,1.04611,1.1665,1.42072,1.76817
21.04.2017,Fri,0.92944,0.945,0.99056,1.04,1.15622,1.40211,1.74456
20.04.2017,Thu,0.92944,0.94389,0.98833,1.04056,1.15317,1.39406,1.73928
19.04.2017,Wed,0.93,0.94611,0.99111,1.03611,1.15567,1.39072,1.73567
18.04.2017,Tue,0.93,0.94722,0.99278,1.03667,1.15622,1.39767,1.76122
13.04.2017,Thu,0.92611,0.94556,0.99444,1.035,1.15844,1.40322,1.77178
12.04.2017,Wed,0.92778,0.94722,0.99389,1.03333,1.15844,1.41044,1.78344
11.04.2017,Tue,0.92722,0.94722,0.99,1.02722,1.15511,1.41544,1.789
07.04.2017,Fri,0.93056,0.94722,0.99,1.02611,1.15761,1.42961,1.799
06.04.2017,Thu,0.93,0.94722,0.98944,1.02667,1.15539,1.426,1.79817
05.04.2017,Wed,0.93111,0.94778,0.98556,1.02722,1.15039,1.42294,1.79594
04.04.2017,Tue,0.93,0.94889,0.98611,1.02833,1.14983,1.42572,1.79178
03.04.2017,Mon,0.92722,0.95222,0.98333,1.02556,1.14983,1.42628,1.80261
31.03.2017,Fri,0.92167,0.95111,0.98278,1.025,1.14956,1.42322,1.80178
30.03.2017,Thu,0.92667,0.95667,0.98278,1.02556,1.14761,1.41878,1.79344
29.03.2017,Wed,0.92556,0.94778,0.98222,1.02444,1.14678,1.41989,1.794
28.03.2017,Tue,0.925,0.94389,0.98222,1.02056,1.15222,1.42489,1.79817
27.03.2017,Mon,0.92444,0.94389,0.98222,1.02278,1.15189,1.42433,1.79706
24.03.2017,Fri,0.92667,0.94389,0.98278,1.02278,1.15128,1.42711,1.80289
23.03.2017,Thu,0.92611,0.94389,0.98167,1.02,1.15289,1.42794,1.80372
22.03.2017,Wed,0.92667,0.945,0.98389,1.02389,1.15678,1.43128,1.80678
21.03.2017,Tue,0.92533,0.94611,0.97722,1.02,1.15622,1.43378,1.81539
20.03.2017,Mon,0.92644,0.94667,0.97722,1.02,1.15622,1.43489,1.81594
17.03.2017,Fri,0.92422,0.94611,0.97611,1.02167,1.15178,1.43156,1.81317
16.03.2017,Thu,0.92578,0.94567,0.97833,1.01556,1.15178,1.431,1.81428
15.03.2017,Wed,0.68667,0.92278,0.94278,0.98722,1.14817,1.43822,1.82761
14.03.2017,Tue,0.68689,0.90889,0.92833,0.97722,1.13733,1.43239,1.82344
13.03.2017,Mon,0.68278,0.87889,0.91222,0.96944,1.13122,1.43211,1.82122
10.03.2017,Fri,0.68189,0.84611,0.89056,0.95833,1.12122,1.426,1.81844
09.03.2017,Thu,0.68211,0.81567,0.88139,0.94833,1.11956,1.43017,1.81428
08.03.2017,Wed,0.68211,0.735,0.85778,0.93222,1.109,1.421,1.80122
07.03.2017,Tue,0.68278,0.71389,0.85444,0.92889,1.10622,1.42044,1.79983
06.03.2017,Mon,0.68278,0.71,0.84667,0.92556,1.10622,1.421,1.80011
03.03.2017,Fri,0.68278,0.71,0.83444,0.91333,1.10167,1.42267,1.80817
02.03.2017,Thu,0.68278,0.71167,0.83,0.905,1.1,1.416,1.79817
01.03.2017,Wed,0.68167,0.71111,0.81056,0.89333,1.09278,1.40628,1.78983
28.02.2017,Tue,0.68056,0.71111,0.78889,0.86278,1.064,1.37489,1.75622
27.02.2017,Mon,0.68333,0.71167,0.78444,0.85167,1.05456,1.36128,1.73983
24.02.2017,Fri,0.68278,0.71111,0.78056,0.85167,1.054,1.36072,1.73956
23.02.2017,Thu,0.68333,0.71222,0.77833,0.85222,1.05233,1.36239,1.74428
22.02.2017,Wed,0.68333,0.71389,0.77944,0.85444,1.054,1.36294,1.74567
21.02.2017,Tue,0.68611,0.71444,0.77944,0.85333,1.05344,1.36239,1.74539
20.02.2017,Mon,0.68611,0.71444,0.77722,0.85111,1.05011,1.35711,1.73539
17.02.2017,Fri,0.68611,0.71444,0.77944,0.85333,1.05233,1.35739,1.73539
16.02.2017,Thu,0.68611,0.71889,0.78056,0.85833,1.0565,1.36378,1.74511
15.02.2017,Wed,0.68556,0.71778,0.77222,0.85111,1.04178,1.34406,1.724
14.02.2017,Tue,0.68722,0.715,0.77,0.84778,1.03733,1.33656,1.70789
13.02.2017,Mon,0.68722,0.71528,0.77,0.84778,1.039,1.33794,1.71039
10.02.2017,Fri,0.68778,0.71417,0.77111,0.84556,1.03622,1.33822,1.70261
09.02.2017,Thu,0.68667,0.71611,0.77056,0.84,1.03372,1.33489,1.694
08.02.2017,Wed,0.68667,0.71972,0.77167,0.83833,1.03372,1.33794,1.70011
07.02.2017,Tue,0.68778,0.72111,0.77278,0.83778,1.03817,1.3435,1.70511
06.02.2017,Mon,0.68833,0.72222,0.77528,0.83944,1.03844,1.34406,1.70733
03.02.2017,Fri,0.69278,0.72167,0.77556,0.84111,1.034,1.34989,1.71344
02.02.2017,Thu,0.68833,0.72056,0.77667,0.84111,1.03372,1.34878,1.71233
01.02.2017,Wed,0.69111,0.7215,0.78,0.84167,1.03456,1.35044,1.71511
31.01.2017,Tue,0.69,0.7215,0.77944,0.83944,1.03456,1.34739,1.71344
30.01.2017,Mon,0.69167,0.72206,0.78,0.84111,1.034,1.35656,1.72483
27.01.2017,Fri,0.69,0.72011,0.77833,0.84222,1.039,1.35878,1.724
26.01.2017,Thu,0.68722,0.72178,0.77611,0.84222,1.039,1.36183,1.72817
25.01.2017,Wed,0.68833,0.72344,0.77611,0.84556,1.03733,1.35683,1.71872
24.01.2017,Tue,0.68833,0.72289,0.77333,0.845,1.03178,1.34572,1.70733
23.01.2017,Mon,0.68889,0.72206,0.77111,0.84694,1.03789,1.35239,1.72122
20.01.2017,Fri,0.68833,0.72344,0.77528,0.85056,1.04344,1.35822,1.73289
19.01.2017,Thu,0.69,0.724,0.77639,0.85111,1.04122,1.35156,1.72817
18.01.2017,Wed,0.68944,0.72428,0.77667,0.84806,1.03011,1.3385,1.71039
17.01.2017,Tue,0.69,0.72033,0.76944,0.83778,1.02483,1.33239,1.70233
16.01.2017,Mon,0.69278,0.71944,0.76778,0.83667,1.02372,1.33294,1.70178
13.01.2017,Fri,0.69278,0.72078,0.76833,0.835,1.02317,1.33156,1.69844
12.01.2017,Thu,0.69278,0.71733,0.76722,0.83444,1.02178,1.33267,1.69789
11.01.2017,Wed,0.69278,0.71733,0.76722,0.83333,1.02178,1.33461,1.70289
10.01.2017,Tue,0.69333,0.71956,0.765,0.83167,1.01789,1.33378,1.70178
09.01.2017,Mon,0.693,0.71844,0.76333,0.83167,1.01483,1.33156,1.70067
06.01.2017,Fri,0.691,0.71811,0.76333,0.82778,1.01011,1.32433,1.68456
05.01.2017,Thu,0.69222,0.71867,0.76556,0.82444,1.00928,1.321,1.689
04.01.2017,Wed,0.69044,0.71833,0.76556,0.82278,1.00511,1.32156,1.689
03.01.2017,Tue,0.69544,0.72333,0.77333,0.82,0.99872,1.31767,1.689
30.12.2016,Fri,0.69211,0.72333,0.77167,0.81944,0.99789,1.31767,1.68567
29.12.2016,Thu,0.68822,0.72333,0.77111,0.81944,0.99789,1.31767,1.68733
28.12.2016,Wed,0.68656,0.71533,0.77,0.81611,0.99817,1.31767,1.69011
23.12.2016,Fri,0.69378,0.71144,0.76111,0.81444,0.99706,1.31656,1.68956
22.12.2016,Thu,0.68656,0.71144,0.75611,0.81333,0.99706,1.316,1.68789
21.12.2016,Wed,0.686,0.70778,0.755,0.81139,0.99761,1.316,1.68956
20.12.2016,Tue,0.68378,0.705,0.749,0.81056,0.99622,1.32044,1.69067
19.12.2016,Mon,0.68111,0.70306,0.744,0.81,0.99428,1.31767,1.69178
16.12.2016,Fri,0.68389,0.70444,0.739,0.80944,0.99733,1.31989,1.69344
15.12.2016,Thu,0.67889,0.70389,0.73622,0.80611,0.99317,1.32267,1.69956
14.12.2016,Wed,0.43867,0.68406,0.70728,0.78778,0.97039,1.29822,1.65456
13.12.2016,Tue,0.437,0.67317,0.70389,0.7825,0.96344,1.29822,1.654
12.12.2016,Mon,0.437,0.64544,0.69472,0.775,0.95872,1.29878,1.65456
09.12.2016,Fri,0.43422,0.60822,0.68,0.77139,0.9565,1.296,1.64844
08.12.2016,Thu,0.43311,0.56628,0.66389,0.76583,0.95306,1.29322,1.64456
07.12.2016,Wed,0.43367,0.49378,0.65417,0.75639,0.95083,1.29322,1.64511
06.12.2016,Tue,0.43422,0.47044,0.64889,0.75361,0.95083,1.29322,1.64567
05.12.2016,Mon,0.43478,0.46156,0.65194,0.75139,0.94806,1.291,1.644
02.12.2016,Fri,0.43478,0.461,0.64667,0.74861,0.94639,1.29156,1.64456
01.12.2016,Thu,0.43422,0.45822,0.6345,0.74389,0.94167,1.291,1.64344
30.11.2016,Wed,0.43056,0.45822,0.62367,0.7425,0.93417,1.28878,1.639
29.11.2016,Tue,0.43422,0.46044,0.61672,0.73444,0.93067,1.29267,1.64067
28.11.2016,Mon,0.43422,0.45878,0.60561,0.73194,0.93511,1.28989,1.64122
25.11.2016,Fri,0.43478,0.45822,0.60589,0.73194,0.93733,1.28989,1.64511
24.11.2016,Thu,0.43422,0.45822,0.60256,0.73389,0.93706,1.28878,1.64344
23.11.2016,Wed,0.43422,0.45589,0.592,0.72583,0.93011,1.27989,1.62956
22.11.2016,Tue,0.43367,0.45811,0.58422,0.72028,0.92483,1.27822,1.62789
21.11.2016,Mon,0.43367,0.45978,0.56778,0.71056,0.91983,1.27433,1.62289
18.11.2016,Fri,0.43367,0.45978,0.566,0.70667,0.91622,1.27933,1.62067
17.11.2016,Thu,0.43456,0.45922,0.56178,0.70333,0.91122,1.27489,1.60456
16.11.2016,Wed,0.43289,0.457,0.55456,0.69889,0.90872,1.27544,1.61178
15.11.2016,Tue,0.43289,0.45894,0.55011,0.69389,0.90622,1.27211,1.60456
14.11.2016,Mon,0.43344,0.45922,0.54206,0.70167,0.91122,1.27489,1.61011
11.11.2016,Fri,0.43233,0.45922,0.53817,0.69489,0.90567,1.26211,1.58789
10.11.2016,Thu,0.43233,0.45978,0.53817,0.69194,0.90206,1.25822,1.58344
09.11.2016,Wed,0.43233,0.45728,0.53644,0.67617,0.8865,1.24267,1.55622
08.11.2016,Tue,0.434,0.45978,0.537,0.67617,0.88233,1.25378,1.56789
07.11.2016,Mon,0.43456,0.45894,0.53533,0.67061,0.88678,1.25156,1.56844
04.11.2016,Fri,0.43511,0.45839,0.53533,0.66811,0.88261,1.24544,1.559
03.11.2016,Thu,0.43678,0.4595,0.53256,0.66644,0.88094,1.24711,1.56011
02.11.2016,Wed,0.43733,0.46033,0.532,0.66556,0.87567,1.24822,1.56511
01.11.2016,Tue,0.43456,0.45867,0.53044,0.66833,0.88094,1.25656,1.57567
31.10.2016,Mon,0.43344,0.45978,0.53378,0.67111,0.88428,1.256,1.57511
28.10.2016,Fri,0.43544,0.45978,0.53267,0.67222,0.88594,1.25822,1.58233
27.10.2016,Thu,0.43489,0.457,0.53433,0.67278,0.88733,1.25878,1.58233
26.10.2016,Wed,0.43433,0.45589,0.53478,0.67,0.89039,1.261,1.57956
25.10.2016,Tue,0.43433,0.45478,0.53589,0.66944,0.88567,1.26044,1.57844
24.10.2016,Mon,0.43211,0.45589,0.534,0.66889,0.88372,1.25572,1.57067
21.10.2016,Fri,0.43322,0.45644,0.534,0.66722,0.88178,1.25711,1.57178
20.10.2016,Thu,0.43322,0.45756,0.524,0.66722,0.88178,1.25628,1.56622
19.10.2016,Wed,0.43378,0.45756,0.52456,0.66111,0.88067,1.25572,1.564
18.10.2016,Tue,0.43322,0.45811,0.52567,0.66111,0.88122,1.26072,1.57122
17.10.2016,Mon,0.43322,0.46033,0.52789,0.66111,0.87761,1.26433,1.58067
14.10.2016,Fri,0.43044,0.45922,0.53567,0.65789,0.88167,1.26228,1.58567
13.10.2016,Thu,0.431,0.45867,0.53456,0.65789,0.88,1.26228,1.58733
12.10.2016,Wed,0.42878,0.45867,0.53456,0.654,0.88111,1.26367,1.59567
11.10.2016,Tue,0.42767,0.45644,0.53067,0.65389,0.8775,1.2635,1.59122
10.10.2016,Mon,0.42656,0.45533,0.52956,0.65278,0.87389,1.26033,1.58622
07.10.2016,Fri,0.42656,0.45533,0.529,0.65589,0.87606,1.26222,1.58711
06.10.2016,Thu,0.42878,0.45644,0.52956,0.65589,0.87156,1.26244,1.58122
05.10.2016,Wed,0.42822,0.45589,0.52567,0.65122,0.86794,1.25578,1.57267
04.10.2016,Tue,0.42433,0.45756,0.52722,0.65011,0.86433,1.25139,1.56567
03.10.2016,Mon,0.42267,0.46256,0.52833,0.649,0.85789,1.24778,1.559
30.09.2016,Fri,0.42378,0.45672,0.53111,0.649,0.85367,1.23972,1.55178
29.09.2016,Thu,0.41989,0.44867,0.52722,0.649,0.84561,1.23778,1.55633
28.09.2016,Wed,0.42063,0.44788,0.52438,0.64438,0.83769,1.23363,1.55138
27.09.2016,Tue,0.42544,0.45256,0.52667,0.65122,0.85378,1.24194,1.55122
26.09.2016,Mon,0.42433,0.45228,0.52444,0.65011,0.85294,1.24444,1.55522
23.09.2016,Fri,0.42322,0.45339,0.52222,0.65706,0.85294,1.24472,1.55744
22.09.2016,Thu,0.42322,0.45589,0.52528,0.66056,0.85672,1.24833,1.56133
21.09.2016,Wed,0.42211,0.45783,0.54633,0.67722,0.86333,1.25878,1.57078
20.09.2016,Tue,0.42211,0.45756,0.54306,0.67478,0.86589,1.25939,1.56467
19.09.2016,Mon,0.42156,0.45478,0.53617,0.67067,0.86067,1.25656,1.55578
16.09.2016,Fri,0.42044,0.45228,0.53178,0.66878,0.85711,1.24733,1.54489
15.09.2016,Thu,0.42156,0.45367,0.53094,0.66989,0.85656,1.25217,1.55011
14.09.2016,Wed,0.42211,0.44922,0.52956,0.66944,0.85389,1.25283,1.55622
13.09.2016,Tue,0.421,0.44589,0.52428,0.66722,0.85028,1.24894,1.554
12.09.2016,Mon,0.421,0.44533,0.52772,0.67022,0.85578,1.25528,1.56644
09.09.2016,Fri,0.42156,0.44506,0.52689,0.66967,0.85222,1.25,1.55678
08.09.2016,Thu,0.42211,0.44522,0.51822,0.66467,0.84544,1.23472,1.54033
07.09.2016,Wed,0.42156,0.44383,0.51322,0.65967,0.83356,1.23361,1.53922
06.09.2016,Tue,0.42044,0.443,0.51656,0.663,0.84067,1.25006,1.56133
05.09.2016,Mon,0.42044,0.44328,0.51933,0.66189,0.83344,1.24867,1.56244
02.09.2016,Fri,0.42044,0.443,0.52572,0.66189,0.83511,1.24706,1.55944
01.09.2016,Thu,0.41611,0.443,0.52294,0.66522,0.83567,1.25122,1.56556
31.08.2016,Wed,0.41944,0.44356,0.52489,0.663,0.83933,1.2445,1.55711
30.08.2016,Tue,0.41944,0.44383,0.52322,0.66356,0.84211,1.2445,1.55933
26.08.2016,Fri,0.41833,0.44244,0.52439,0.65367,0.83344,1.2315,1.53656
25.08.2016,Thu,0.41989,0.44217,0.52383,0.65122,0.82933,1.22428,1.52611
24.08.2016,Wed,0.41833,0.443,0.51994,0.64956,0.82544,1.22344,1.52656
23.08.2016,Tue,0.41778,0.44356,0.52439,0.65511,0.82544,1.229,1.531
22.08.2016,Mon,0.41667,0.44467,0.52217,0.64733,0.82544,1.229,1.53294
19.08.2016,Fri,0.41556,0.44272,0.52106,0.64678,0.81711,1.21456,1.52322
18.08.2016,Thu,0.41722,0.44106,0.51244,0.63928,0.811,1.21011,1.51544
17.08.2016,Wed,0.41722,0.44078,0.51411,0.63567,0.81128,1.20678,1.51961
16.08.2016,Tue,0.41778,0.44133,0.50744,0.63183,0.80128,1.19456,1.49822
15.08.2016,Mon,0.41889,0.44078,0.50744,0.63206,0.80411,1.19744,1.50661
12.08.2016,Fri,0.4191,0.4427,0.50665,0.63255,0.81825,1.2067,1.5257
11.08.2016,Thu,0.4202,0.44345,0.50765,0.6288,0.817,1.20395,1.5195
10.08.2016,Wed,0.4197,0.4437,0.51765,0.6328,0.8176,1.2037,1.5245
09.08.2016,Tue,0.4188,0.44245,0.51315,0.62955,0.816,1.1962,1.5225
08.08.2016,Mon,0.4189,0.4431,0.5119,0.6268,0.8065,1.1852,1.5081
05.08.2016,Fri,0.4189,0.44235,0.5039,0.6148,0.79235,1.1607,1.4751
04.08.2016,Thu,0.4179,0.4431,0.4984,0.6123,0.7876,1.1582,1.4766
03.08.2016,Wed,0.4174,0.4441,0.4969,0.61105,0.7776,1.1442,1.4546
02.08.2016,Tue,0.4179,0.4441,0.4939,0.6084,0.7676,1.1272,1.4426
01.08.2016,Mon,0.4144,0.4461,0.4939,0.6069,0.7591,1.1147,1.4336
29.07.2016,Fri,0.4129,0.4456,0.4959,0.6074,0.7591,1.1117,1.4321
28.07.2016,Thu,0.4159,0.4461,0.4939,0.6014,0.7565,1.0922,1.42
27.07.2016,Wed,0.4164,0.4386,0.49565,0.60265,0.7515,1.0867,1.4136
26.07.2016,Tue,0.4179,0.4391,0.49265,0.6012,0.743,1.0732,1.3986
25.07.2016,Mon,0.4179,0.4391,0.4909,0.5945,0.7335,1.0597,1.3859
22.07.2016,Fri,0.4179,0.4366,0.4904,0.587,0.721,1.0444,1.3719
21.07.2016,Thu,0.4179,0.4371,0.4879,0.581,0.7145,1.0319,1.3589
20.07.2016,Wed,0.4174,0.4386,0.4874,0.577,0.7016,1.0202,1.3449
19.07.2016,Tue,0.4159,0.439,0.4853,0.5767,0.6971,1.0073,1.3289
18.07.2016,Mon,0.4159,0.4385,0.48655,0.57495,0.6956,1.0028,1.3264
15.07.2016,Fri,0.4152,0.4378,0.4833,0.5705,0.68785,0.9938,1.30825
14.07.2016,Thu,0.4122,0.43655,0.4821,0.56425,0.6791,0.98335,1.298
13.07.2016,Wed,0.4127,0.4358,0.48135,0.56325,0.6801,0.9801,1.2934
12.07.2016,Tue,0.4122,0.4368,0.47935,0.56275,0.67335,0.966,1.2845
11.07.2016,Mon,0.4137,0.4368,0.47785,0.56145,0.6691,0.9514,1.2695
08.07.2016,Fri,0.4122,0.4358,0.4758,0.5594,0.6671,0.9374,1.253
07.07.2016,Thu,0.4127,0.4378,0.4743,0.55525,0.6646,0.9349,1.2465
06.07.2016,Wed,0.4112,0.4383,0.47255,0.55425,0.6611,0.92415,1.2305
05.07.2016,Tue,0.4096,0.43545,0.4703,0.55025,0.6571,0.9274,1.23375
04.07.2016,Mon,0.4061,0.4362,0.46955,0.55,0.65635,0.92815,1.235
01.07.2016,Fri,0.4061,0.43645,0.46755,0.5475,0.65335,0.92365,1.225
30.06.2016,Thu,0.4116,0.4402,0.46505,0.549,0.6541,0.92415,1.23025
29.06.2016,Wed,0.4051,0.4404,0.46655,0.542,0.6461,0.91365,1.21625
28.06.2016,Tue,0.4016,0.43645,0.4603,0.53365,0.6311,0.89815,1.20475
27.06.2016,Mon,0.4001,0.43195,0.4588,0.5294,0.6271,0.88685,1.1957
24.06.2016,Fri,0.3934,0.42095,0.4493,0.5244,0.6236,0.8941,1.2052
23.06.2016,Thu,0.3911,0.4162,0.4533,0.53315,0.6401,0.9289,1.24975
22.06.2016,Wed,0.3896,0.41165,0.45205,0.53265,0.6401,0.92965,1.251
21.06.2016,Tue,0.3901,0.41545,0.4508,0.5339,0.64185,0.93115,1.2525
20.06.2016,Mon,0.3901,0.4121,0.44805,0.5362,0.6465,0.93065,1.2515
17.06.2016,Fri,0.3865,0.4102,0.4478,0.53575,0.6444,0.92465,1.24075
16.06.2016,Thu,0.3855,0.4075,0.44805,0.53375,0.6466,0.9246,1.2385
15.06.2016,Wed,0.385,0.40995,0.44605,0.53815,0.65635,0.9429,1.26525
14.06.2016,Tue,0.3855,0.4104,0.4423,0.53805,0.6548,0.9339,1.25325
13.06.2016,Mon,0.3855,0.41075,0.44205,0.5372,0.6525,0.9364,1.25925
10.06.2016,Fri,0.3861,0.41185,0.44655,0.5397,0.6556,0.94415,1.2735
09.06.2016,Thu,0.3856,0.41075,0.44705,0.54015,0.65605,0.9439,1.27425
08.06.2016,Wed,0.3876,0.408,0.4453,0.5373,0.658,0.947,1.27835
07.06.2016,Tue,0.3865,0.408,0.4458,0.5361,0.6566,0.9489,1.2851
06.06.2016,Mon,0.3861,0.40775,0.44705,0.537,0.66065,0.9542,1.2856
03.06.2016,Fri,0.3861,0.40915,0.4648,0.5598,0.68215,0.9857,1.3314
02.06.2016,Thu,0.3855,0.408,0.46305,0.55575,0.6801,0.9839,1.3324
01.06.2016,Wed,0.3855,0.4083,0.46955,0.5646,0.6813,0.9854,1.3284
31.05.2016,Tue,0.3865,0.4082,0.46885,0.56815,0.6858,0.9931,1.3374
27.05.2016,Fri,0.385,0.407,0.45665,0.55795,0.67305,0.9781,1.3167
26.05.2016,Thu,0.3861,0.4061,0.45445,0.55735,0.67405,0.9771,1.3207
25.05.2016,Wed,0.3861,0.4055,0.4497,0.5531,0.66655,0.9756,1.3227
24.05.2016,Tue,0.385,0.4059,0.4442,0.5461,0.6653,0.96815,1.31235
23.05.2016,Mon,0.385,0.4046,0.446,0.5469,0.6623,0.9579,1.303
20.05.2016,Fri,0.3845,0.4061,0.44325,0.5439,0.6613,0.9554,1.302
19.05.2016,Thu,0.384,0.407,0.443,0.5414,0.6539,0.9571,1.2985
18.05.2016,Wed,0.385,0.4035,0.43845,0.5234,0.6356,0.93085,1.26965
17.05.2016,Tue,0.386,0.4055,0.4387,0.5209,0.6251,0.9116,1.24235
16.05.2016,Mon,0.3855,0.4045,0.4362,0.5194,0.6261,0.9064,1.23265
13.05.2016,Fri,0.3855,0.4058,0.43395,0.5164,0.6276,0.9069,1.2289
12.05.2016,Thu,0.385,0.4049,0.43445,0.5164,0.6261,0.90665,1.2269
11.05.2016,Wed,0.385,0.4034,0.43465,0.5174,0.6266,0.9049,1.22515
10.05.2016,Tue,0.3845,0.40415,0.4373,0.519,0.6281,0.9049,1.2244
09.05.2016,Mon,0.385,0.40415,0.43865,0.519,0.6296,0.9054,1.22715
05.05.2016,Thu,0.385,0.4068,0.43715,0.52065,0.6318,0.9083,1.2303
04.05.2016,Wed,0.3858,0.4032,0.4359,0.5219,0.6341,0.9071,1.23005
03.05.2016,Tue,0.3857,0.405,0.4359,0.522,0.6329,0.90715,1.2318
29.04.2016,Fri,0.3837,0.4055,0.43575,0.523,0.6366,0.90415,1.2295
28.04.2016,Thu,0.3827,0.404,0.4388,0.5243,0.6366,0.90465,1.23
27.04.2016,Wed,0.3802,0.401,0.4352,0.52425,0.63835,0.9139,1.2441
26.04.2016,Tue,0.3807,0.4003,0.4377,0.5225,0.63435,0.9119,1.2426
25.04.2016,Mon,0.3812,0.3994,0.43695,0.523,0.63385,0.9104,1.23885
22.04.2016,Fri,0.3812,0.399,0.43645,0.523,0.63585,0.90865,1.23635
21.04.2016,Thu,0.3817,0.399,0.43885,0.52575,0.6381,0.91315,1.23935
20.04.2016,Wed,0.3822,0.399,0.44125,0.5275,0.6351,0.90415,1.2248
19.04.2016,Tue,0.3827,0.4021,0.44115,0.5265,0.63485,0.90365,1.2247
18.04.2016,Mon,0.3812,0.4011,0.43875,0.5255,0.63435,0.9009,1.2183
15.04.2016,Fri,0.3807,0.4015,0.43625,0.52375,0.6331,0.9019,1.22125
14.04.2016,Thu,0.3797,0.3975,0.43625,0.52275,0.63285,0.9024,1.2208
13.04.2016,Wed,0.3802,0.39725,0.43275,0.51985,0.62835,0.89915,1.21755
12.04.2016,Tue,0.3792,0.397,0.43715,0.52075,0.6296,0.89415,1.20905
11.04.2016,Mon,0.3792,0.39525,0.4359,0.521,0.62985,0.8964,1.20755
08.04.2016,Fri,0.3775,0.395,0.4347,0.5197,0.6308,0.8949,1.20455
07.04.2016,Thu,0.3782,0.39625,0.43645,0.5197,0.6288,0.89465,1.20555
06.04.2016,Wed,0.3782,0.3935,0.439,0.5225,0.6306,0.8972,1.2116
05.04.2016,Tue,0.3777,0.3958,0.4385,0.52305,0.6266,0.8919,1.2053
04.04.2016,Mon,0.3794,0.396,0.4402,0.5225,0.6301,0.9041,1.2215
01.04.2016,Fri,0.3791,0.3961,0.43735,0.521,0.6291,0.9011,1.2134
31.03.2016,Thu,0.3831,0.3961,0.43725,0.51975,0.6286,0.8997,1.2104
30.03.2016,Wed,0.3772,0.39685,0.434,0.5155,0.6251,0.8989,1.21415
29.03.2016,Tue,0.3755,0.3925,0.4329,0.5194,0.63085,0.9139,1.23865
24.03.2016,Thu,0.3745,0.39355,0.435,0.5195,0.6286,0.9109,1.23115
23.03.2016,Wed,0.3753,0.39405,0.433,0.521,0.6301,0.9131,1.2374
22.03.2016,Tue,0.3743,0.39725,0.4315,0.5197,0.62835,0.9049,1.2244
21.03.2016,Mon,0.3743,0.4017,0.4318,0.5192,0.6246,0.89815,1.21365
18.03.2016,Fri,0.3743,0.3987,0.4283,0.5142,0.6243,0.8912,1.21145
17.03.2016,Thu,0.3748,0.39765,0.4321,0.5154,0.6234,0.8883,1.2022
16.03.2016,Wed,0.3743,0.3994,0.4399,0.524,0.639,0.9174,1.2447
15.03.2016,Tue,0.3753,0.402,0.44125,0.52495,0.64195,0.9123,1.237
14.03.2016,Mon,0.3743,0.4018,0.4413,0.5235,0.63955,0.9104,1.2312
11.03.2016,Fri,0.3725,0.3982,0.4362,0.5204,0.63385,0.9055,1.2245
10.03.2016,Thu,0.3725,0.3971,0.4381,0.5206,0.63235,0.9005,1.211
09.03.2016,Wed,0.372,0.39485,0.438,0.521,0.6346,0.8984,1.209
08.03.2016,Tue,0.372,0.3974,0.44185,0.52295,0.63515,0.8977,1.207
07.03.2016,Mon,0.372,0.3991,0.4405,0.5255,0.6361,0.90065,1.21225
04.03.2016,Fri,0.372,0.3979,0.438,0.52325,0.6335,0.89205,1.194
03.03.2016,Thu,0.373,0.3989,0.4405,0.52175,0.6356,0.8949,1.20045
02.03.2016,Wed,0.3715,0.3964,0.4376,0.5201,0.63485,0.889,1.1955
01.03.2016,Tue,0.3679,0.39275,0.43525,0.5175,0.6316,0.88265,1.179
29.02.2016,Mon,0.3715,0.3973,0.4405,0.52175,0.6331,0.8859,1.17875
26.02.2016,Fri,0.3745,0.39745,0.4385,0.523,0.6351,0.88065,1.161
25.02.2016,Thu,0.3743,0.39405,0.4385,0.521,0.6356,0.88045,1.1602
24.02.2016,Wed,0.3715,0.3951,0.4338,0.5206,0.6346,0.8783,1.15475
23.02.2016,Tue,0.371,0.3907,0.4358,0.5213,0.6291,0.88105,1.157
22.02.2016,Mon,0.371,0.3923,0.4335,0.51975,0.6246,0.88155,1.1585
19.02.2016,Fri,0.3709,0.39305,0.4335,0.5172,0.6182,0.8679,1.13975
18.02.2016,Thu,0.3714,0.392,0.432,0.51895,0.6182,0.8704,1.142
17.02.2016,Wed,0.37,0.3916,0.43005,0.51675,0.6194,0.8666,1.13465
16.02.2016,Tue,0.371,0.3905,0.4295,0.51605,0.6182,0.86585,1.13215
15.02.2016,Mon,0.3708,0.3934,0.42925,0.5158,0.6182,0.8636,1.12825
12.02.2016,Fri,0.3708,0.3912,0.4305,0.51605,0.6182,0.85785,1.1156
11.02.2016,Thu,0.3715,0.3952,0.427,0.5128,0.6172,0.85835,1.117
10.02.2016,Wed,0.3731,0.3939,0.4265,0.51475,0.6176,0.8655,1.13355
09.02.2016,Tue,0.3771,0.3972,0.4285,0.51555,0.6205,0.8659,1.13055
08.02.2016,Mon,0.3763,0.3905,0.42925,0.518,0.621,0.8706,1.13995
05.02.2016,Fri,0.37,0.3866,0.4289,0.52095,0.6197,0.8672,1.1355
04.02.2016,Thu,0.3704,0.3876,0.4277,0.51675,0.6202,0.8649,1.1285
03.02.2016,Wed,0.3686,0.3874,0.4285,0.52085,0.6206,0.86265,1.1304
02.02.2016,Tue,0.369,0.3925,0.4285,0.5196,0.6192,0.86485,1.13785
01.02.2016,Mon,0.366,0.3894,0.427,0.5241,0.6186,0.865,1.14025
29.01.2016,Fri,0.3674,0.39385,0.425,0.5206,0.6126,0.86025,1.13975
28.01.2016,Thu,0.3684,0.3955,0.4262,0.5234,0.6156,0.86575,1.15105
27.01.2016,Wed,0.3659,0.39135,0.428,0.5215,0.6181,0.865,1.15045
26.01.2016,Tue,0.3657,0.38975,0.4306,0.5256,0.6211,0.86425,1.1512
25.01.2016,Mon,0.366,0.38765,0.4306,0.5223,0.6213,0.8657,1.1529
22.01.2016,Fri,0.3659,0.3893,0.4255,0.5185,0.6191,0.865,1.15595
21.01.2016,Thu,0.3658,0.3864,0.4265,0.5168,0.6186,0.85775,1.1437
20.01.2016,Wed,0.3655,0.3866,0.4253,0.5148,0.6213,0.85325,1.14045
19.01.2016,Tue,0.366,0.3875,0.425,0.5138,0.6243,0.85775,1.15045
18.01.2016,Mon,0.3661,0.3853,0.426,0.5133,0.6238,0.85325,1.1463
15.01.2016,Fri,0.3661,0.3875,0.4255,0.5133,0.6196,0.84905,1.1451
14.01.2016,Thu,0.3661,0.3851,0.4255,0.514,0.6211,0.8573,1.1586
13.01.2016,Wed,0.3663,0.3859,0.4255,0.5125,0.622,0.8597,1.1631
12.01.2016,Tue,0.3661,0.3864,0.4245,0.51505,0.6236,0.8548,1.1561
11.01.2016,Mon,0.3661,0.38595,0.424,0.51455,0.6221,0.8513,1.1536
08.01.2016,Fri,0.3662,0.38485,0.4238,0.51495,0.6211,0.8508,1.1551
07.01.2016,Thu,0.3651,0.3847,0.4235,0.51115,0.61685,0.8448,1.1471
06.01.2016,Wed,0.3661,0.38715,0.4235,0.5166,0.6201,0.8513,1.16535
05.01.2016,Tue,0.365,0.38625,0.422,0.5148,0.6171,0.8512,1.1731
04.01.2016,Mon,0.3658,0.3875,0.4225,0.5104,0.6117,0.84225,1.16925
31.12.2015,Thu,0.2745,0.38975,0.4295,0.5149,0.6127,0.84615,1.178
30.12.2015,Wed,0.3661,0.392,0.4275,0.5149,0.6122,0.8444,1.17475
29.12.2015,Tue,0.366,0.385,0.4239,0.5104,0.6067,0.8334,1.1595
24.12.2015,Thu,0.3671,0.3897,0.4219,0.5128,0.6031,0.8273,1.1475
23.12.2015,Wed,0.3673,0.3906,0.4216,0.5138,0.6031,0.8275,1.144
22.12.2015,Tue,0.3674,0.39,0.4175,0.5097,0.59435,0.8195,1.131
21.12.2015,Mon,0.3672,0.3904,0.4195,0.5052,0.5931,0.8115,1.12575
18.12.2015,Fri,0.3658,0.38635,0.413,0.4966,0.5855,0.807,1.11425
17.12.2015,Thu,0.3614,0.373,0.4021,0.483,0.5695,0.795,1.109
16.12.2015,Wed,0.1518,0.341,0.36,0.4405,0.5325,0.7699,1.0835
15.12.2015,Tue,0.1355,0.3318,0.3505,0.43675,0.52575,0.755,1.0735
14.12.2015,Mon,0.135,0.2988,0.3445,0.43,0.51775,0.7485,1.06425
11.12.2015,Fri,0.1335,0.2639,0.3305,0.424,0.512,0.7465,1.06675
10.12.2015,Thu,0.1315,0.2222,0.317,0.4129,0.502,0.7359,1.0547
09.12.2015,Wed,0.1295,0.1755,0.3005,0.4014,0.492,0.72965,1.05245
08.12.2015,Tue,0.1295,0.1621,0.2931,0.39,0.4865,0.72115,1.04495
07.12.2015,Mon,0.13,0.16395,0.287,0.3813,0.477,0.71215,1.0402
04.12.2015,Fri,0.1305,0.15845,0.2755,0.3607,0.462,0.6924,1.0177
03.12.2015,Thu,0.1305,0.15885,0.2686,0.3535,0.452,0.68465,1.0112
02.12.2015,Wed,0.1305,0.15785,0.251,0.3374,0.436,0.66945,0.9896
01.12.2015,Tue,0.1305,0.1552,0.24375,0.32975,0.4222,0.6634,0.98435
30.11.2015,Mon,0.128,0.1556,0.243,0.328,0.4162,0.6599,0.9806
27.11.2015,Fri,0.1305,0.1552,0.24375,0.325,0.4142,0.6539,0.97385
26.11.2015,Thu,0.1305,0.15675,0.23275,0.325,0.4117,0.6549,0.9776
25.11.2015,Wed,0.1305,0.15705,0.2315,0.318,0.4067,0.64865,0.97335
24.11.2015,Tue,0.1305,0.1563,0.225,0.311,0.4023,0.64075,0.9666
23.11.2015,Mon,0.1305,0.1569,0.221,0.303,0.3932,0.63315,0.96135
20.11.2015,Fri,0.131,0.1564,0.2115,0.2955,0.3821,0.61865,0.94735
19.11.2015,Thu,0.13,0.15845,0.21325,0.2915,0.3776,0.61175,0.94135
18.11.2015,Wed,0.131,0.1561,0.20675,0.2845,0.3696,0.606,0.93585
17.11.2015,Tue,0.131,0.15675,0.2025,0.2825,0.3671,0.60175,0.93085
16.11.2015,Mon,0.131,0.1563,0.19925,0.282,0.3641,0.60275,0.93235
13.11.2015,Fri,0.131,0.1559,0.19725,0.282,0.3636,0.60375,0.9361
12.11.2015,Thu,0.1305,0.15625,0.197,0.2805,0.3616,0.6005,0.9326
11.11.2015,Wed,0.131,0.15495,0.19575,0.2785,0.3591,0.595,0.92835
10.11.2015,Tue,0.131,0.1562,0.1955,0.276,0.3561,0.59175,0.92485
09.11.2015,Mon,0.131,0.1556,0.197,0.2725,0.3556,0.595,0.93385
06.11.2015,Fri,0.131,0.15495,0.1945,0.26,0.3414,0.5708,0.90115
05.11.2015,Thu,0.131,0.15605,0.19475,0.261,0.3439,0.5707,0.90065
04.11.2015,Wed,0.131,0.1549,0.1932,0.25475,0.3366,0.56065,0.88615
03.11.2015,Tue,0.131,0.1541,0.1922,0.25575,0.3336,0.5574,0.8824
02.11.2015,Mon,0.131,0.15365,0.19,0.25375,0.3341,0.55615,0.87465
30.10.2015,Fri,0.1248,0.1559,0.192,0.25305,0.3341,0.55165,0.8684
29.10.2015,Thu,0.132,0.1575,0.193,0.2535,0.3289,0.5489,0.8629
28.10.2015,Wed,0.132,0.1531,0.1883,0.24625,0.3219,0.53365,0.83615
27.10.2015,Tue,0.1315,0.1528,0.19075,0.2493,0.3239,0.53465,0.8384
26.10.2015,Mon,0.1315,0.1529,0.19355,0.24935,0.32315,0.53165,0.83815
23.10.2015,Fri,0.1315,0.1545,0.1935,0.2498,0.3229,0.5269,0.8319
22.10.2015,Thu,0.132,0.15625,0.19695,0.253,0.3199,0.5284,0.83415
21.10.2015,Wed,0.132,0.15605,0.1948,0.251,0.3164,0.5269,0.8314
20.10.2015,Tue,0.132,0.15625,0.1965,0.251,0.3204,0.5244,0.82815
19.10.2015,Mon,0.1315,0.1558,0.196,0.2495,0.31665,0.5179,0.82615
16.10.2015,Fri,0.132,0.1555,0.19425,0.2495,0.31715,0.5184,0.82565
15.10.2015,Thu,0.1325,0.1545,0.19675,0.24975,0.31515,0.5159,0.8164
14.10.2015,Wed,0.132,0.1538,0.199,0.2516,0.31705,0.52015,0.8289
13.10.2015,Tue,0.132,0.15595,0.19575,0.2495,0.3205,0.5245,0.835
12.10.2015,Mon,0.132,0.1553,0.19325,0.25025,0.32075,0.52625,0.8395
09.10.2015,Fri,0.132,0.15645,0.19685,0.2501,0.3206,0.52825,0.84475
08.10.2015,Thu,0.131,0.1553,0.19545,0.2484,0.3196,0.5266,0.84085
07.10.2015,Wed,0.1315,0.156,0.19605,0.251,0.3186,0.5266,0.83985
06.10.2015,Tue,0.132,0.15645,0.1941,0.2498,0.318,0.525,0.83635
05.10.2015,Mon,0.1325,0.157,0.19375,0.2565,0.3232,0.52325,0.8306
02.10.2015,Fri,0.1325,0.15595,0.1947,0.2604,0.3271,0.5345,0.8521
01.10.2015,Thu,0.1325,0.15365,0.194,0.2594,0.324,0.531,0.84735
30.09.2015,Wed,0.1162,0.15115,0.193,0.2595,0.325,0.534,0.8511
29.09.2015,Tue,0.1335,0.15375,0.193,0.259,0.3255,0.5346,0.85235
28.09.2015,Mon,0.1345,0.1571,0.1936,0.2591,0.3266,0.5331,0.85485
25.09.2015,Fri,0.1345,0.1542,0.1943,0.2598,0.3261,0.5361,0.86085
24.09.2015,Thu,0.136,0.15545,0.1943,0.2576,0.3264,0.52975,0.84685
23.09.2015,Wed,0.136,0.1553,0.1939,0.25675,0.3255,0.5268,0.8458
22.09.2015,Tue,0.1355,0.1569,0.1956,0.25475,0.3265,0.52725,0.84155
21.09.2015,Mon,0.1355,0.15525,0.195,0.2554,0.326,0.5255,0.8388
18.09.2015,Fri,0.1375,0.1555,0.1958,0.254,0.3192,0.5264,0.82455
17.09.2015,Thu,0.1375,0.166,0.216,0.27925,0.3451,0.5545,0.8708
16.09.2015,Wed,0.1365,0.1646,0.2128,0.2765,0.3396,0.5495,0.86655
15.09.2015,Tue,0.1365,0.1621,0.20725,0.27145,0.33425,0.54,0.85455
14.09.2015,Mon,0.136,0.161,0.209,0.27395,0.3355,0.54175,0.85455
11.09.2015,Fri,0.1355,0.1593,0.20655,0.27125,0.3372,0.5407,0.85555
10.09.2015,Thu,0.1345,0.157,0.20635,0.272,0.336,0.5405,0.8548
09.09.2015,Wed,0.135,0.1551,0.204,0.26855,0.333,0.539,0.85455
08.09.2015,Tue,0.1355,0.154,0.203,0.26855,0.332,0.538,0.8568
07.09.2015,Mon,0.1355,0.1543,0.2027,0.269,0.333,0.54175,0.86005
04.09.2015,Fri,0.1355,0.1535,0.19925,0.26825,0.332,0.5375,0.8503
03.09.2015,Thu,0.1355,0.1545,0.2043,0.272,0.3335,0.539,0.85355
02.09.2015,Wed,0.133,0.1555,0.2028,0.271,0.3325,0.53925,0.8543
01.09.2015,Tue,0.132,0.154,0.2012,0.272,0.334,0.54275,0.85555
28.08.2015,Fri,0.1335,0.1542,0.19855,0.26625,0.329,0.53425,0.8433
27.08.2015,Thu,0.1335,0.1536,0.197,0.2653,0.3244,0.535,0.8418
26.08.2015,Wed,0.133,0.1525,0.198,0.2651,0.3252,0.5285,0.83105
25.08.2015,Tue,0.1325,0.1525,0.19775,0.2621,0.327,0.5228,0.82735
24.08.2015,Mon,0.133,0.153,0.1994,0.2664,0.3316,0.52455,0.83335
21.08.2015,Fri,0.133,0.15275,0.1994,0.2674,0.3291,0.5298,0.84785
20.08.2015,Thu,0.133,0.1541,0.2004,0.2684,0.3291,0.5328,0.8576
19.08.2015,Wed,0.133,0.155,0.202,0.273,0.33335,0.53405,0.8496
18.08.2015,Tue,0.1325,0.1535,0.20275,0.2695,0.33285,0.5293,0.84435
17.08.2015,Mon,0.1325,0.1535,0.2046,0.27,0.33285,0.5298,0.8491
14.08.2015,Fri,0.1305,0.153,0.1996,0.2657,0.32445,0.5249,0.8441
13.08.2015,Thu,0.1285,0.1518,0.1976,0.2624,0.3205,0.5186,0.8349
12.08.2015,Wed,0.128,0.15075,0.194,0.2548,0.3093,0.5085,0.82215
11.08.2015,Tue,0.1275,0.1506,0.19345,0.2575,0.31435,0.5183,0.8387
10.08.2015,Mon,0.1265,0.1491,0.19255,0.2595,0.3142,0.5197,0.8467
07.08.2015,Fri,0.126,0.1497,0.19125,0.2554,0.3116,0.51005,0.83585
06.08.2015,Thu,0.126,0.1505,0.1915,0.25375,0.3114,0.5091,0.8351
05.08.2015,Wed,0.1265,0.149,0.1935,0.2505,0.3109,0.50375,0.83185
04.08.2015,Tue,0.1265,0.1502,0.19075,0.24145,0.3011,0.48585,0.8052
03.08.2015,Mon,0.1265,0.15,0.1905,0.24575,0.3037,0.4876,0.80885
31.07.2015,Fri,0.1214,0.1491,0.19175,0.2495,0.3086,0.4899,0.82835
30.07.2015,Thu,0.1265,0.1495,0.1885,0.24425,0.3001,0.4799,0.8136
29.07.2015,Wed,0.126,0.1469,0.18955,0.24175,0.2968,0.47465,0.8011
28.07.2015,Tue,0.126,0.1505,0.1908,0.24395,0.2968,0.47365,0.8042
27.07.2015,Mon,0.126,0.151,0.189,0.243,0.2941,0.46895,0.80095
24.07.2015,Fri,0.1265,0.15,0.189,0.243,0.2936,0.4697,0.8071
23.07.2015,Thu,0.1265,0.149,0.1905,0.2445,0.2951,0.46995,0.8072
22.07.2015,Wed,0.1285,0.147,0.187,0.2405,0.2925,0.46745,0.8046
21.07.2015,Tue,0.1275,0.149,0.185,0.24175,0.2941,0.4707,0.80535
20.07.2015,Mon,0.1275,0.15,0.189,0.2425,0.295,0.4647,0.79535
17.07.2015,Fri,0.128,0.1481,0.1905,0.24075,0.29175,0.4602,0.7757
16.07.2015,Thu,0.128,0.15,0.188,0.238,0.287,0.4557,0.7732
15.07.2015,Wed,0.128,0.15,0.186,0.23875,0.2885,0.46195,0.77295
14.07.2015,Tue,0.128,0.1485,0.187,0.24,0.2885,0.46345,0.77895
13.07.2015,Mon,0.128,0.149,0.1873,0.24005,0.2888,0.4634,0.7812
10.07.2015,Fri,0.1265,0.1481,0.186,0.238,0.2858,0.454,0.7627
09.07.2015,Thu,0.1255,0.148,0.1867,0.2363,0.286,0.4499,0.75335
08.07.2015,Wed,0.1255,0.149,0.1885,0.23385,0.28345,0.4459,0.75035
07.07.2015,Tue,0.126,0.1495,0.1895,0.235,0.28325,0.44445,0.75985
06.07.2015,Mon,0.1255,0.147,0.1865,0.2311,0.28425,0.4447,0.76185
03.07.2015,Fri,0.1255,0.148,0.1884,0.2319,0.2843,0.448,0.7716
02.07.2015,Thu,0.125,0.148,0.18815,0.2342,0.2835,0.4547,0.7871
01.07.2015,Wed,0.123,0.149,0.185,0.23375,0.2836,0.44835,0.77775
30.06.2015,Tue,0.112,0.148,0.1865,0.2341,0.2832,0.44485,0.7715
29.06.2015,Mon,0.1236,0.1475,0.1866,0.2337,0.2837,0.44285,0.766
26.06.2015,Fri,0.124,0.146,0.1866,0.2345,0.28175,0.4464,0.7765
25.06.2015,Thu,0.1245,0.146,0.186,0.234,0.282,0.44705,0.77425
24.06.2015,Wed,0.1235,0.146,0.1865,0.23425,0.28075,0.4468,0.77575
23.06.2015,Tue,0.124,0.148,0.187,0.233,0.28075,0.4438,0.76875
22.06.2015,Mon,0.1245,0.148,0.187,0.23525,0.28225,0.44405,0.766
19.06.2015,Fri,0.1245,0.147,0.187,0.2338,0.2813,0.44365,0.7666
18.06.2015,Thu,0.1235,0.1472,0.18675,0.2343,0.2808,0.4434,0.76635
17.06.2015,Wed,0.123,0.144,0.1875,0.2365,0.2857,0.45205,0.79135
16.06.2015,Tue,0.1235,0.1475,0.185,0.23425,0.28625,0.45185,0.7896
15.06.2015,Mon,0.1235,0.1477,0.18525,0.23475,0.28325,0.44985,0.79185
12.06.2015,Fri,0.123,0.1475,0.18475,0.23425,0.28605,0.4484,0.7908
11.06.2015,Thu,0.123,0.1475,0.1855,0.2375,0.28585,0.4448,0.78795
10.06.2015,Wed,0.123,0.144,0.18875,0.2365,0.28785,0.44155,0.78195
09.06.2015,Tue,0.123,0.147,0.1875,0.235,0.2855,0.43795,0.7682
08.06.2015,Mon,0.123,0.1475,0.1854,0.235,0.2822,0.4334,0.7722
05.06.2015,Fri,0.123,0.1475,0.183,0.23145,0.2812,0.4239,0.7492
04.06.2015,Thu,0.123,0.14725,0.18405,0.2337,0.2789,0.42185,0.74795
03.06.2015,Wed,0.123,0.1445,0.185,0.236,0.2792,0.4204,0.74545
02.06.2015,Tue,0.1235,0.1473,0.1848,0.2352,0.2787,0.4219,0.74995
01.06.2015,Mon,0.123,0.147,0.183,0.23705,0.2825,0.42365,0.7477
29.05.2015,Fri,0.121,0.15025,0.184,0.23675,0.28375,0.42465,0.7497
28.05.2015,Thu,0.123,0.15,0.184,0.23425,0.28275,0.42315,0.75295
27.05.2015,Wed,0.123,0.14575,0.18535,0.23065,0.2835,0.42305,0.7526
26.05.2015,Tue,0.123,0.148,0.1863,0.2346,0.28585,0.425,0.75685
22.05.2015,Fri,0.124,0.14775,0.18485,0.232,0.2845,0.41865,0.7376
21.05.2015,Thu,0.124,0.1485,0.18475,0.231,0.282,0.41815,0.7391
20.05.2015,Wed,0.124,0.1465,0.18475,0.23245,0.2835,0.417,0.73935
19.05.2015,Tue,0.124,0.1485,0.18675,0.23245,0.281,0.4155,0.7276
18.05.2015,Mon,0.124,0.1485,0.184,0.22575,0.276,0.41425,0.7251
15.05.2015,Fri,0.124,0.149,0.1862,0.22475,0.2765,0.41275,0.72335
14.05.2015,Thu,0.123,0.14675,0.18335,0.22375,0.276,0.41275,0.72285
13.05.2015,Wed,0.123,0.14575,0.1856,0.22465,0.2739,0.41415,0.73035
12.05.2015,Tue,0.123,0.14875,0.1856,0.22525,0.275,0.41455,0.7346
11.05.2015,Mon,0.123,0.14825,0.1856,0.22785,0.2766,0.41265,0.7241
08.05.2015,Fri,0.123,0.1485,0.18475,0.228,0.27985,0.41425,0.7326
07.05.2015,Thu,0.123,0.1485,0.1815,0.228,0.27885,0.41475,0.7361
06.05.2015,Wed,0.123,0.1453,0.18025,0.2279,0.276,0.4164,0.7341
05.05.2015,Tue,0.123,0.149,0.1805,0.2296,0.2759,0.41275,0.72135
01.05.2015,Fri,0.122,0.1475,0.18225,0.23275,0.27975,0.4109,0.7176
30.04.2015,Thu,0.12,0.14975,0.181,0.23225,0.27875,0.4079,0.70525
29.04.2015,Wed,0.123,0.1476,0.18025,0.23275,0.27815,0.40765,0.699
28.04.2015,Tue,0.123,0.1495,0.18425,0.23275,0.27815,0.40615,0.696
27.04.2015,Mon,0.1225,0.14525,0.18125,0.23175,0.279,0.40765,0.70115
24.04.2015,Fri,0.1225,0.144,0.1815,0.23225,0.279,0.4089,0.7059
23.04.2015,Thu,0.1225,0.146,0.18125,0.23125,0.277,0.40865,0.7064
22.04.2015,Wed,0.122,0.14645,0.18175,0.23025,0.2775,0.4049,0.69915
21.04.2015,Tue,0.1225,0.14925,0.1815,0.22945,0.27725,0.40565,0.7009
20.04.2015,Mon,0.122,0.14775,0.1805,0.22745,0.276,0.4054,0.69515
17.04.2015,Fri,0.122,0.1475,0.18025,0.2285,0.27575,0.4029,0.68465
16.04.2015,Thu,0.122,0.147,0.18055,0.226,0.2751,0.40265,0.6914
15.04.2015,Wed,0.122,0.14375,0.1804,0.22625,0.27435,0.4014,0.69265
14.04.2015,Tue,0.122,0.14675,0.1825,0.22675,0.27555,0.4049,0.7001
13.04.2015,Mon,0.122,0.147,0.1815,0.22725,0.2753,0.40515,0.70335
10.04.2015,Fri,0.122,0.14625,0.1785,0.2285,0.277,0.4044,0.69835
09.04.2015,Thu,0.121,0.14575,0.18,0.2285,0.2759,0.4034,0.69435
08.04.2015,Wed,0.121,0.1413,0.18095,0.2265,0.2712,0.3995,0.6891
07.04.2015,Tue,0.122,0.142,0.18015,0.2237,0.27375,0.3984,0.6856
02.04.2015,Thu,0.1215,0.1438,0.17975,0.2205,0.27375,0.40115,0.69235
01.04.2015,Wed,0.1225,0.1444,0.17755,0.2236,0.27075,0.4034,0.6981
31.03.2015,Tue,0.114,0.1407,0.17625,0.2218,0.27075,0.40065,0.6942
30.03.2015,Mon,0.12,0.14425,0.17925,0.2236,0.27415,0.40265,0.6989
27.03.2015,Fri,0.121,0.1425,0.178,0.2231,0.2754,0.4049,0.70215
26.03.2015,Thu,0.121,0.1415,0.17775,0.2215,0.27305,0.4019,0.6999
25.03.2015,Wed,0.1215,0.13975,0.1756,0.2215,0.26855,0.3979,0.69715
24.03.2015,Tue,0.122,0.14025,0.17275,0.2205,0.26935,0.39865,0.6924
23.03.2015,Mon,0.1225,0.142,0.17375,0.2213,0.2668,0.39485,0.6911
20.03.2015,Fri,0.122,0.142,0.174,0.2213,0.2668,0.39735,0.69735
19.03.2015,Thu,0.122,0.1435,0.17325,0.2188,0.26455,0.39385,0.68685
18.03.2015,Wed,0.122,0.1415,0.176,0.2203,0.2703,0.4091,0.71535
17.03.2015,Tue,0.1225,0.141,0.1775,0.223,0.26935,0.4061,0.71335
16.03.2015,Mon,0.123,0.14,0.177,0.2215,0.27015,0.4019,0.71335
13.03.2015,Fri,0.123,0.14,0.1765,0.2212,0.27065,0.4029,0.71335
12.03.2015,Thu,0.1225,0.139,0.1745,0.2202,0.2706,0.4031,0.7136
11.03.2015,Wed,0.122,0.1385,0.176,0.2195,0.2699,0.4014,0.7151
10.03.2015,Tue,0.122,0.1385,0.1779,0.2185,0.2677,0.4042,0.71085
09.03.2015,Mon,0.1215,0.1387,0.1765,0.217,0.2666,0.4041,0.7111
06.03.2015,Fri,0.1215,0.1389,0.175,0.2165,0.2646,0.3976,0.6881
05.03.2015,Thu,0.1215,0.139,0.175,0.215,0.2636,0.3971,0.68885
04.03.2015,Wed,0.1215,0.1385,0.175,0.2147,0.2636,0.3956,0.6886
03.03.2015,Tue,0.1215,0.1385,0.173,0.2155,0.26515,0.3879,0.6871
02.03.2015,Mon,0.1192,0.1365,0.1727,0.2145,0.26095,0.3842,0.68185
27.02.2015,Fri,0.116,0.135,0.173,0.2145,0.26185,0.3807,0.6796
26.02.2015,Thu,0.118,0.139,0.1719,0.2145,0.2616,0.37835,0.66935
25.02.2015,Wed,0.118,0.138,0.172,0.214,0.2609,0.3829,0.6686
24.02.2015,Tue,0.119,0.13875,0.1715,0.214,0.2611,0.38515,0.67735
23.02.2015,Mon,0.119,0.1406,0.171,0.213,0.2616,0.3847,0.6784
20.02.2015,Fri,0.1205,0.1395,0.1715,0.2108,0.2626,0.3857,0.6744
19.02.2015,Thu,0.1185,0.1414,0.1735,0.2147,0.2615,0.3841,0.6709
18.02.2015,Wed,0.118,0.14,0.1735,0.2145,0.2606,0.3853,0.6841
17.02.2015,Tue,0.1175,0.1379,0.1735,0.214,0.2567,0.3819,0.6746
16.02.2015,Mon,0.1175,0.1375,0.173,0.2135,0.2562,0.3809,0.6726
13.02.2015,Fri,0.1175,0.138,0.173,0.212,0.2571,0.3824,0.6736
12.02.2015,Thu,0.1195,0.138,0.172,0.2115,0.2581,0.3769,0.6716
11.02.2015,Wed,0.118,0.1375,0.1717,0.2112,0.2581,0.3783,0.6646
10.02.2015,Tue,0.116,0.1362,0.1717,0.2112,0.2581,0.3768,0.6636
09.02.2015,Mon,0.117,0.134,0.1722,0.2112,0.25835,0.3734,0.656
06.02.2015,Fri,0.1175,0.1365,0.1715,0.2115,0.2556,0.3624,0.6315
05.02.2015,Thu,0.118,0.136,0.171,0.21025,0.2561,0.3624,0.629
04.02.2015,Wed,0.118,0.137,0.1735,0.2105,0.2551,0.3608,0.6254
03.02.2015,Tue,0.1175,0.136,0.171,0.2085,0.2551,0.3588,0.61815
02.02.2015,Mon,0.116,0.136,0.1695,0.2085,0.2521,0.3574,0.6194
30.01.2015,Fri,0.115,0.1351,0.17125,0.2104,0.2531,0.3574,0.6209
29.01.2015,Thu,0.1194,0.1368,0.1709,0.2106,0.2546,0.3579,0.6204
28.01.2015,Wed,0.1177,0.1367,0.1705,0.2115,0.2546,0.3574,0.6179
27.01.2015,Tue,0.1196,0.1371,0.168,0.211,0.2526,0.3554,0.6224
26.01.2015,Mon,0.1199,0.1369,0.169,0.213,0.2561,0.3554,0.6214
23.01.2015,Fri,0.1199,0.1344,0.16775,0.211,0.2561,0.3539,0.6219
22.01.2015,Thu,0.1214,0.1347,0.16825,0.21325,0.2561,0.3574,0.6229
21.01.2015,Wed,0.1214,0.1361,0.16675,0.21575,0.2571,0.3589,0.6219
20.01.2015,Tue,0.1208,0.1355,0.1685,0.2138,0.2567,0.3559,0.6159
19.01.2015,Mon,0.1201,0.1355,0.16875,0.21405,0.2562,0.3559,0.6119
16.01.2015,Fri,0.1201,0.135,0.168,0.2137,0.2566,0.3549,0.6099
15.01.2015,Thu,0.1201,0.1351,0.168,0.2142,0.2526,0.3564,0.6149
14.01.2015,Wed,0.1196,0.1345,0.16825,0.216,0.2536,0.3589,0.6224
13.01.2015,Tue,0.1167,0.133,0.1665,0.2135,0.2533,0.3576,0.6224
12.01.2015,Mon,0.1165,0.1319,0.1665,0.214,0.2528,0.3591,0.6209
09.01.2015,Fri,0.1191,0.1349,0.16675,0.21475,0.2541,0.3619,0.6264
08.01.2015,Thu,0.1191,0.1341,0.16625,0.2142,0.2521,0.3604,0.6289
07.01.2015,Wed,0.1189,0.1342,0.1665,0.2148,0.2521,0.3613,0.6273
06.01.2015,Tue,0.1187,0.1335,0.16775,0.2162,0.2511,0.3603,0.6283
05.01.2015,Mon,0.1164,0.13475,0.168,0.2156,0.2536,0.3623,0.6338
02.01.2015,Fri,0.1126,0.1348,0.1675,0.2142,0.2556,0.3648,0.6328
31.12.2014,Wed,0.0852,0.135,0.17125,0.21445,0.2556,0.3628,0.6288
30.12.2014,Tue,0.1146,0.136,0.1695,0.21625,0.2552,0.3574,0.6288
29.12.2014,Mon,0.1161,0.1326,0.16925,0.21575,0.2551,0.3574,0.6288
24.12.2014,Wed,0.1151,0.133,0.16875,0.21475,0.2566,0.3574,0.6288
23.12.2014,Tue,0.1141,0.13425,0.1695,0.21475,0.2546,0.3574,0.6278
22.12.2014,Mon,0.1142,0.134,0.167,0.21025,0.2551,0.3544,0.6223
19.12.2014,Fri,0.114,0.132,0.16425,0.21,0.2521,0.35,0.6168
18.12.2014,Thu,0.1117,0.1308,0.16545,0.2095,0.2471,0.3436,0.6053
17.12.2014,Wed,0.1108,0.1305,0.1641,0.209,0.24535,0.3436,0.6053
16.12.2014,Tue,0.11,0.131,0.162,0.2079,0.2426,0.3399,0.5993
15.12.2014,Mon,0.1105,0.1319,0.162,0.209,0.2426,0.3414,0.5978
12.12.2014,Fri,0.1104,0.1335,0.161,0.209,0.24285,0.3409,0.6013
11.12.2014,Thu,0.1125,0.1345,0.1608,0.208,0.2406,0.3384,0.6003
10.12.2014,Wed,0.112,0.135,0.1608,0.2075,0.2399,0.3377,0.6026
09.12.2014,Tue,0.11,0.136,0.1585,0.2012,0.23885,0.3379,0.5981
08.12.2014,Mon,0.111,0.1366,0.1617,0.203,0.2376,0.3399,0.6031
05.12.2014,Fri,0.111,0.134,0.158,0.1997,0.2356,0.3304,0.5766
04.12.2014,Thu,0.111,0.1341,0.1572,0.202,0.23535,0.3299,0.575
03.12.2014,Wed,0.1095,0.133,0.157,0.1973,0.23485,0.3262,0.5703
02.12.2014,Tue,0.1067,0.13075,0.15825,0.199,0.2346,0.3279,0.5648
01.12.2014,Mon,0.1017,0.1262,0.15775,0.198,0.2346,0.32895,0.5626
28.11.2014,Fri,0.0977,0.1241,0.154,0.201,0.2336,0.3262,0.5646
27.11.2014,Thu,0.102,0.1246,0.155,0.201,0.2336,0.32645,0.5646
26.11.2014,Wed,0.102,0.1248,0.15575,0.204,0.2356,0.3319,0.5646
25.11.2014,Tue,0.1025,0.12525,0.15625,0.2055,0.2356,0.3287,0.5646
24.11.2014,Mon,0.1015,0.1239,0.1535,0.2045,0.23435,0.3274,0.5643
21.11.2014,Fri,0.1015,0.12575,0.15525,0.2045,0.23285,0.3269,0.5643
20.11.2014,Thu,0.0994,0.124,0.155,0.2055,0.2329,0.3287,0.5618
19.11.2014,Wed,0.0985,0.12175,0.155,0.2039,0.2311,0.32465,0.5628
18.11.2014,Tue,0.0964,0.1218,0.155,0.204,0.23185,0.32565,0.56105
17.11.2014,Mon,0.0945,0.12,0.154,0.2035,0.23185,0.32565,0.56105
14.11.2014,Fri,0.094,0.12025,0.153,0.203,0.2321,0.3264,0.5633
13.11.2014,Thu,0.0939,0.1215,0.1547,0.203,0.2321,0.32615,0.5663
12.11.2014,Wed,0.0945,0.122,0.1528,0.2035,0.2332,0.326,0.5638
11.11.2014,Tue,0.094,0.12175,0.1533,0.202,0.2332,0.326,0.5643
10.11.2014,Mon,0.094,0.11985,0.1543,0.202,0.2331,0.3259,0.5563
07.11.2014,Fri,0.094,0.122,0.1573,0.202,0.2326,0.32665,0.5663
06.11.2014,Thu,0.0935,0.12225,0.1555,0.199,0.2316,0.32665,0.5578
05.11.2014,Wed,0.0925,0.1207,0.1555,0.199,0.23185,0.3259,0.5578
04.11.2014,Tue,0.0925,0.1185,0.1555,0.1992,0.23185,0.32615,0.5558
03.11.2014,Mon,0.0925,0.11975,0.1555,0.1991,0.23235,0.3279,0.5558
31.10.2014,Fri,0.088,0.12075,0.1559,0.1994,0.2321,0.3279,0.5538
30.10.2014,Thu,0.0911,0.122,0.1567,0.2001,0.23235,0.32865,0.5558
29.10.2014,Wed,0.0915,0.1207,0.154,0.1976,0.2326,0.32465,0.5418
28.10.2014,Tue,0.0905,0.11775,0.1535,0.1975,0.2326,0.3239,0.54155
27.10.2014,Mon,0.09,0.1205,0.1525,0.1975,0.2326,0.32265,0.5418
24.10.2014,Fri,0.0905,0.1205,0.152,0.1985,0.2331,0.3229,0.54255
23.10.2014,Thu,0.0905,0.1187,0.152,0.2014,0.2336,0.3237,0.5436
22.10.2014,Wed,0.0915,0.11875,0.153,0.2,0.2328,0.32315,0.5421
21.10.2014,Tue,0.091,0.11875,0.153,0.199,0.2306,0.32325,0.54115
20.10.2014,Mon,0.0915,0.1204,0.1557,0.198,0.2321,0.323,0.54715
17.10.2014,Fri,0.091,0.1205,0.1572,0.1975,0.23135,0.323,0.5469
16.10.2014,Thu,0.0913,0.12025,0.157,0.1963,0.23075,0.32315,0.54465
15.10.2014,Wed,0.092,0.12,0.1535,0.1954,0.2281,0.32165,0.5444
14.10.2014,Tue,0.091,0.1193,0.1518,0.195,0.2291,0.32005,0.54205
13.10.2014,Mon,0.0905,0.11955,0.1533,0.195,0.2306,0.32105,0.5473
10.10.2014,Fri,0.0905,0.1186,0.1528,0.1945,0.23,0.3198,0.55255
09.10.2014,Thu,0.0904,0.12,0.1527,0.1954,0.2291,0.3194,0.55055
08.10.2014,Wed,0.09,0.1173,0.1518,0.196,0.2291,0.32415,0.5673
07.10.2014,Tue,0.0902,0.11875,0.1525,0.1972,0.2311,0.32765,0.5713
06.10.2014,Mon,0.0905,0.1205,0.153,0.197,0.2326,0.3264,0.5718
03.10.2014,Fri,0.0899,0.11845,0.153,0.1965,0.2316,0.3247,0.5691
02.10.2014,Thu,0.0895,0.1195,0.152,0.1974,0.2312,0.3238,0.5681
01.10.2014,Wed,0.0908,0.11775,0.152,0.1981,0.2326,0.3247,0.5776
30.09.2014,Tue,0.0808,0.1185,0.1565,0.199,0.2351,0.3304,0.5786
29.09.2014,Mon,0.0905,0.1225,0.1525,0.1979,0.2351,0.33065,0.5802
26.09.2014,Fri,0.0905,0.1175,0.154,0.1994,0.2331,0.3304,0.5777
25.09.2014,Thu,0.0908,0.12175,0.1515,0.1995,0.2336,0.3314,0.5822
24.09.2014,Wed,0.0908,0.122,0.1535,0.1995,0.2351,0.33115,0.5827
23.09.2014,Tue,0.0909,0.122,0.1545,0.2005,0.2341,0.3299,0.5812
22.09.2014,Mon,0.0903,0.1215,0.1545,0.2,0.2356,0.3304,0.5817
19.09.2014,Fri,0.0912,0.11975,0.154,0.1995,0.2331,0.3309,0.5847
18.09.2014,Thu,0.0907,0.12175,0.1535,0.19595,0.2331,0.3304,0.5852
17.09.2014,Wed,0.091,0.122,0.153,0.19525,0.2341,0.3304,0.5827
16.09.2014,Tue,0.091,0.12175,0.1535,0.195,0.2344,0.33015,0.5827
15.09.2014,Mon,0.091,0.1193,0.1536,0.195,0.2346,0.3309,0.5847
12.09.2014,Fri,0.091,0.11925,0.1536,0.195,0.2346,0.3309,0.5862
11.09.2014,Thu,0.0906,0.1215,0.1536,0.195,0.2341,0.3309,0.5822
10.09.2014,Wed,0.0909,0.12125,0.1535,0.19525,0.2346,0.3314,0.5807
09.09.2014,Tue,0.0905,0.11955,0.1535,0.195,0.2346,0.3294,0.5737
08.09.2014,Mon,0.091,0.11985,0.1535,0.1953,0.2336,0.3263,0.5626
05.09.2014,Fri,0.091,0.11825,0.1528,0.195,0.2323,0.327,0.5691
04.09.2014,Thu,0.091,0.12125,0.1561,0.1966,0.2331,0.3289,0.5641
03.09.2014,Wed,0.0905,0.12125,0.1561,0.1966,0.2341,0.3289,0.5656
02.09.2014,Tue,0.0905,0.12225,0.1565,0.197,0.2331,0.32965,0.5621
01.09.2014,Mon,0.0895,0.12445,0.1565,0.19675,0.2336,0.3294,0.5646
29.08.2014,Fri,0.0895,0.12325,0.157,0.1959,0.2336,0.3299,0.5656
28.08.2014,Thu,0.0915,0.12425,0.1545,0.1969,0.2336,0.3319,0.5631
27.08.2014,Wed,0.092,0.1235,0.1567,0.1971,0.2346,0.3319,0.5626
26.08.2014,Tue,0.092,0.123,0.156,0.19675,0.2381,0.3299,0.5646
22.08.2014,Fri,0.0919,0.121,0.155,0.1951,0.2384,0.3305,0.5656
21.08.2014,Thu,0.092,0.1225,0.155,0.194,0.2349,0.329,0.5646
20.08.2014,Wed,0.0911,0.12125,0.155,0.19375,0.2349,0.327,0.5561
19.08.2014,Tue,0.0919,0.12225,0.1555,0.19375,0.2344,0.3285,0.5521
18.08.2014,Mon,0.0914,0.12175,0.1555,0.19385,0.2321,0.3285,0.5511
15.08.2014,Fri,0.0915,0.12175,0.1555,0.1945,0.2321,0.3285,0.5506
14.08.2014,Thu,0.0911,0.1215,0.155,0.19425,0.2311,0.3292,0.5508
13.08.2014,Wed,0.0903,0.1205,0.155,0.1955,0.2336,0.3309,0.5553
12.08.2014,Tue,0.0901,0.12125,0.156,0.196,0.2331,0.3289,0.5553
11.08.2014,Mon,0.0902,0.12025,0.1555,0.19625,0.2338,0.3281,0.5545
08.08.2014,Fri,0.0895,0.1205,0.156,0.19475,0.2351,0.3289,0.554
07.08.2014,Thu,0.0895,0.1215,0.157,0.193,0.2331,0.3283,0.5554
06.08.2014,Wed,0.0899,0.12,0.1588,0.1941,0.2342,0.3283,0.5559
05.08.2014,Tue,0.0899,0.122,0.1585,0.196,0.2371,0.3299,0.5604
04.08.2014,Mon,0.0905,0.1205,0.1569,0.19625,0.2371,0.3306,0.5621
01.08.2014,Fri,0.0899,0.122,0.156,0.19775,0.2381,0.3344,0.5781
31.07.2014,Thu,0.0865,0.12325,0.156,0.1985,0.2391,0.3345,0.5796
30.07.2014,Wed,0.091,0.12325,0.1558,0.1985,0.2396,0.3325,0.5686
29.07.2014,Tue,0.0911,0.12225,0.155,0.197,0.2371,0.33,0.5646
28.07.2014,Mon,0.0907,0.12175,0.155,0.19725,0.2361,0.3288,0.5636
25.07.2014,Fri,0.0915,0.122,0.156,0.19725,0.2341,0.3281,0.5601
24.07.2014,Thu,0.0913,0.12325,0.15425,0.1975,0.2351,0.3291,0.5571
23.07.2014,Wed,0.092,0.123,0.155,0.19765,0.2341,0.3288,0.5536
22.07.2014,Tue,0.0925,0.123,0.15525,0.1975,0.2326,0.3271,0.5561
21.07.2014,Mon,0.0915,0.123,0.15475,0.19725,0.2331,0.3274,0.5521
18.07.2014,Fri,0.093,0.122,0.15425,0.19725,0.2316,0.3254,0.5529
17.07.2014,Thu,0.0925,0.12275,0.1562,0.19595,0.2336,0.3271,0.5544
16.07.2014,Wed,0.0924,0.12275,0.15545,0.19595,0.2336,0.3266,0.5549
15.07.2014,Tue,0.0942,0.12275,0.1542,0.19575,0.2331,0.3264,0.5519
14.07.2014,Mon,0.0934,0.1225,0.152,0.19275,0.2326,0.3264,0.5519
11.07.2014,Fri,0.0939,0.12275,0.152,0.1915,0.2336,0.3257,0.5497
10.07.2014,Thu,0.094,0.12225,0.1515,0.19175,0.2336,0.3272,0.5492
09.07.2014,Wed,0.0942,0.1225,0.15275,0.195,0.2341,0.3307,0.5572
08.07.2014,Tue,0.0941,0.12225,0.1525,0.1925,0.2336,0.3302,0.5562
07.07.2014,Mon,0.0945,0.123,0.1534,0.19275,0.2341,0.3283,0.5562
04.07.2014,Fri,0.0954,0.123,0.1534,0.1925,0.2331,0.3272,0.5532
03.07.2014,Thu,0.0954,0.123,0.1555,0.19555,0.2321,0.3267,0.5467
02.07.2014,Wed,0.0959,0.123,0.1555,0.19725,0.2346,0.3279,0.5467
01.07.2014,Tue,0.095,0.123,0.1552,0.193,0.2318,0.3279,0.5462
30.06.2014,Mon,0.0936,0.123,0.1552,0.19325,0.2307,0.3268,0.5451
27.06.2014,Fri,0.0966,0.123,0.1515,0.19645,0.2346,0.3268,0.5451
26.06.2014,Thu,0.0962,0.1225,0.1495,0.19545,0.2341,0.32615,0.5461
25.06.2014,Wed,0.0955,0.12325,0.151,0.196,0.23385,0.3259,0.5471
24.06.2014,Tue,0.096,0.1235,0.1515,0.19725,0.2336,0.3263,0.5471
23.06.2014,Mon,0.0953,0.123,0.152,0.19625,0.2326,0.3253,0.5471
20.06.2014,Fri,0.0955,0.123,0.154,0.1965,0.2306,0.3234,0.5471
19.06.2014,Thu,0.095,0.123,0.15325,0.192,0.2296,0.3229,0.5456
18.06.2014,Wed,0.096,0.123,0.153,0.19345,0.231,0.3254,0.5506
17.06.2014,Tue,0.094,0.12375,0.155,0.19595,0.231,0.3245,0.5506
16.06.2014,Mon,0.0921,0.1235,0.154,0.19525,0.2306,0.3261,0.5466
13.06.2014,Fri,0.0922,0.1235,0.15425,0.1965,0.2321,0.3255,0.5446
12.06.2014,Thu,0.0919,0.12025,0.15175,0.19405,0.2306,0.324,0.5401
11.06.2014,Wed,0.0888,0.12255,0.15125,0.19125,0.2298,0.3203,0.5396
10.06.2014,Tue,0.0893,0.123,0.152,0.19175,0.2303,0.3214,0.5366
09.06.2014,Mon,0.0901,0.123,0.15225,0.19175,0.23055,0.3214,0.5351
06.06.2014,Fri,0.0909,0.122,0.1535,0.19375,0.2296,0.3214,0.5335
05.06.2014,Thu,0.0925,0.12,0.151,0.19075,0.2306,0.3224,0.5345
04.06.2014,Wed,0.09,0.122,0.152,0.19175,0.2295,0.3219,0.534
03.06.2014,Tue,0.088,0.119,0.1509,0.1894,0.2274,0.3219,0.535
02.06.2014,Mon,0.089,0.1209,0.151,0.1905,0.22715,0.3219,0.5345
