"","date","ETH.USD.Close"
"1",2015-08-07,NA
"2",2015-08-08,-1.30287090782596
"3",2015-08-09,-0.0707100719760153
"4",2015-08-10,0.00928999232769423
"5",2015-08-11,0.410335262843464
"6",2015-08-12,0.131093647642934
"7",2015-08-13,0.40629163812514
"8",2015-08-14,0.000109422958140093
"9",2015-08-15,-0.0790739250876171
"10",2015-08-16,-0.0755336749684993
"11",2015-08-17,-0.263218380325892
"12",2015-08-18,-0.101857768906084
"13",2015-08-19,0.146738944273264
"14",2015-08-20,0.151594083954927
"15",2015-08-21,-0.0486983544966212
"16",2015-08-22,-0.0115769065419676
"17",2015-08-23,-0.0195040994682043
"18",2015-08-24,-0.0939751159356035
"19",2015-08-25,-0.0768512418413323
"20",2015-08-26,0.0172078484046037
"21",2015-08-27,-0.0106428238858431
"22",2015-08-28,0.037352359393753
"23",2015-08-29,-0.0074391753101038
"24",2015-08-30,0.109405429529453
"25",2015-08-31,0.0291111906899329
"26",2015-09-01,-0.00489326953824204
"27",2015-09-02,-0.0429479546296445
"28",2015-09-03,-0.0233317351596209
"29",2015-09-04,0.00746654173278324
"30",2015-09-05,0.0492978332899028
"31",2015-09-06,-0.0326297432160316
"32",2015-09-07,-0.0386914628016595
"33",2015-09-08,-0.00339081431157667
"34",2015-09-09,-0.0293372448872014
"35",2015-09-10,-0.034350081589983
"36",2015-09-11,-0.170550352449619
"37",2015-09-12,0.0551769797390783
"38",2015-09-13,-0.104145037567182
"39",2015-09-14,-0.0666841906394555
"40",2015-09-15,0.0756259029276798
"41",2015-09-16,-0.0402250186143313
"42",2015-09-17,-0.0369907324811579
"43",2015-09-18,-0.0237823695066429
"44",2015-09-19,0.033072995144496
"45",2015-09-20,0.0615889817224565
"46",2015-09-21,-0.020886986559508
"47",2015-09-22,-0.0189489331903487
"48",2015-09-23,-0.00934720559165951
"49",2015-09-24,-0.0935599891012593
"50",2015-09-25,-0.099948073743556
"51",2015-09-26,0.065377927886193
"52",2015-09-27,-0.0864951784748657
"53",2015-09-28,-0.212424184457456
"54",2015-09-29,0.125983065999002
"55",2015-09-30,0.110841379887416
"56",2015-10-01,-0.0678129295488526
"57",2015-10-02,-0.0170096058189342
"58",2015-10-03,0.0125896321068841
"59",2015-10-04,-0.0277277916314766
"60",2015-10-05,-0.0612918499098543
"61",2015-10-06,0.0344006505647393
"62",2015-10-07,-0.0655090037122776
"63",2015-10-08,0.0200282219717123
"64",2015-10-09,0.0454546534800065
"65",2015-10-10,-0.035625616776959
"66",2015-10-11,0.0112542959458743
"67",2015-10-12,-0.0141684362040305
"68",2015-10-13,-0.0297910065705745
"69",2015-10-14,-0.150087009979357
"70",2015-10-15,0.0717644677529173
"71",2015-10-16,-0.046227502114649
"72",2015-10-17,0.0197169184589157
"73",2015-10-18,-0.0553125639689978
"74",2015-10-19,-0.0570704779308545
"75",2015-10-20,-0.117438268566903
"76",2015-10-21,0.0283414914273276
"77",2015-10-22,0.238302291375648
"78",2015-10-23,-0.0506628806004078
"79",2015-10-24,0.0433932842293557
"80",2015-10-25,0.0889832364308149
"81",2015-10-26,0.171536745062743
"82",2015-10-27,0.173233464529164
"83",2015-10-28,0.142151726047392
"84",2015-10-29,0.185379282417537
"85",2015-10-30,-0.147463109733184
"86",2015-10-31,-0.12744775321244
"87",2015-11-01,0.141230287098964
"88",2015-11-02,-0.0644391263281086
"89",2015-11-03,0.0235350320755788
"90",2015-11-04,-0.11968817089773
"91",2015-11-05,-0.00380345332020976
"92",2015-11-06,0.0333735943270761
"93",2015-11-07,0.00209492386781798
"94",2015-11-08,0.101851033711524
"95",2015-11-09,-0.0278217306492414
"96",2015-11-10,-0.0671840583741392
"97",2015-11-11,-0.165503500428681
"98",2015-11-12,0.123272356891569
"99",2015-11-13,0.00931773314082301
"100",2015-11-14,-0.0170498098597721
"101",2015-11-15,0.0195596650048411
"102",2015-11-16,0.0246224291899225
"103",2015-11-17,0.0816357733854556
"104",2015-11-18,-0.0146517459675998
"105",2015-11-19,-0.0387836077582882
"106",2015-11-20,-0.0325610061529773
"107",2015-11-21,0.0538987714633671
"108",2015-11-22,-0.00835533660412024
"109",2015-11-23,-0.0219843244472173
"110",2015-11-24,-0.0506593946672138
"111",2015-11-25,-0.0415702174909617
"112",2015-11-26,0.0236273092483298
"113",2015-11-27,-0.0185287933339561
"114",2015-11-28,0.0535568148364809
"115",2015-11-29,-0.0413464104345918
"116",2015-11-30,-0.00627380773655808
"117",2015-12-01,0.00192343068328715
"118",2015-12-02,-0.063216426430467
"119",2015-12-03,-0.011102429341343
"120",2015-12-04,0.0337742671392201
"121",2015-12-05,0.0263125620937383
"122",2015-12-06,-0.0317329142283127
"123",2015-12-07,-0.0294368228471023
"124",2015-12-08,0.0132904118766222
"125",2015-12-09,-0.0371117088922311
"126",2015-12-10,0.0591009811485135
"127",2015-12-11,0.101055430095986
"128",2015-12-12,0.0495303766244324
"129",2015-12-13,-0.0249658406774821
"130",2015-12-14,0.0412596435211642
"131",2015-12-15,0.0210532833194452
"132",2015-12-16,-0.0229079318610507
"133",2015-12-17,-0.0522728283282422
"134",2015-12-18,-0.0221136380212811
"135",2015-12-19,-0.013188033382439
"136",2015-12-20,-0.00462153070117002
"137",2015-12-21,-0.00345107664909688
"138",2015-12-22,-0.0414445254872599
"139",2015-12-23,-0.00711269872326614
"140",2015-12-24,0.0060243980781842
"141",2015-12-25,0.00819212887778542
"142",2015-12-26,-0.0182733323889685
"143",2015-12-27,0.00205965350946638
"144",2015-12-28,-0.0133541426280275
"145",2015-12-29,0.0326548650972914
"146",2015-12-30,0.0435965267855753
"147",2015-12-31,0.0233920175530921
"148",2016-01-01,0.0153938644548724
"149",2016-01-02,-0.0115642076611092
"150",2016-01-03,0.0364424523292368
"151",2016-01-04,-0.0180913734908446
"152",2016-01-05,-0.00451945897416316
"153",2016-01-06,0.000719607655527428
"154",2016-01-07,-0.00935625583100639
"155",2016-01-08,0.046445655032891
"156",2016-01-09,4.45880720900179e-05
"157",2016-01-10,0.0124851576270803
"158",2016-01-11,0.0605464998680338
"159",2016-01-12,0.0721278668440778
"160",2016-01-13,-0.0139442732463739
"161",2016-01-14,0.0556479123079577
"162",2016-01-15,0.0153656676825325
"163",2016-01-16,0.0101141577918054
"164",2016-01-17,0.0841863395926817
"165",2016-01-18,0.0718368477363548
"166",2016-01-19,-0.0392868987219347
"167",2016-01-20,0.110631746919954
"168",2016-01-21,0.0140989374358658
"169",2016-01-22,-0.0342440918239918
"170",2016-01-23,0.273076538513745
"171",2016-01-24,0.0819784644685546
"172",2016-01-25,0.154632269696765
"173",2016-01-26,-0.093416620277078
"174",2016-01-27,0.0481044183123576
"175",2016-01-28,0.0561445004281333
"176",2016-01-29,-0.0125582906864284
"177",2016-01-30,-0.0202030345078008
"178",2016-01-31,-0.058537894752839
"179",2016-02-01,-0.041774838576753
"180",2016-02-02,0.0980935582628163
"181",2016-02-03,0.0358508946441489
"182",2016-02-04,0.0193280382200155
"183",2016-02-05,-0.015263056144129
"184",2016-02-06,-0.00178576755613413
"185",2016-02-07,0.156673814106557
"186",2016-02-08,0.0701607461689286
"187",2016-02-09,0.240577390910275
"188",2016-02-10,0.0924191313462048
"189",2016-02-11,0.304128743420643
"190",2016-02-12,-0.0806867870387249
"191",2016-02-13,-0.0295769023444161
"192",2016-02-14,-0.0274067628817838
"193",2016-02-15,0.00923631766579014
"194",2016-02-16,-0.203341758260572
"195",2016-02-17,-0.138479884385599
"196",2016-02-18,0.157722148793408
"197",2016-02-19,0.0741850948191454
"198",2016-02-20,-0.0874111361415071
"199",2016-02-21,0.0694646585746472
"200",2016-02-22,0.188063282746328
"201",2016-02-23,-0.00540763329817562
"202",2016-02-24,0.110113256380302
"203",2016-02-25,-0.0213389701883271
"204",2016-02-26,-0.0304568432839765
"205",2016-02-27,0.0817119702546532
"206",2016-02-28,0.00659057884097858
"207",2016-02-29,-0.0205171604985768
"208",2016-03-01,0.188783992178471
"209",2016-03-02,0.100798202100407
"210",2016-03-03,0.0933990833921068
"211",2016-03-04,0.112997392890762
"212",2016-03-05,0.0558490170090566
"213",2016-03-06,0.0338806493970139
"214",2016-03-07,-0.175295720024987
"215",2016-03-08,0.0303716570813393
"216",2016-03-09,0.189182152435179
"217",2016-03-10,-0.0511252130357809
"218",2016-03-11,-0.0198507487547501
"219",2016-03-12,0.199758957907174
"220",2016-03-13,0.0672697085767022
"221",2016-03-14,-0.150493587010041
"222",2016-03-15,0.0437888560753965
"223",2016-03-16,-0.0383190444520376
"224",2016-03-17,-0.122122196854785
"225",2016-03-18,-0.00755452061102124
"226",2016-03-19,-0.0434277299370227
"227",2016-03-20,-0.0202304206488835
"228",2016-03-21,0.139452653639863
"229",2016-03-22,-0.0509468867883127
"230",2016-03-23,0.0964721938454001
"231",2016-03-24,-0.100008435080321
"232",2016-03-25,-0.0447609093524641
"233",2016-03-26,0.0212558423519553
"234",2016-03-27,-0.0518785806908091
"235",2016-03-28,0.112994082124054
"236",2016-03-29,-0.000788954676032461
"237",2016-03-30,0.0251185413662909
"238",2016-03-31,-0.0470536009362199
"239",2016-04-01,0.0225525553013854
"240",2016-04-02,-0.00556261509576039
"241",2016-04-03,0.00167117520761062
"242",2016-04-04,-0.0404874490391198
"243",2016-04-05,-0.0666314186434702
"244",2016-04-06,0.0234157501731649
"245",2016-04-07,-0.0593474089009631
"246",2016-04-08,-0.0353874783141723
"247",2016-04-09,-0.0603217999580465
"248",2016-04-10,-0.0236955271678383
"249",2016-04-11,-0.0332849653455201
"250",2016-04-12,-0.149659859515512
"251",2016-04-13,0.0777973988509757
"252",2016-04-14,0.0417328199308482
"253",2016-04-15,-0.0173738376448687
"254",2016-04-16,0.0435285790813227
"255",2016-04-17,0.0781261716249566
"256",2016-04-18,-0.0297758177633036
"257",2016-04-19,-0.0361846890917379
"258",2016-04-20,-0.0289985728257025
"259",2016-04-21,-0.0439014096544832
"260",2016-04-22,-0.0352862601362105
"261",2016-04-23,0.0587819399686222
"262",2016-04-24,-0.0360173294230886
"263",2016-04-25,-0.0574880448991641
"264",2016-04-26,-0.0210423123552079
"265",2016-04-27,0.0478985480194889
"266",2016-04-28,-0.0787200167016018
"267",2016-04-29,0.0389336259327056
"268",2016-04-30,0.167147019860531
"269",2016-05-01,0.00368280327101278
"270",2016-05-02,0.13875145261965
"271",2016-05-03,-0.0875478587452072
"272",2016-05-04,0.0109480165376565
"273",2016-05-05,0.0428685997928637
"274",2016-05-06,-0.0500251903487205
"275",2016-05-07,0.00255060337077762
"276",2016-05-08,0.0119258164461198
"277",2016-05-09,-0.0197230559001964
"278",2016-05-10,0.00683738612368767
"279",2016-05-11,0.0656053533173298
"280",2016-05-12,0.00613542909826892
"281",2016-05-13,0.0436551782406229
"282",2016-05-14,-0.0257313088165732
"283",2016-05-15,-0.0274593347659478
"284",2016-05-16,0.114535001937065
"285",2016-05-17,0.0879895967674296
"286",2016-05-18,0.10568344609863
"287",2016-05-19,0.0855567525505196
"288",2016-05-20,-0.0798937651650689
"289",2016-05-21,0.0274441648869246
"290",2016-05-22,0.0191588519515329
"291",2016-05-23,-0.0594532772532457
"292",2016-05-24,-0.0556916874960676
"293",2016-05-25,-0.0163355877157501
"294",2016-05-26,-0.00766139888920181
"295",2016-05-27,-0.0957141100023113
"296",2016-05-28,0.0515106081906427
"297",2016-05-29,0.0377468678111019
"298",2016-05-30,0.0299036865837397
"299",2016-05-31,0.100971433180506
"300",2016-06-01,-0.00539910424468326
"301",2016-06-02,-0.0189987509413254
"302",2016-06-03,0.00788122130351665
"303",2016-06-04,-0.00770653864323823
"304",2016-06-05,0.0169296205891944
"305",2016-06-06,-0.00293094576887754
"306",2016-06-07,0.0406368201004956
"307",2016-06-08,-0.00651927493104765
"308",2016-06-09,-0.0013256388083871
"309",2016-06-10,-0.0346236257797803
"310",2016-06-11,0.0201428864235589
"311",2016-06-12,0.103790044973178
"312",2016-06-13,0.111611957309273
"313",2016-06-14,0.070749826406872
"314",2016-06-15,-0.0289381894923544
"315",2016-06-16,0.114873645081968
"316",2016-06-17,-0.291877644545277
"317",2016-06-18,-0.305344024002036
"318",2016-06-19,0.0767194525609485
"319",2016-06-20,-0.0327939097352674
"320",2016-06-21,0.116826268947607
"321",2016-06-22,-0.0160295533490369
"322",2016-06-23,0.0434189813962345
"323",2016-06-24,0.0468446809823777
"324",2016-06-25,-0.00343175793112005
"325",2016-06-26,-0.0307703459181927
"326",2016-06-27,0.00243022247601044
"327",2016-06-28,-0.131295946369771
"328",2016-06-29,0.0351513589500096
"329",2016-06-30,-0.011941416672216
"330",2016-07-01,-0.0212489240535287
"331",2016-07-02,-0.00584515740632252
"332",2016-07-03,-0.0342359610368002
"333",2016-07-04,-0.0214917375505492
"334",2016-07-05,-0.0778932163883725
"335",2016-07-06,-0.00780503765935592
"336",2016-07-07,-0.0406581731611446
"337",2016-07-08,0.11967387487586
"338",2016-07-09,-0.0383855785006948
"339",2016-07-10,-0.00163372630813097
"340",2016-07-11,-0.0456574023851606
"341",2016-07-12,0.00544456436942298
"342",2016-07-13,-0.00148454106420814
"343",2016-07-14,0.0920713281301069
"344",2016-07-15,0.0373709574208272
"345",2016-07-16,-0.0253186661467666
"346",2016-07-17,-0.0433270317687362
"347",2016-07-18,-0.0112017969336042
"348",2016-07-19,0.0516326299771652
"349",2016-07-20,0.0691185187642285
"350",2016-07-21,0.0159437350903637
"351",2016-07-22,0.147539742815276
"352",2016-07-23,-0.0250137344013863
"353",2016-07-24,-0.114746502875614
"354",2016-07-25,0.0817890634220038
"355",2016-07-26,-0.143249851819163
"356",2016-07-27,0.0788235910834425
"357",2016-07-28,-0.0100092250392958
"358",2016-07-29,-0.00382242588491577
"359",2016-07-30,-0.0264194399505469
"360",2016-07-31,-0.0480926304382185
"361",2016-08-01,-0.0819390979373078
"362",2016-08-02,-0.219266817323693
"363",2016-08-03,0.158246265525131
"364",2016-08-04,0.0702271450937895
"365",2016-08-05,-0.0106882782967159
"366",2016-08-06,-0.00406301432530043
"367",2016-08-07,0.0027991042793154
"368",2016-08-08,0.0301327126059538
"369",2016-08-09,0.0851013664361164
"370",2016-08-10,-0.00829118024928821
"371",2016-08-11,-0.0379585809306429
"372",2016-08-12,0.00746507425065435
"373",2016-08-13,-0.0177479412062382
"374",2016-08-14,-0.0330785096715069
"375",2016-08-15,0.00210590265752542
"376",2016-08-16,-0.00703998327583122
"377",2016-08-17,-0.0353491183796715
"378",2016-08-18,0.00030684972508066
"379",2016-08-19,-0.000688218471418534
"380",2016-08-20,0.0453521738005662
"381",2016-08-21,-0.00608208201298055
"382",2016-08-22,-0.00522868801689524
"383",2016-08-23,-0.00815299191439012
"384",2016-08-24,0.000489427470275583
"385",2016-08-25,0.0287068575030522
"386",2016-08-26,-0.00547395066522682
"387",2016-08-27,-0.0131175132963444
"388",2016-08-28,-0.0198307936748003
"389",2016-08-29,0.00497420377519031
"390",2016-08-30,0.0220693520413247
"391",2016-08-31,0.0387362686430226
"392",2016-09-01,0.0272544787686457
"393",2016-09-02,0.00979769658476171
"394",2016-09-03,-0.0296858638923339
"395",2016-09-04,-0.00672397642273692
"396",2016-09-05,0.00317136296642406
"397",2016-09-06,-0.00238399504522135
"398",2016-09-07,-0.0121531813857421
"399",2016-09-08,-0.0176471570683496
"400",2016-09-09,0.0266900492948081
"401",2016-09-10,0.0433041510184955
"402",2016-09-11,-0.0445406696894759
"403",2016-09-12,0.0216988723543561
"404",2016-09-13,0.00209974712211158
"405",2016-09-14,0.000377486698076801
"406",2016-09-15,0.00115673812782369
"407",2016-09-16,0.0505398901002496
"408",2016-09-17,0.0113090409544636
"409",2016-09-18,-0.0212823096772272
"410",2016-09-19,0.0591737073533602
"411",2016-09-20,0.0899470137467127
"412",2016-09-21,-0.046946788245342
"413",2016-09-22,-0.0385669703947542
"414",2016-09-23,0.00629824986615546
"415",2016-09-24,-0.0346019899116055
"416",2016-09-25,0.0171682662323738
"417",2016-09-26,-0.0214326982036237
"418",2016-09-27,0.0212342188600916
"419",2016-09-28,0.013385050307384
"420",2016-09-29,-0.0152878695749896
"421",2016-09-30,0.0115142232305154
"422",2016-10-01,-0.00394734862391743
"423",2016-10-02,0.00204759592858172
"424",2016-10-03,0.0189634267299441
"425",2016-10-04,-0.0131243138775088
"426",2016-10-05,-0.0183414673974891
"427",2016-10-06,-0.0140133618011009
"428",2016-10-07,-0.0146703047157497
"429",2016-10-08,-0.0360077797227532
"430",2016-10-09,-0.0136286345295136
"431",2016-10-10,-0.0250504505682665
"432",2016-10-11,0.00256571598448296
"433",2016-10-12,0.0124626389580866
"434",2016-10-13,0.00246898206730517
"435",2016-10-14,-0.00207521035764646
"436",2016-10-15,0.0037790159346871
"437",2016-10-16,-0.00265719813752741
"438",2016-10-17,0.00445806904493651
"439",2016-10-18,0.0474604691087159
"440",2016-10-19,-0.0459954869092685
"441",2016-10-20,0.00633459268667691
"442",2016-10-21,0.00629471807907045
"443",2016-10-22,-0.00857022018833975
"444",2016-10-23,-0.00294514368227272
"445",2016-10-24,-0.00558218487656559
"446",2016-10-25,-0.047479301776717
"447",2016-10-26,0.0102851076616393
"448",2016-10-27,-0.00280483170374346
"449",2016-10-28,-0.0367190838450084
"450",2016-10-29,-0.0595167657875066
"451",2016-10-30,0.0682917851575762
"452",2016-10-31,-0.0166452605526297
"453",2016-11-01,-0.0213293144483799
"454",2016-11-02,-0.00125472280120276
"455",2016-11-03,0.00449113664107603
"456",2016-11-04,0.0264681968618228
"457",2016-11-05,-0.00798439959505037
"458",2016-11-06,-0.0117938832762041
"459",2016-11-07,-0.00596801926329293
"460",2016-11-08,0.00230102908504781
"461",2016-11-09,-0.0165854554734164
"462",2016-11-10,-0.0123703182734838
"463",2016-11-11,-0.0225430408760068
"464",2016-11-12,-0.0408568189182321
"465",2016-11-13,0.0223779149639389
"466",2016-11-14,-0.0134564652153104
"467",2016-11-15,0.0248744740001459
"468",2016-11-16,-0.0156242390074506
"469",2016-11-17,-0.00677499364566003
"470",2016-11-18,-0.0529235328876889
"471",2016-11-19,0.0195001507860915
"472",2016-11-20,-0.00867688911941533
"473",2016-11-21,0.0043270675480378
"474",2016-11-22,0.0291828679387969
"475",2016-11-23,-0.00628883847951123
"476",2016-11-24,-0.0641835656965966
"477",2016-11-25,0.0182877867123423
"478",2016-11-26,-0.0078953286138046
"479",2016-11-27,-0.0359778591068554
"480",2016-11-28,-0.0308827253813924
"481",2016-11-29,-0.0651987717739773
"482",2016-11-30,0.0493392497414504
"483",2016-12-01,-0.015850059870758
"484",2016-12-02,-0.0854850760572372
"485",2016-12-03,0.0205832038915212
"486",2016-12-04,-0.0621950332192323
"487",2016-12-05,-0.0872625062174568
"488",2016-12-06,0.142819249849241
"489",2016-12-07,0.0631024160318892
"490",2016-12-08,-0.0181765287013507
"491",2016-12-09,0.0258461593261949
"492",2016-12-10,-0.0387287201738711
"493",2016-12-11,0.0083903823230731
"494",2016-12-12,0.0393198942242257
"495",2016-12-13,-0.0117274460840573
"496",2016-12-14,-0.0188906917158858
"497",2016-12-15,-0.0542904704666136
"498",2016-12-16,0.00379175652617691
"499",2016-12-17,0.00233622395705702
"500",2016-12-18,-0.00143184682487307
"501",2016-12-19,-0.0285657440486253
"502",2016-12-20,0.00211972745090039
"503",2016-12-21,0.0326666793558954
"504",2016-12-22,-0.0425112722263803
"505",2016-12-23,-0.0568040619570709
"506",2016-12-24,0.0138057281743691
"507",2016-12-25,-0.0125603676084838
"508",2016-12-26,0.0137048079136983
"509",2016-12-27,-0.0142987058392678
"510",2016-12-28,0.0475607520305992
"511",2016-12-29,0.0967644921733766
"512",2016-12-30,-0.0151035396950965
"513",2016-12-31,-0.0236701550298166
"514",2017-01-01,0.0252118619272359
"515",2017-01-02,0.0248866694989522
"516",2017-01-03,0.149055501725975
"517",2017-01-04,0.145784744645064
"518",2017-01-05,-0.0928034589922047
"519",2017-01-06,2.92553061829182e-05
"520",2017-01-07,-0.0385210252781625
"521",2017-01-08,0.0419380015152573
"522",2017-01-09,0.00347313522773751
"523",2017-01-10,0.0214616959725116
"524",2017-01-11,-0.0821328052721997
"525",2017-01-12,0.0146659087168981
"526",2017-01-13,-0.00935576028362162
"527",2017-01-14,-0.0126535462224431
"528",2017-01-15,0.0263532261670623
"529",2017-01-16,-0.0274069954600793
"530",2017-01-17,0.0668091991215443
"531",2017-01-18,-0.00725766820579521
"532",2017-01-19,0.0164270360562684
"533",2017-01-20,0.019374064160687
"534",2017-01-21,0.0286958666440023
"535",2017-01-22,-0.0190637077564029
"536",2017-01-23,0.0109274456612658
"537",2017-01-24,-0.0175548596928872
"538",2017-01-25,-0.00584824569260167
"539",2017-01-26,0.00175806771307041
"540",2017-01-27,-0.00490382685219215
"541",2017-01-28,0.00262530775409209
"542",2017-01-29,-0.00769636560686005
"543",2017-01-30,0.0082830368323239
"544",2017-01-31,0.0146772155900585
"545",2017-02-01,0.000428712564116474
"546",2017-02-02,0.00828640461899433
"547",2017-02-03,0.026724907082174
"548",2017-02-04,0.0282970805081852
"549",2017-02-05,-0.00706561647461612
"550",2017-02-06,0.00320107210163822
"551",2017-02-07,0.0109934876236224
"552",2017-02-08,-0.00733012673503364
"553",2017-02-09,-0.0355281897669095
"554",2017-02-10,0.0221154541785396
"555",2017-02-11,0.0062399665093662
"556",2017-02-12,0.00436948740582244
"557",2017-02-13,-0.0114432160042539
"558",2017-02-14,0.144785981112727
"559",2017-02-15,-0.00813266433728455
"560",2017-02-16,-0.00123918632305919
"561",2017-02-17,-0.0177642062770613
"562",2017-02-18,0.0104918429187526
"563",2017-02-19,-0.00404401244166674
"564",2017-02-20,-0.0260767656050445
"565",2017-02-21,0.0189897532589614
"566",2017-02-22,-0.005437699651341
"567",2017-02-23,0.0404190466127279
"568",2017-02-24,-0.00383373387539532
"569",2017-02-25,0.0360322848761681
"570",2017-02-26,0.0692364076329777
"571",2017-02-27,0.0586132014653007
"572",2017-02-28,0.0269577446623326
"573",2017-03-01,0.092477317290693
"574",2017-03-02,0.0924518656112912
"575",2017-03-03,0.0222825495497516
"576",2017-03-04,-0.0441324941342529
"577",2017-03-05,0.0360470141459333
"578",2017-03-06,0.0155961322964315
"579",2017-03-07,-0.0372618277466792
"580",2017-03-08,-0.126070221080855
"581",2017-03-09,0.0641619781468736
"582",2017-03-10,0.0851270025705677
"583",2017-03-11,0.104995774484205
"584",2017-03-12,0.0875727903693115
"585",2017-03-13,0.198812563256717
"586",2017-03-14,0.00215558845256991
"587",2017-03-15,0.201629970059338
"588",2017-03-16,0.279186671069319
"589",2017-03-17,0.0103506633971819
"590",2017-03-18,-0.315420128106182
"591",2017-03-19,0.269809048390644
"592",2017-03-20,-0.0306365582971551
"593",2017-03-21,-0.00566480152672844
"594",2017-03-22,-0.0187870379923911
"595",2017-03-23,0.0310718392090314
"596",2017-03-24,0.195464468612538
"597",2017-03-25,-0.0356025055339191
"598",2017-03-26,-0.0143146702057502
"599",2017-03-27,-0.0170622124257429
"600",2017-03-28,0.0220633829095478
"601",2017-03-29,0.0452661957928577
"602",2017-03-30,-0.0174747334170684
"603",2017-03-31,-0.0424248533639062
"604",2017-04-01,0.013147341031174
"605",2017-04-02,-0.0392375584313696
"606",2017-04-03,-0.0944215049122401
"607",2017-04-04,0.00641585249480237
"608",2017-04-05,0.0147224933937875
"609",2017-04-06,-0.0465807931504383
"610",2017-04-07,-0.0252809618556462
"611",2017-04-08,0.0496112940714273
"612",2017-04-09,-0.0237547164421095
"613",2017-04-10,0.00387999877499867
"614",2017-04-11,-0.000644846318624825
"615",2017-04-12,0.0642422994452234
"616",2017-04-13,0.0815337409920778
"617",2017-04-14,-0.0541128708969292
"618",2017-04-15,0.031601109093391
"619",2017-04-16,-0.00783081089981197
"620",2017-04-17,-0.00853199947926209
"621",2017-04-18,0.0485470344318997
"622",2017-04-19,-0.0485325017600831
"623",2017-04-20,0.0279040734450486
"624",2017-04-21,-0.0295802833010033
"625",2017-04-22,0.00679088835661501
"626",2017-04-23,-0.00131285034450013
"627",2017-04-24,0.0313096919893883
"628",2017-04-25,-0.00280819249256092
"629",2017-04-26,0.0551559071063861
"630",2017-04-27,0.164835042782482
"631",2017-04-28,0.120931383817683
"632",2017-04-29,-0.0257319399600062
"633",2017-04-30,0.1446811479162
"634",2017-05-01,-0.0350826164887472
"635",2017-05-02,0.0125919867678252
"636",2017-05-03,0.0312723621217446
"637",2017-05-04,0.19602127893191
"638",2017-05-05,-0.0269940349378741
"639",2017-05-06,0.0355374214995328
"640",2017-05-07,-0.0396901446342506
"641",2017-05-08,-0.0279037683469419
"642",2017-05-09,-0.00282063214171124
"643",2017-05-10,-0.0181312277603389
"644",2017-05-11,0.00395528831024361
"645",2017-05-12,-0.0137151313183246
"646",2017-05-13,0.0242921322871865
"647",2017-05-14,-0.000538525372142828
"648",2017-05-15,0.0177776575756035
"649",2017-05-16,-0.0327425501792513
"650",2017-05-17,0.00471162909486633
"651",2017-05-18,0.0754872416051366
"652",2017-05-19,0.290144736352481
"653",2017-05-20,-0.0234809656631718
"654",2017-05-21,0.221787860097357
"655",2017-05-22,0.0983579928077152
"656",2017-05-23,0.0431887072294126
"657",2017-05-24,0.0435232803855987
"658",2017-05-25,-0.0856509419989182
"659",2017-05-26,-0.083925833931989
"660",2017-05-27,-0.0166272105655194
"661",2017-05-28,0.0777376345670895
"662",2017-05-29,0.133732945081528
"663",2017-05-30,0.173820888232915
"664",2017-05-31,-0.00536984729878842
"665",2017-06-01,-0.0372304381600701
"666",2017-06-02,0.00688768558779529
"667",2017-06-03,0.00268219131040048
"668",2017-06-04,0.0892891520847421
"669",2017-06-05,0.0126855866109743
"670",2017-06-06,0.062414724005512
"671",2017-06-07,-0.02447791484615
"672",2017-06-08,0.0138340289055296
"673",2017-06-09,0.0739051876448213
"674",2017-06-10,0.181089149618428
"675",2017-06-11,0.00867205698184836
"676",2017-06-12,0.16444738330871
"677",2017-06-13,-0.00989462274697672
"678",2017-06-14,-0.101817943852579
"679",2017-06-15,0.00798911553446935
"680",2017-06-16,0.0226571535147659
"681",2017-06-17,0.0245116558059069
"682",2017-06-18,-0.0211921357031049
"683",2017-06-19,-0.00378147858449296
"684",2017-06-20,-0.0303180156418854
"685",2017-06-21,-0.0636332669356223
"686",2017-06-22,-0.00148833952762395
"687",2017-06-23,0.015832605349547
"688",2017-06-24,-0.0542424817960621
"689",2017-06-25,-0.0652539405684047
"690",2017-06-26,-0.106208004602818
"691",2017-06-27,0.0721300477615641
"692",2017-06-28,0.112318079161228
"693",2017-06-29,-0.0794444496187063
"694",2017-06-30,-0.0266560599509829
"695",2017-07-01,-0.0713713368381423
"696",2017-07-02,0.0475961578990152
"697",2017-07-03,-0.0178288962332198
"698",2017-07-04,-0.0345053412423795
"699",2017-07-05,-0.0167102733402036
"700",2017-07-06,0.00658243915305867
"701",2017-07-07,-0.0951583308638426
"702",2017-07-08,0.0229310692556126
"703",2017-07-09,-0.0387223541904236
"704",2017-07-10,-0.117206559788242
"705",2017-07-11,-0.0870446672997538
"706",2017-07-12,0.156186459629438
"707",2017-07-13,-0.0956035825773993
"708",2017-07-14,-0.0492093508184617
"709",2017-07-15,-0.156981983112437
"710",2017-07-16,-0.081088685852472
"711",2017-07-17,0.206329366832136
"712",2017-07-18,0.192106036879853
"713",2017-07-19,-0.16015940879449
"714",2017-07-20,0.129285455214718
"715",2017-07-21,-0.0402235975911971
"716",2017-07-22,0.0499053046647671
"717",2017-07-23,-0.0154802608449698
"718",2017-07-24,-0.00550305160434839
"719",2017-07-25,-0.0834982490289997
"720",2017-07-26,-0.0134272888227365
"721",2017-07-27,0.0017879795567719
"722",2017-07-28,-0.0563502726196683
"723",2017-07-29,0.0635240800900085
"724",2017-07-30,-0.0386954786224587
"725",2017-07-31,0.0293315524367896
"726",2017-08-01,0.106444414285056
"727",2017-08-02,-0.0305225424354951
"728",2017-08-03,0.0242099034419159
"729",2017-08-04,-0.0101201627993763
"730",2017-08-05,0.139656848617151
"731",2017-08-06,0.0195344995103355
"732",2017-08-07,0.0286898634873607
"733",2017-08-08,0.0975738240336828
"734",2017-08-09,-0.00250340542945615
"735",2017-08-10,-0.000456177284299919
"736",2017-08-11,0.042906579769312
"737",2017-08-12,0.00560807624885573
"738",2017-08-13,-0.0412009603663277
"739",2017-08-14,0.00679749397230545
"740",2017-08-15,-0.0348525901388612
"741",2017-08-16,0.0420576105211161
"742",2017-08-17,-0.00268333704593449
"743",2017-08-18,-0.0196540436108226
"744",2017-08-19,0.00634003745626988
"745",2017-08-20,0.0132178286097755
"746",2017-08-21,0.064749349630933
"747",2017-08-22,-0.0213906823532879
"748",2017-08-23,0.00864781804102677
"749",2017-08-24,0.0251656959173623
"750",2017-08-25,0.0191755463833996
"751",2017-08-26,0.00590866503921994
"752",2017-08-27,0.041107371408426
"753",2017-08-28,-0.000419745843267094
"754",2017-08-29,0.0638288340797812
"755",2017-08-30,0.0208723385017544
"756",2017-08-31,0.0119682205157101
"757",2017-09-01,0.0121929603610882
"758",2017-09-02,-0.105311481549985
"759",2017-09-03,-0.00430745498860929
"760",2017-09-04,-0.163163831140284
"761",2017-09-05,0.0586100579725866
"762",2017-09-06,0.0659876226927061
"763",2017-09-07,-0.0147946517179509
"764",2017-09-08,-0.105320713789705
"765",2017-09-09,-0.00708076368771504
"766",2017-09-10,-0.0194054636686749
"767",2017-09-11,0.0198367967293631
"768",2017-09-12,-0.0104712387891359
"769",2017-09-13,-0.0504947046839286
"770",2017-09-14,-0.258875717179075
"771",2017-09-15,0.157769178167356
"772",2017-09-16,-0.0158639664229296
"773",2017-09-17,0.0209812804282254
"774",2017-09-18,0.153434916824872
"775",2017-09-19,-0.037113419725836
"776",2017-09-20,0.00331135997316601
"777",2017-09-21,-0.0928603151110439
"778",2017-09-22,0.0219175755684464
"779",2017-09-23,0.0794563983332974
"780",2017-09-24,-0.0129606685888639
"781",2017-09-25,0.0342717672463095
"782",2017-09-26,-0.0168830030519347
"783",2017-09-27,0.0641029719401516
"784",2017-09-28,-0.024148284622556
"785",2017-09-29,-0.0260350042325594
"786",2017-09-30,0.0337270837805637
"787",2017-10-01,0.00288839918836103
"788",2017-10-02,-0.0162121011020657
"789",2017-10-03,-0.0169920006167565
"790",2017-10-04,0.000666450208476554
"791",2017-10-05,0.0108918754006293
"792",2017-10-06,0.0421105630086469
"793",2017-10-07,0.00818442802932129
"794",2017-10-08,-0.00811965444193241
"795",2017-10-09,-0.0370207424584974
"796",2017-10-10,0.00829790359208715
"797",2017-10-11,0.0118875741961384
"798",2017-10-12,0.00223831882672521
"799",2017-10-13,0.107808079959579
"800",2017-10-14,0.00256787076451115
"801",2017-10-15,-0.00897044428922023
"802",2017-10-16,-0.0095854424288575
"803",2017-10-17,-0.050134569102557
"804",2017-10-18,-0.00875202488524174
"805",2017-10-19,-0.0200228951275605
"806",2017-10-20,-0.013338021120008
"807",2017-10-21,-0.0126418237533761
"808",2017-10-22,-0.0159195273568926
"809",2017-10-23,-0.0291781000426914
"810",2017-10-24,0.0388855360345195
"811",2017-10-25,-0.00135182570974646
"812",2017-10-26,-0.00470343303282661
"813",2017-10-27,0.00301707773909232
"814",2017-10-28,-0.0037896632635066
"815",2017-10-29,0.0292345840519816
"816",2017-10-30,0.00869073500266726
"817",2017-10-31,-0.00610144481945429
"818",2017-11-01,-0.0474842847919197
"819",2017-11-02,-0.0147294830751088
"820",2017-11-03,0.0616643834590116
"821",2017-11-04,-0.0172956406809064
"822",2017-11-05,-0.0140969939442055
"823",2017-11-06,0.00883472409294495
"824",2017-11-07,-0.0142635520857963
"825",2017-11-08,0.0477490657572348
"826",2017-11-09,0.0375118853450616
"827",2017-11-10,-0.0697903570769443
"828",2017-11-11,0.050270087911839
"829",2017-11-12,-0.0217584227099197
"830",2017-11-13,0.0282044781609292
"831",2017-11-14,0.0639481359540364
"832",2017-11-15,-0.0127396458977751
"833",2017-11-16,-0.00732519779192398
"834",2017-11-17,0.00443227337581042
"835",2017-11-18,0.0447658668563395
"836",2017-11-19,0.019299759824758
"837",2017-11-20,0.0342392374105653
"838",2017-11-21,-0.0174086092704568
"839",2017-11-22,0.0546682897256838
"840",2017-11-23,0.0746763263100858
"841",2017-11-24,0.146565521984594
"842",2017-11-25,-0.0183497055971804
"843",2017-11-26,0.010780722423104
"844",2017-11-27,0.0189669787319273
"845",2017-11-28,-0.0156372409963694
"846",2017-11-29,-0.10088008429192
"847",2017-11-30,0.0448055154772824
"848",2017-12-01,0.042530153844349
"849",2017-12-02,-0.00664742343324054
"850",2017-12-03,0.00517376989892959
"851",2017-12-04,0.00929653707839062
"852",2017-12-05,-0.0148328699672877
"853",2017-12-06,-0.0778376795419282
"854",2017-12-07,0.0134880467903526
"855",2017-12-08,0.0485766411802482
"856",2017-12-09,0.0375953632321524
"857",2017-12-10,-0.0694776868840608
"858",2017-12-11,0.153752437129063
"859",2017-12-12,0.234740611274825
"860",2017-12-13,0.0758539138701755
"861",2017-12-14,-0.00994021405237611
"862",2017-12-15,-0.0164725563256178
"863",2017-12-16,0.0170372085709269
"864",2017-12-17,0.0335665762186448
"865",2017-12-18,0.0986790433626741
"866",2017-12-19,0.0396951438824242
"867",2017-12-20,-0.00940155987120761
"868",2017-12-21,0.00241074435693278
"869",2017-12-22,-0.196094587854981
"870",2017-12-23,0.0638942541191847
"871",2017-12-24,-0.0357142851844117
"872",2017-12-25,0.09828020651935
"873",2017-12-26,0.0103945483609573
"874",2017-12-27,-0.014309057244585
"875",2017-12-28,-0.0344317934280358
"876",2017-12-29,0.0222319680861345
"877",2017-12-30,-0.0494168401532527
"878",2017-12-31,0.0535762040388343
"879",2018-01-01,0.020804059899282
"880",2018-01-02,0.135144660330048
"881",2018-01-03,0.0848034162791516
"882",2018-01-04,0.0187303612934517
"883",2018-01-05,0.0169797041158049
"884",2018-01-06,0.0431174785014949
"885",2018-01-07,0.101679863753588
"886",2018-01-08,-0.00403182094829724
"887",2018-01-09,0.123681347688016
"888",2018-01-10,-0.034375534096835
"889",2018-01-11,-0.0837489198415335
"890",2018-01-12,0.097493595107486
"891",2018-01-13,0.0923784722589112
"892",2018-01-14,-0.0214615436259891
"893",2018-01-15,-0.0563207885765067
"894",2018-01-16,-0.203831284779176
"895",2018-01-17,-0.0381488101129142
"896",2018-01-18,0.0214879824714265
"897",2018-01-19,0.00271752520370683
"898",2018-01-20,0.105875295668201
"899",2018-01-21,-0.0958401842211929
"900",2018-01-22,-0.0451353345385597
"901",2018-01-23,-0.017121403456561
"902",2018-01-24,0.0709840250423266
"903",2018-01-25,-0.00260070784097799
"904",2018-01-26,-0.000814688345802672
"905",2018-01-27,0.0480149038285989
"906",2018-01-28,0.118229617125271
"907",2018-01-29,-0.0524340255871012
"908",2018-01-30,-0.0987982578002731
"909",2018-01-31,0.0431044992610472
"910",2018-02-01,-0.0756892307907959
"911",2018-02-02,-0.124103126621997
"912",2018-02-03,0.0513293938041786
"913",2018-02-04,-0.144060162911454
"914",2018-02-05,-0.178901938411886
"915",2018-02-06,0.127828183338437
"916",2018-02-07,-0.0465239988767303
"917",2018-02-08,0.0771733075769792
"918",2018-02-09,0.0776779487260608
"919",2018-02-10,-0.0268895193051639
"920",2018-02-11,-0.0546439902831191
"921",2018-02-12,0.0642350495758768
"922",2018-02-13,-0.0273639632507026
"923",2018-02-14,0.0885949208986476
"924",2018-02-15,0.0144208597591913
"925",2018-02-16,0.00769094020830252
"926",2018-02-17,0.0311807338898182
"927",2018-02-18,-0.0529027633420558
"928",2018-02-19,0.0213565439692482
"929",2018-02-20,-0.0527450105987457
"930",2018-02-21,-0.052035885583388
"931",2018-02-22,-0.0446618368796212
"932",2018-02-23,0.0612511211800264
"933",2018-02-24,-0.0277767079122206
"934",2018-02-25,0.00509693058020133
"935",2018-02-26,0.028593799863911
"936",2018-02-27,0.0102428399988463
"937",2018-02-28,-0.0266142263384417
"938",2018-03-01,0.0196846080069077
"939",2018-03-02,-0.0177523623593512
"940",2018-03-03,0.000433993091547791
"941",2018-03-04,0.0109670880494113
"942",2018-03-05,-0.0151063614555111
"943",2018-03-06,-0.0439820224165706
"944",2018-03-07,-0.081738345026932
"945",2018-03-08,-0.0662161587843713
"946",2018-03-09,0.033933920717347
"947",2018-03-10,-0.0593843361909743
"948",2018-03-11,0.0517037919382641
"949",2018-03-12,-0.0330391079799295
"950",2018-03-13,-0.012949400486435
"951",2018-03-14,-0.117420684976702
"952",2018-03-15,-0.00487437666791291
"953",2018-03-16,-0.0158919059610145
"954",2018-03-17,-0.084744231820868
"955",2018-03-18,-0.0259034319345686
"956",2018-03-19,0.0330183843374634
"957",2018-03-20,0.000806130928889814
"958",2018-03-21,0.00814550675862602
"959",2018-03-22,-0.0400076753724621
"960",2018-03-23,-0.000153813363592548
"961",2018-03-24,-0.0247278553902817
"962",2018-03-25,-0.00409629529025768
"963",2018-03-26,-0.0677338558576785
"964",2018-03-27,-0.0848000429949023
"965",2018-03-28,-0.00856102160746897
"966",2018-03-29,-0.145189868258389
"967",2018-03-30,0.0222321679547006
"968",2018-03-31,0.00458099004105872
"969",2018-04-01,-0.0434310949302343
"970",2018-04-02,0.0178012751266117
"971",2018-04-03,0.075891837157517
"972",2018-04-04,-0.0912304286547263
"973",2018-04-05,0.00704135938284534
"974",2018-04-06,-0.0343675466649902
"975",2018-04-07,0.0397855831135594
"976",2018-04-08,0.0386751580341151
"977",2018-04-09,-0.00496098807413148
"978",2018-04-10,0.0386800414312329
"979",2018-04-11,0.0385874709603691
"980",2018-04-12,0.135349256040744
"981",2018-04-13,-0.0004180379841765
"982",2018-04-14,0.0175882583357634
"983",2018-04-15,0.0585234988598309
"984",2018-04-16,-0.0394260049861437
"985",2018-04-17,-0.0162777897690178
"986",2018-04-18,0.0426168427826008
"987",2018-04-19,0.0789296576377128
"988",2018-04-20,0.0808631591534503
"989",2018-04-21,-0.0169079251535633
"990",2018-04-22,0.0268337923102688
"991",2018-04-23,0.0327265187884098
"992",2018-04-24,0.0972257791943054
"993",2018-04-25,-0.140368772981811
"994",2018-04-26,0.0741884080016879
"995",2018-04-27,-0.0240911714001042
"996",2018-04-28,0.0550912913297923
"997",2018-04-29,0.00758149860749846
"998",2018-04-30,-0.0279042249025556
"999",2018-05-01,0.00549143686555897
"1000",2018-05-02,0.0198954083941922
"1001",2018-05-03,0.126156754232127
"1002",2018-05-04,0.00777044672102356
"1003",2018-05-05,0.0380830611011218
"1004",2018-05-06,-0.029607438159637
"1005",2018-05-07,-0.0499264105357256
"1006",2018-05-08,-0.00115225206824654
"1007",2018-05-09,-0.000773315591795942
"1008",2018-05-10,-0.03379458789707
"1009",2018-05-11,-0.067823604835568
"1010",2018-05-12,0.00946377046434321
"1011",2018-05-13,0.0668745478634518
"1012",2018-05-14,-0.00402578474612536
"1013",2018-05-15,-0.0301227972675662
"1014",2018-05-16,-0.00257215629319774
"1015",2018-05-17,-0.0498658530632508
"1016",2018-05-18,0.0317651302174431
"1017",2018-05-19,0.00311026149655991
"1018",2018-05-20,0.0266876136116947
"1019",2018-05-21,-0.0228302531195013
"1020",2018-05-22,-0.0764772986012838
"1021",2018-05-23,-0.104300816843169
"1022",2018-05-24,0.0306602425558005
"1023",2018-05-25,-0.0252788131915294
"1024",2018-05-26,0.000930176338094668
"1025",2018-05-27,-0.0251955626342575
"1026",2018-05-28,-0.10412964274233
"1027",2018-05-29,0.0913356693158542
"1028",2018-05-30,-0.0103078001477943
"1029",2018-05-31,0.0317551067803077
"1030",2018-06-01,0.00414276268922276
"1031",2018-06-02,0.0200799387859192
"1032",2018-06-03,0.0438384150704723
"1033",2018-06-04,-0.0418515660276757
"1034",2018-06-05,0.0271465681871943
"1035",2018-06-06,-0.00358255501881821
"1036",2018-06-07,-0.00319557043105334
"1037",2018-06-08,-0.00681443162517148
"1038",2018-06-09,-0.0058650251902348
"1039",2018-06-10,-0.126646611858034
"1040",2018-06-11,0.0128426573195348
"1041",2018-06-12,-0.0707800550021194
"1042",2018-06-13,-0.0397224853881273
"1043",2018-06-14,0.0847809730347908
"1044",2018-06-15,-0.0568802719728358
"1045",2018-06-16,0.0174395676413441
"1046",2018-06-17,0.00161185528847962
"1047",2018-06-18,0.0361901312388619
"1048",2018-06-19,0.0360847510542133
"1049",2018-06-20,-0.00314453011431137
"1050",2018-06-21,-0.0167373369932928
"1051",2018-06-22,-0.124103885362948
"1052",2018-06-23,0.018510920531674
"1053",2018-06-24,-0.0361509798206221
"1054",2018-06-25,0.00574740741333457
"1055",2018-06-26,-0.0616891338420213
"1056",2018-06-27,0.0219242731863618
"1057",2018-06-28,-0.0462654651143399
"1058",2018-06-29,0.0317930467841183
"1059",2018-06-30,0.0430300375188217
"1060",2018-07-01,-0.00277636695218497
"1061",2018-07-02,0.0461284693050175
"1062",2018-07-03,-0.0237402944471743
"1063",2018-07-04,0.00670521549512859
"1064",2018-07-05,0.0150661619328467
"1065",2018-07-06,-0.000843492008111291
"1066",2018-07-07,0.0365548057647942
"1067",2018-07-08,-0.00518163970908514
"1068",2018-07-09,-0.0257561725329873
"1069",2018-07-10,-0.0928285755522333
"1070",2018-07-11,0.0274586832183275
"1071",2018-07-12,-0.0375224257211091
"1072",2018-07-13,0.00914946404845463
"1073",2018-07-14,0.00473270673264015
"1074",2018-07-15,0.0310747378893472
"1075",2018-07-16,0.0662417704953366
"1076",2018-07-17,0.041454143340621
"1077",2018-07-18,-0.0417558378416167
"1078",2018-07-19,-0.0229325810865442
"1079",2018-07-20,-0.0411242144011101
"1080",2018-07-21,0.0257106921036439
"1081",2018-07-22,-0.00602759235690442
"1082",2018-07-23,-0.0193392500867935
"1083",2018-07-24,0.0613376334413749
"1084",2018-07-25,-0.0144560155189035
"1085",2018-07-26,-0.0180586928786273
"1086",2018-07-27,0.0120575094341735
"1087",2018-07-28,-0.00591093203238557
"1088",2018-07-29,-0.000499165027097348
"1089",2018-07-30,-0.0207510698359075
"1090",2018-07-31,-0.0521225602091402
"1091",2018-08-01,-0.0307063204297808
"1092",2018-08-02,-0.0195022233699245
"1093",2018-08-03,0.0135785127524102
"1094",2018-08-04,-0.02667582085855
"1095",2018-08-05,0.00798269023158671
"1096",2018-08-06,-0.009442370300766
"1097",2018-08-07,-0.0672356410907664
"1098",2018-08-08,-0.0640856918693293
"1099",2018-08-09,0.0248558720374525
"1100",2018-08-10,-0.0898392665083962
"1101",2018-08-11,-0.0367684741810672
"1102",2018-08-12,-0.007922947097323
"1103",2018-08-13,-0.109255297513358
"1104",2018-08-14,-0.0267530169310906
"1105",2018-08-15,0.0122290187087053
"1106",2018-08-16,0.0199230865664255
"1107",2018-08-17,0.0917641084871237
"1108",2018-08-18,-0.0651601054029127
"1109",2018-08-19,0.0168345094928721
"1110",2018-08-20,-0.0922815790732017
"1111",2018-08-21,0.0274313812667657
"1112",2018-08-22,-0.0383321261381964
"1113",2018-08-23,0.0210165579019961
"1114",2018-08-24,0.0209374169882794
"1115",2018-08-25,-0.0118058151422575
"1116",2018-08-26,-0.0160373311345889
"1117",2018-08-27,0.0371155519747157
"1118",2018-08-28,0.0374410980341127
"1119",2018-08-29,-0.0245380901092949
"1120",2018-08-30,-0.0181618051724968
"1121",2018-08-31,-0.00388290210824049
"1122",2018-09-01,0.0426696063737984
"1123",2018-09-02,-0.00328974776362134
"1124",2018-09-03,-0.01751839244859
"1125",2018-09-04,-0.0122997088910104
"1126",2018-09-05,-0.206859728847355
"1127",2018-09-06,-0.00914941565550009
"1128",2018-09-07,-0.0581812235885977
"1129",2018-09-08,-0.0928128684039011
"1130",2018-09-09,-0.00520169833847284
"1131",2018-09-10,0.000786791022081346
"1132",2018-09-11,-0.0628921524191064
"1133",2018-09-12,-0.0094192563146569
"1134",2018-09-13,0.142241242234514
"1135",2018-09-14,0.00186710620131603
"1136",2018-09-15,0.0521019994801613
"1137",2018-09-16,-0.0112023131575025
"1138",2018-09-17,-0.10866574603431
"1139",2018-09-18,0.0593529863853446
"1140",2018-09-19,-2.86323890819062e-05
"1141",2018-09-20,0.0673211114238894
"1142",2018-09-21,0.0934217226033134
"1143",2018-09-22,-0.0250657968533776
"1144",2018-09-23,0.0158828693750657
"1145",2018-09-24,-0.0659775275949297
"1146",2018-09-25,-0.0457333306996075
"1147",2018-09-26,-0.0122390970875443
"1148",2018-09-27,0.0569401415490169
"1149",2018-09-28,-0.0270234412460546
"1150",2018-09-29,0.0406763116532876
"1151",2018-09-30,0.005223074913002
"1152",2018-10-01,-0.00897301172556375
"1153",2018-10-02,-0.0156658419184161
"1154",2018-10-03,-0.0298992586390607
"1155",2018-10-04,0.00781109307507233
"1156",2018-10-05,0.0239351961027952
"1157",2018-10-06,-0.0109605159726245
"1158",2018-10-07,0.00442785147839153
"1159",2018-10-08,0.0137735203252332
"1160",2018-10-09,-0.0055682864213713
"1161",2018-10-10,-0.00975431717224406
"1162",2018-10-11,-0.175128628841518
"1163",2018-10-12,0.0374332957371522
"1164",2018-10-13,0.015705059118539
"1165",2018-10-14,-0.0208625664225321
"1166",2018-10-15,0.0690374897943276
"1167",2018-10-16,0.00198178353815415
"1168",2018-10-17,-0.0145591270092202
"1169",2018-10-18,-0.0181811531284346
"1170",2018-10-19,0.00184239470404268
"1171",2018-10-20,0.00832442237333009
"1172",2018-10-21,-0.00140289670774951
"1173",2018-10-22,-0.00536672625459467
"1174",2018-10-23,0.00143000659279835
"1175",2018-10-24,-0.00237142797963585
"1176",2018-10-25,-0.0055735108297208
"1177",2018-10-26,0.00300457815540689
"1178",2018-10-27,0.0043235782003519
"1179",2018-10-28,0.00564482810641032
"1180",2018-10-29,-0.0403370184466842
"1181",2018-10-30,0.00156536838775079
"1182",2018-10-31,-0.000886232552449684
"1183",2018-11-01,0.00752551562028358
"1184",2018-11-02,0.00882594043626206
"1185",2018-11-03,-0.00224035261524058
"1186",2018-11-04,0.0358168696154806
"1187",2018-11-05,0.00770574929098355
"1188",2018-11-06,0.0437967142088089
"1189",2018-11-07,-0.00582598094242481
"1190",2018-11-08,-0.0230649932744003
"1191",2018-11-09,-0.0102154448417888
"1192",2018-11-10,0.0116374205515939
"1193",2018-11-11,-0.00562910186495635
"1194",2018-11-12,-0.00437216830343523
"1195",2018-11-13,-0.0172181443726762
"1196",2018-11-14,-0.13118986336482
"1197",2018-11-15,-0.00326338279695992
"1198",2018-11-16,-0.0316277304854253
"1199",2018-11-17,-0.00673581620861707
"1200",2018-11-18,0.0174671111159386
"1201",2018-11-19,-0.171408064151288
"1202",2018-11-20,-0.134981346524278
"1203",2018-11-21,0.0476573012585666
"1204",2018-11-22,-0.0759266381959627
"1205",2018-11-23,-0.0272814978344593
"1206",2018-11-24,-0.0828379537014916
"1207",2018-11-25,0.0257119720470911
"1208",2018-11-26,-0.0722337016401768
"1209",2018-11-27,0.015343020003467
"1210",2018-11-28,0.107033523150688
"1211",2018-11-29,-0.0408035826505211
"1212",2018-11-30,-0.037897524856862
"1213",2018-12-01,0.047152559985129
"1214",2018-12-02,-0.0191190860425969
"1215",2018-12-03,-0.0662774412625353
"1216",2018-12-04,0.0117658989081217
"1217",2018-12-05,-0.0728013538320873
"1218",2018-12-06,-0.110436312191345
"1219",2018-12-07,0.0165738616320699
"1220",2018-12-08,-0.0122395736338312
"1221",2018-12-09,0.0318488744232601
"1222",2018-12-10,-0.0370052104664822
"1223",2018-12-11,-0.0303442918377748
"1224",2018-12-12,0.018358628622769
"1225",2018-12-13,-0.0457814510843795
"1226",2018-12-14,-0.0261185371904045
"1227",2018-12-15,0.00157055678213514
"1228",2018-12-16,0.00967921418874607
"1229",2018-12-17,0.109554563993681
"1230",2018-12-18,0.0609487275058056
"1231",2018-12-19,0.00154284249973102
"1232",2018-12-20,0.137681864841982
"1233",2018-12-21,-0.0595679118439634
"1234",2018-12-22,0.0642261265508308
"1235",2018-12-23,0.113287544644903
"1236",2018-12-24,0.0699372293914493
"1237",2018-12-25,-0.0770046422499
"1238",2018-12-26,0.0154470702466547
"1239",2018-12-27,-0.123240791203274
"1240",2018-12-28,0.16614990176078
"1241",2018-12-29,0.00269401440882344
"1242",2018-12-30,0.0132514147909779
"1243",2018-12-31,-0.0475237402987387
"1244",2019-01-01,0.0543640469236699
"1245",2019-01-02,0.0962544047788167
"1246",2019-01-03,-0.0388807052573119
"1247",2019-01-04,0.0358723086752972
"1248",2019-01-05,0.00681231552256989
"1249",2019-01-06,0.0134507914640674
"1250",2019-01-07,-0.0390876807002787
"1251",2019-01-08,-0.00886975348718977
"1252",2019-01-09,0.00294513395535567
"1253",2019-01-10,-0.159072501596623
"1254",2019-01-11,-0.00840730449718929
"1255",2019-01-12,-0.0124790756528981
"1256",2019-01-13,-0.0747161537286312
"1257",2019-01-14,0.0990449391705281
"1258",2019-01-15,-0.0560558576618977
"1259",2019-01-16,0.012332955405693
"1260",2019-01-17,0.00157598645849966
"1261",2019-01-18,-0.0223227544698918
"1262",2019-01-19,0.0285831234028473
"1263",2019-01-20,-0.0413527453794309
"1264",2019-01-21,-0.0195835420522465
"1265",2019-01-22,0.0134776316550873
"1266",2019-01-23,-0.0109649205202516
"1267",2019-01-24,-0.000764183010107722
"1268",2019-01-25,-0.0084242633208893
"1269",2019-01-26,0.000948154696631676
"1270",2019-01-27,-0.0268265769719083
"1271",2019-01-28,-0.0619785850237218
"1272",2019-01-29,-0.00934799661345753
"1273",2019-01-30,0.0308578074123682
"1274",2019-01-31,-0.017100378628923
"1275",2019-02-01,0.00511272327645784
"1276",2019-02-02,0.0258725896485457
"1277",2019-02-03,-0.026961549898429
"1278",2019-02-04,0.00305538741945899
"1279",2019-02-05,-0.00351271385958896
"1280",2019-02-06,-0.023773935766358
"1281",2019-02-07,-0.00366655541120053
"1282",2019-02-08,0.1318461091412
"1283",2019-02-09,0.0013669037372992
"1284",2019-02-10,0.0440266059122054
"1285",2019-02-11,-0.0285108740463755
"1286",2019-02-12,0.0104474025043775
"1287",2019-02-13,-0.000152452275093751
"1288",2019-02-14,-0.00953832626642193
"1289",2019-02-15,0.00583336715477323
"1290",2019-02-16,0.00945413909108961
"1291",2019-02-17,0.0805441574527173
"1292",2019-02-18,0.0894383271079748
"1293",2019-02-19,-0.00516186473729796
"1294",2019-02-20,0.0285414672405206
"1295",2019-02-21,-0.0231573728407204
"1296",2019-02-22,0.0200641913049893
"1297",2019-02-23,0.0630501351202861
"1298",2019-02-24,-0.156045815113187
"1299",2019-02-25,0.028805419435936
"1300",2019-02-26,-0.012473042698482
"1301",2019-02-27,-0.0143226592826213
"1302",2019-02-28,0.00454634845536717
"1303",2019-03-01,-0.00221550769305701
"1304",2019-03-02,-0.0165284328502393
"1305",2019-03-03,-0.0146933637325413
"1306",2019-03-04,-0.0344256362658921
"1307",2019-03-05,0.0757017638975155
"1308",2019-03-06,0.00699151770542983
"1309",2019-03-07,-0.00545367652016271
"1310",2019-03-08,-0.0212880219192328
"1311",2019-03-09,0.0207868042123467
"1312",2019-03-10,-0.00878450880171844
"1313",2019-03-11,-0.0216174772191966
"1314",2019-03-12,0.00453901926723432
"1315",2019-03-13,-0.00881427238441912
"1316",2019-03-14,0.00335999981035418
"1317",2019-03-15,0.0293325701866856
"1318",2019-03-16,0.0336094368877333
"1319",2019-03-17,-0.016980859922012
"1320",2019-03-18,-0.00448105025035339
"1321",2019-03-19,0.00817881199595849
"1322",2019-03-20,0.00118888136098594
"1323",2019-03-21,-0.029212070450729
"1324",2019-03-22,0.00398352706628291
"1325",2019-03-23,0.00768590644184641
"1326",2019-03-24,-0.00910488147668342
"1327",2019-03-25,-0.0143809314904519
"1328",2019-03-26,0.00317449940281911
"1329",2019-03-27,0.0399968714984915
"1330",2019-03-28,-0.0112102460518333
"1331",2019-03-29,0.0218582392227953
"1332",2019-03-30,-0.00284436646678188
"1333",2019-03-31,-0.00408018313696257
"1334",2019-04-01,0.00223207593199515
"1335",2019-04-02,0.145001716890636
"1336",2019-04-03,-0.0153831365667667
"1337",2019-04-04,-0.0213225238633337
"1338",2019-04-05,0.0461334166751053
"1339",2019-04-06,0.00260879483852428
"1340",2019-04-07,0.0504363877635345
"1341",2019-04-08,0.0322876236414942
"1342",2019-04-09,-0.0232589124209452
"1343",2019-04-10,0.00691978363401091
"1344",2019-04-11,-0.0691013593950913
"1345",2019-04-12,-0.00460703522861916
"1346",2019-04-13,-0.0013544555898477
"1347",2019-04-14,0.0200105748485786
"1348",2019-04-15,-0.03803799008507
"1349",2019-04-16,0.0367557461640757
"1350",2019-04-17,-0.00402114029339451
"1351",2019-04-18,0.040286992890878
"1352",2019-04-19,-0.00060767872640799
"1353",2019-04-20,0.000246537944363467
"1354",2019-04-21,-0.0215527005517586
"1355",2019-04-22,0.0106934433123014
"1356",2019-04-23,-0.00248666641259909
"1357",2019-04-24,-0.0333392223301017
"1358",2019-04-25,-0.0710083720311747
"1359",2019-04-26,0.0121472316984725
"1360",2019-04-27,0.0132655324943887
"1361",2019-04-28,-0.0072205233117133
"1362",2019-04-29,-0.0133960251259451
"1363",2019-04-30,0.0438932246235462
"1364",2019-05-01,-0.00834526327443452
"1365",2019-05-02,0.00807856274172369
"1366",2019-05-03,0.0353266609739986
"1367",2019-05-04,-0.0236521595969297
"1368",2019-05-05,-0.00351708426082276
"1369",2019-05-06,0.0547736296609846
"1370",2019-05-07,-0.01667165715034
"1371",2019-05-08,0.00674700553575036
"1372",2019-05-09,-0.00386159124285701
"1373",2019-05-10,0.0166175791577681
"1374",2019-05-11,0.115309301627589
"1375",2019-05-12,-0.0365789087920989
"1376",2019-05-13,0.0495763663186688
"1377",2019-05-14,0.0981586618614561
"1378",2019-05-15,0.129426028192288
"1379",2019-05-16,0.0659791942267125
"1380",2019-05-17,-0.0797840669042307
"1381",2019-05-18,-0.0383413486580846
"1382",2019-05-19,0.107777740765704
"1383",2019-05-20,-0.0367484571455199
"1384",2019-05-21,0.0132188920062433
"1385",2019-05-22,-0.0420812468069531
"1386",2019-05-23,0.00516343286589027
"1387",2019-05-24,0.0142067678027278
"1388",2019-05-25,0.00907701131536243
"1389",2019-05-26,0.0590337077706664
"1390",2019-05-27,0.0214590662733105
"1391",2019-05-28,-0.00401715574081773
"1392",2019-05-29,-0.00854740881392146
"1393",2019-05-30,-0.0517776455676495
"1394",2019-05-31,0.0467842989294232
"1395",2019-06-01,-0.0102053946465954
"1396",2019-06-02,0.0180516755860829
"1397",2019-06-03,-0.067418304988176
"1398",2019-06-04,-0.0456368650348429
"1399",2019-06-05,0.0233931154218654
"1400",2019-06-06,0.00976121064441937
"1401",2019-06-07,0.00581940228191513
"1402",2019-06-08,-0.0209091199291978
"1403",2019-06-09,-0.0528558391649474
"1404",2019-06-10,0.0600814085175614
"1405",2019-06-11,-0.00704762336253673
"1406",2019-06-12,0.0597055297467888
"1407",2019-06-13,-0.0183132273970044
"1408",2019-06-14,0.0304437726596172
"1409",2019-06-15,0.0185028436284576
"1410",2019-06-16,0.000757606471658789
"1411",2019-06-17,0.0188678935773332
"1412",2019-06-18,-0.0344832277469758
"1413",2019-06-19,0.0163898076668278
"1414",2019-06-20,0.00836486825860661
"1415",2019-06-21,0.0819910283290941
"1416",2019-06-22,0.0479001291057575
"1417",2019-06-23,-0.00503079683140673
"1418",2019-06-24,0.00840080514112707
"1419",2019-06-25,0.0245072063395675
"1420",2019-06-26,0.0569017291744975
"1421",2019-06-27,-0.134860550667622
"1422",2019-06-28,0.0560299837793421
"1423",2019-06-29,0.0279854582171373
"1424",2019-06-30,-0.0962271394247445
"1425",2019-07-01,0.0100803250510122
"1426",2019-07-02,-0.00698753975334565
"1427",2019-07-03,0.0386919270443773
"1428",2019-07-04,-0.063247823715745
"1429",2019-07-05,0.0121370155995546
"1430",2019-07-06,-0.0015651577833129
"1431",2019-07-07,0.0612193283162998
"1432",2019-07-08,0.024400008510467
"1433",2019-07-09,-0.0140499475053399
"1434",2019-07-10,-0.0630672088036182
"1435",2019-07-11,-0.0762783649148746
"1436",2019-07-12,0.0277923560184918
"1437",2019-07-13,-0.024987403926108
"1438",2019-07-14,-0.168922188683776
"1439",2019-07-15,0.00961160767632219
"1440",2019-07-16,-0.142852434545628
"1441",2019-07-17,0.0599014410066925
"1442",2019-07-18,0.0688830760973218
"1443",2019-07-19,-0.0233667558542008
"1444",2019-07-20,0.0345722139687439
"1445",2019-07-21,-0.0153425730399421
"1446",2019-07-22,-0.0364251589949252
"1447",2019-07-23,-0.0224579543276473
"1448",2019-07-24,0.0200942419752357
"1449",2019-07-25,0.011778633319941
"1450",2019-07-26,5.28722292250094e-05
"1451",2019-07-27,-0.0572531650099872
"1452",2019-07-28,0.018052522537535
"1453",2019-07-29,0.000385826074785101
"1454",2019-07-30,-0.00353470982782067
"1455",2019-07-31,0.0378982290637495
"1456",2019-08-01,-0.00387526485631984
"1457",2019-08-02,0.000289781487709639
"1458",2019-08-03,0.0209779424532499
"1459",2019-08-04,0.000805925885149605
"1460",2019-08-05,0.0505499969005125
"1461",2019-08-06,-0.0356132675560161
"1462",2019-08-07,0.00163727473382203
"1463",2019-08-08,-0.024364011303331
"1464",2019-08-09,-0.0484666546916444
"1465",2019-08-10,-0.0180022550698533
"1466",2019-08-11,0.0442775475193757
"1467",2019-08-12,-0.0224857780945662
"1468",2019-08-13,-0.0122813148853886
"1469",2019-08-14,-0.111932375495749
"1470",2019-08-15,0.0101001578399575
"1471",2019-08-16,-0.0163771296051589
"1472",2019-08-17,0.00133433314394349
"1473",2019-08-18,0.0463327589746259
"1474",2019-08-19,0.0432598556475847
"1475",2019-08-20,-0.0326634817851641
"1476",2019-08-21,-0.0504663307326227
"1477",2019-08-22,0.0234859856108862
"1478",2019-08-23,0.0174768652206945
"1479",2019-08-24,-0.0177034593296392
"1480",2019-08-25,-0.0235228944057333
"1481",2019-08-26,0.0111078670773752
"1482",2019-08-27,-0.00750559423195263
"1483",2019-08-28,-0.0754449736748128
"1484",2019-08-29,-0.0254710600135635
"1485",2019-08-30,-0.00403054637233247
"1486",2019-08-31,0.021300948368828
"1487",2019-09-01,-0.00488443239048397
"1488",2019-09-02,0.0383954121643137
"1489",2019-09-03,0.00643841088268449
"1490",2019-09-04,-0.0197278789469655
"1491",2019-09-05,-0.0101411787622787
"1492",2019-09-06,-0.0247617905848037
"1493",2019-09-07,0.0477172291517931
"1494",2019-09-08,0.0172015081672772
"1495",2019-09-09,-0.00113683959862687
"1496",2019-09-10,-0.00754875675810229
"1497",2019-09-11,-0.00592268675604402
"1498",2019-09-12,0.0127348908654508
"1499",2019-09-13,0.000517102045096252
"1500",2019-09-14,0.0378999868054919
"1501",2019-09-15,0.00891052672230153
"1502",2019-09-16,0.0378644689825949
"1503",2019-09-17,0.0566824321090404
"1504",2019-09-18,0.0132586474020178
"1505",2019-09-19,0.0457135921495295
"1506",2019-09-20,-0.0147081037457077
"1507",2019-09-21,-0.0116885150754404
"1508",2019-09-22,-0.0185965658135974
"1509",2019-09-23,-0.0465614710691025
"1510",2019-09-24,-0.183255179773931
"1511",2019-09-25,0.0164129868954177
"1512",2019-09-26,-0.0246773681993417
"1513",2019-09-27,0.046774668545198
"1514",2019-09-28,-0.000790806625507123
"1515",2019-09-29,-0.0235866666840669
"1516",2019-09-30,0.0534909419893843
"1517",2019-10-01,-0.0141754583603007
"1518",2019-10-02,0.0188251737708436
"1519",2019-10-03,-0.0309719415277154
"1520",2019-10-04,0.0101405717904965
"1521",2019-10-05,-0.00358573001361506
"1522",2019-10-06,-0.0188458557299969
"1523",2019-10-07,0.0458926013271457
"1524",2019-10-08,0.00459914263937478
"1525",2019-10-09,0.0600833652590929
"1526",2019-10-10,-0.0084872756722385
"1527",2019-10-11,-0.0485892899669134
"1528",2019-10-12,-0.00959313682565366
"1529",2019-10-13,0.00688070405258667
"1530",2019-10-14,0.0264800275839558
"1531",2019-10-15,-0.0301615589777002
"1532",2019-10-16,-0.030177263178734
"1533",2019-10-17,0.0113820935225304
"1534",2019-10-18,-0.0250661034706283
"1535",2019-10-19,-0.00408798700533008
"1536",2019-10-20,0.0150461873485765
"1537",2019-10-21,-0.00350052350377528
"1538",2019-10-22,-0.0150922630507875
"1539",2019-10-23,-0.0591625404552358
"1540",2019-10-24,-0.00144346112524918
"1541",2019-10-25,0.112747397180458
"1542",2019-10-26,-0.00934108587053295
"1543",2019-10-27,0.0242088611476925
"1544",2019-10-28,-0.00860940369230878
"1545",2019-10-29,0.0411835845826092
"1546",2019-10-30,-0.0301349871531862
"1547",2019-10-31,-0.00393453442062608
"1548",2019-11-01,1.62582256759691e-05
"1549",2019-11-02,-0.000240231177589756
"1550",2019-11-03,-0.0081927521274201
"1551",2019-11-04,0.0213152694978147
"1552",2019-11-05,0.0157005833961179
"1553",2019-11-06,0.0120226439292264
"1554",2019-11-07,-0.0190605200975034
"1555",2019-11-08,-0.0202328030358485
"1556",2019-11-09,0.00442663804671106
"1557",2019-11-10,0.0237580828165793
"1558",2019-11-11,-0.0212700968353303
"1559",2019-11-12,0.00727188174539961
"1560",2019-11-13,0.00754640137509899
"1561",2019-11-14,-0.0120726031913012
"1562",2019-11-15,-0.0298965998995726
"1563",2019-11-16,0.0155398328579812
"1564",2019-11-17,0.00961217584869356
"1565",2019-11-18,-0.0249391920613524
"1566",2019-11-19,-0.0173407620605648
"1567",2019-11-20,-0.00995156220453097
"1568",2019-11-21,-0.0844942997671554
"1569",2019-11-22,-0.0718527808344964
"1570",2019-11-23,0.0207433096048932
"1571",2019-11-24,-0.0714767958656992
"1572",2019-11-25,0.0251771929113476
"1573",2019-11-26,0.0168466445724356
"1574",2019-11-27,0.0267950630117291
