,date,R_F_TWE.
326,08-08-15,-0.000958511
327,09-08-15,-0.000959431
328,10-08-15,-0.000960352
329,11-08-15,0.000997895
330,12-08-15,-0.012294199
331,13-08-15,0.005186501
332,14-08-15,0.001029068
333,15-08-15,0.000537006
334,16-08-15,0.000536718
335,17-08-15,0.00053643
336,18-08-15,0.001429436
337,19-08-15,0.00029433
338,20-08-15,-0.008464692
339,21-08-15,-0.006598146
340,22-08-15,-0.003737894
341,23-08-15,-0.003751918
342,24-08-15,-0.003766048
343,25-08-15,0.0105953
344,26-08-15,0.001249073
345,27-08-15,0.006151993
346,28-08-15,0.004892528
347,29-08-15,-0.000467573
348,30-08-15,-0.000467791
349,31-08-15,-0.00046801
350,01-09-15,-0.004904898
351,02-09-15,0.004046856
352,03-09-15,0.003501768
353,04-09-15,0.000433053
354,05-09-15,-0.001151321
355,06-09-15,-0.001152648
356,07-09-15,-0.001153979
357,08-09-15,-0.001155312
358,09-09-15,0.002721901
359,10-09-15,-0.004781888
360,11-09-15,-0.001574927
361,12-09-15,-0.000138578
362,13-09-15,-0.000138597
363,14-09-15,-0.000138616
364,15-09-15,0.003014131
365,16-09-15,-0.004487796
366,17-09-15,0.00041201
367,18-09-15,-0.004935492
368,19-09-15,0.003264792
369,20-09-15,0.003254168
370,21-09-15,0.003243613
371,22-09-15,0.003861293
372,23-09-15,0.001130795
373,24-09-15,-0.003603623
374,25-09-15,0.003625378
375,26-09-15,-0.000686218
376,27-09-15,-0.00068669
377,28-09-15,-0.000687161
378,29-09-15,0.000648312
379,30-09-15,0.003225501
380,01-10-15,-0.005463138
381,02-10-15,-0.004061673
382,03-10-15,0.000490216
383,04-10-15,0.000489975
384,05-10-15,0.000489735
385,06-10-15,-0.004235998
386,07-10-15,-0.000693815
387,08-10-15,-0.001836368
388,09-10-15,-0.004720866
389,10-10-15,-1.25E-05
390,11-10-15,-1.25E-05
391,12-10-15,-1.25E-05
392,13-10-15,-1.25E-05
393,14-10-15,-0.004072892
394,15-10-15,-0.002636071
395,16-10-15,0.004962458
396,17-10-15,0.000963393
397,18-10-15,0.000962466
398,19-10-15,0.00096154
399,20-10-15,-0.001720138
400,21-10-15,0.004078576
401,22-10-15,0.008608715
402,23-10-15,0.007857133
403,24-10-15,-0.000847644
404,25-10-15,-0.000848363
405,26-10-15,-0.000849083
406,27-10-15,0.00208263
407,28-10-15,-0.001992322
408,29-10-15,0.005780137
409,30-10-15,-0.006660718
410,31-10-15,0.000294339
411,01-11-15,0.000294252
412,02-11-15,0.000294166
413,03-11-15,0.00422122
414,04-11-15,0.005142733
415,05-11-15,0.000861916
416,06-11-15,0.011277327
417,07-11-15,-0.000745676
418,08-11-15,-0.000746232
419,09-11-15,-0.000746789
420,10-11-15,0.003366806
421,11-11-15,-0.001847676
422,12-11-15,-0.001851096
423,13-11-15,0.002741026
424,14-11-15,0.00040946
425,15-11-15,0.000409293
426,16-11-15,0.000409125
427,17-11-15,0.002971941
428,18-11-15,0.000712208
429,19-11-15,-0.008338683
430,20-11-15,0.005696091
431,21-11-15,0.001215901
432,22-11-15,0.001214425
433,23-11-15,0.001212951
434,24-11-15,-0.003658149
435,25-11-15,0.001425618
436,26-11-15,0.001597291
437,27-11-15,0.001594744
438,28-11-15,0.000280167
439,29-11-15,0.000280088
440,30-11-15,0.00028001
441,01-12-15,-0.002210511
442,02-12-15,0.003014179
443,03-12-15,-0.014566851
444,04-12-15,-0.000172467
445,05-12-15,0.001863072
446,06-12-15,0.001859608
447,07-12-15,0.001856156
448,08-12-15,0.000301451
449,09-12-15,-0.006720554
450,10-12-15,0.000687057
451,11-12-15,-0.000764259
452,12-12-15,-8.47E-05
453,13-12-15,-8.47E-05
454,14-12-15,-8.47E-05
455,15-12-15,0.006702531
456,16-12-15,0.000640106
457,17-12-15,0.011143937
458,18-12-15,-0.006149017
459,19-12-15,-0.000244403
460,20-12-15,-0.000244463
461,21-12-15,-0.000244523
462,22-12-15,-0.003440962
463,23-12-15,0.002526652
464,24-12-15,-0.004997846
465,25-12-15,5.47E-05
466,26-12-15,5.47E-05
467,27-12-15,5.46E-05
468,28-12-15,5.46E-05
469,29-12-15,0.00233982
470,30-12-15,0.000795377
471,31-12-15,0.00176713
472,01-01-16,0.001111087
473,02-01-16,0.001109853
474,03-01-16,0.001108623
475,04-01-16,0.001107395
476,05-01-16,0.00280909
477,06-01-16,0.00106019
478,07-01-16,-0.004813039
479,08-01-16,0.000793747
480,09-01-16,0.000263738
481,10-01-16,0.000263669
482,11-01-16,0.000263599
483,12-01-16,0.004819094
484,13-01-16,-0.000902864
485,14-01-16,0.001983338
486,15-01-16,-0.001614316
487,16-01-16,0.000896493
488,17-01-16,0.00089569
489,18-01-16,0.000894888
490,19-01-16,0.000894088
491,20-01-16,0.000139294
492,21-01-16,-0.002682454
493,22-01-16,-0.000662633
494,23-01-16,-0.000663072
495,24-01-16,-0.000663512
496,25-01-16,-0.000663953
497,26-01-16,-0.000664394
498,27-01-16,-0.000664835
499,28-01-16,-0.003533759
500,29-01-16,0.009006133
501,30-01-16,-0.001559632
502,31-01-16,-0.001562068
503,01-02-16,-0.001564512
504,02-02-16,-0.001176311
505,03-02-16,-0.014069623
506,04-02-16,-0.010369929
507,05-02-16,0.007086202
508,06-02-16,-0.00074252
509,07-02-16,-0.000743071
510,08-02-16,-0.000743624
511,09-02-16,-0.008135965
512,10-02-16,0.004216633
513,11-02-16,-0.009216915
514,12-02-16,0.004593585
515,13-02-16,0.001695646
516,14-02-16,0.001692776
517,15-02-16,0.001689915
518,16-02-16,0.001687064
519,17-02-16,-0.003333738
520,18-02-16,0.001731391
521,19-02-16,-0.001523855
522,20-02-16,0.001277776
523,21-02-16,0.001276145
524,22-02-16,0.001274519
525,23-02-16,0.001367519
526,24-02-16,-0.001335219
527,25-02-16,-0.002173946
528,26-02-16,0.005470563
529,27-02-16,7.83E-05
530,28-02-16,7.83E-05
531,29-02-16,7.83E-05
532,01-03-16,-0.000178108
533,02-03-16,9.76E-05
534,03-03-16,-0.006739208
535,04-03-16,-0.003896252
536,05-03-16,-0.000356471
537,06-03-16,-0.000356598
538,07-03-16,-0.000356725
539,08-03-16,-0.00032355
540,09-03-16,-0.00269017
541,10-03-16,-0.00281753
542,11-03-16,-0.004667886
543,12-03-16,0.001737269
544,13-03-16,0.001734257
545,14-03-16,0.001731254
546,15-03-16,0.001197562
547,16-03-16,0.003250609
548,17-03-16,-0.024008225
549,18-03-16,0.000893248
550,19-03-16,0.001339673
551,20-03-16,0.001337881
552,21-03-16,0.001336093
553,22-03-16,0.002179277
554,23-03-16,0.007280975
555,24-03-16,0.002001138
556,25-03-16,0.000533034
557,26-03-16,-0.001359598
558,27-03-16,-0.001361449
559,28-03-16,-0.001363305
560,29-03-16,-0.00061327
561,30-03-16,-0.011194819
562,31-03-16,-0.002560331
563,01-04-16,0.002453596
564,02-04-16,-0.000537183
565,03-04-16,-0.000537472
566,04-04-16,-0.000537761
567,05-04-16,0.003054599
568,06-04-16,-0.00555235
569,07-04-16,0.002091177
570,08-04-16,-0.004131917
571,09-04-16,-0.001170143
572,10-04-16,-0.001171514
573,11-04-16,-0.001172888
574,12-04-16,-0.001263814
575,13-04-16,0.005544404
576,14-04-16,0.001947694
577,15-04-16,-0.001738672
578,16-04-16,-0.000783035
579,17-04-16,-0.000783649
580,18-04-16,-0.000784264
581,19-04-16,-0.006094949
582,20-04-16,0.001877165
583,21-04-16,0.003576777
584,22-04-16,0.004287591
585,23-04-16,-0.000812555
586,24-04-16,-0.000813216
587,25-04-16,-0.000813878
588,26-04-16,-0.003716153
589,27-04-16,0.001190897
590,28-04-16,-0.006268936
591,29-04-16,-0.007011889
592,30-04-16,-0.001317991
593,01-05-16,-0.001319731
594,02-05-16,-0.001321475
595,03-05-16,0.004416069
596,04-05-16,0.006860879
597,05-05-16,0.003118735
598,06-05-16,0.000606167
599,07-05-16,0.001677508
600,08-05-16,0.001674699
601,09-05-16,0.001671899
602,10-05-16,0.000799508
603,11-05-16,-0.006284671
604,12-05-16,0.00363322
605,13-05-16,0.006422313
606,14-05-16,-0.000984853
607,15-05-16,-0.000985824
608,16-05-16,-0.000986797
609,17-05-16,-0.000873748
610,18-05-16,0.003794474
611,19-05-16,0.007197824
612,20-05-16,0.002337806
613,21-05-16,-6.62E-06
614,22-05-16,-6.62E-06
615,23-05-16,-6.62E-06
616,24-05-16,0.000636248
617,25-05-16,-0.001166948
618,26-05-16,-0.004144942
619,27-05-16,0.002587627
620,28-05-16,0.001015015
621,29-05-16,0.001013985
622,30-05-16,0.001012958
623,31-05-16,0.001011933
624,01-06-16,-0.002384015
625,02-06-16,-0.00098922
626,03-06-16,-0.013469056
627,04-06-16,-0.000743668
628,05-06-16,-0.000744221
629,06-06-16,-0.000744775
630,07-06-16,-0.002603216
631,08-06-16,-0.005067408
632,09-06-16,0.003995841
633,10-06-16,0.003572669
634,11-06-16,0.000202346
635,12-06-16,0.000202305
636,13-06-16,0.000202265
637,14-06-16,0.00416554
638,15-06-16,-0.000100521
639,16-06-16,0.004195393
640,17-06-16,-0.008664233
641,18-06-16,-0.002065405
642,19-06-16,-0.00206968
643,20-06-16,-0.002073972
644,21-06-16,0.002571807
645,22-06-16,-0.001001553
646,23-06-16,-0.004002693
647,24-06-16,0.016258531
648,25-06-16,0.003045073
649,26-06-16,0.003035829
650,27-06-16,0.00302664
651,28-06-16,0.000297859
652,29-06-16,-0.00623268
653,30-06-16,0.005389619
654,01-07-16,-0.007668647
655,02-07-16,0.001038763
656,03-07-16,0.001037685
657,04-07-16,0.001036609
658,05-07-16,0.001035536
659,06-07-16,0.001046362
660,07-07-16,-0.000392949
661,08-07-16,0.002738575
662,09-07-16,0.001178472
663,10-07-16,0.001177085
664,11-07-16,0.001175701
665,12-07-16,-0.00218628
666,13-07-16,-0.003284536
667,14-07-16,-0.000109523
668,15-07-16,0.004739434
669,16-07-16,-0.00019712
670,17-07-16,-0.000197159
671,18-07-16,-0.000197198
672,19-07-16,0.004920517
673,20-07-16,0.00097529
674,21-07-16,-0.001173752
675,22-07-16,0.005801612
676,23-07-16,-4.65E-05
677,24-07-16,-4.65E-05
678,25-07-16,-4.65E-05
679,26-07-16,-0.002135085
680,27-07-16,0.001870085
681,28-07-16,-0.007325607
682,29-07-16,-0.01087008
683,30-07-16,0.000412358
684,31-07-16,0.000412188
685,01-08-16,0.000412018
686,02-08-16,-0.005214138
687,03-08-16,0.002951863
688,04-08-16,0.000945736
689,05-08-16,0.007075131
690,06-08-16,0.000391844
691,07-08-16,0.00039169
692,08-08-16,0.000391537
693,09-08-16,-0.002984469
694,10-08-16,-0.004925886
695,11-08-16,-0.000767595
696,12-08-16,-0.001699468
697,13-08-16,-0.000388198
698,14-08-16,-0.000388349
699,15-08-16,-0.0003885
700,16-08-16,-0.006705855
701,17-08-16,0.001409309
702,18-08-16,-0.00664346
703,19-08-16,0.003602614
704,20-08-16,0.000495095
705,21-08-16,0.00049485
706,22-08-16,0.000494605
707,23-08-16,-0.00099919
708,24-08-16,0.003086405
709,25-08-16,-0.000201582
710,26-08-16,0.002734682
711,27-08-16,0.001974681
712,28-08-16,0.001970789
713,29-08-16,0.001966913
714,30-08-16,0.004078931
715,31-08-16,0.001604403
716,01-09-16,-0.003477249
717,02-09-16,0.000300201
718,03-09-16,-0.002677853
719,04-09-16,-0.002685043
720,05-09-16,-0.002692272
721,06-09-16,-0.00269954
722,07-09-16,0.000660325
723,08-09-16,0.000912545
724,09-09-16,0.005974665
725,10-09-16,-0.000484947
726,11-09-16,-0.000485183
727,12-09-16,-0.000485418
728,13-09-16,0.002791364
729,14-09-16,-0.000754855
730,15-09-16,-0.000236565
731,16-09-16,0.006104964
732,17-09-16,-0.00072412
733,18-09-16,-0.000724645
734,19-09-16,-0.00072517
735,20-09-16,0.00150358
736,21-09-16,-0.002445574
737,22-09-16,-0.006581022
738,23-09-16,0.004319272
739,24-09-16,-0.00081541
740,25-09-16,-0.000816075
741,26-09-16,-0.000816742
742,27-09-16,0.003495476
743,28-09-16,0.000434553
744,29-09-16,-0.003512862
745,30-09-16,0.000239097
746,01-10-16,0.001110218
747,02-10-16,0.001108987
748,03-10-16,0.001107758
749,04-10-16,0.003198838
750,05-10-16,0.00203943
751,06-10-16,0.003699628
752,07-10-16,0.002816699
753,08-10-16,0.000990484
754,09-10-16,0.000989504
755,10-10-16,0.000988526
756,11-10-16,0.00098755
757,12-10-16,0.004505392
758,13-10-16,-0.003586121
759,14-10-16,0.001690212
760,15-10-16,-0.000547844
761,16-10-16,-0.000548145
762,17-10-16,-0.000548445
763,18-10-16,-0.001755229
764,19-10-16,0.000583964
765,20-10-16,0.004542166
766,21-10-16,0.005944762
767,22-10-16,0.000219179
768,23-10-16,0.000219131
769,24-10-16,0.000219083
770,25-10-16,-0.000873381
771,26-10-16,-0.00072822
772,27-10-16,0.002919404
773,28-10-16,-0.000633882
774,29-10-16,-0.000607667
775,30-10-16,-0.000608037
776,31-10-16,-0.000608407
777,01-11-16,-0.004967842
778,02-11-16,-0.005792781
779,03-11-16,7.97E-05
780,04-11-16,-0.001455525
781,05-11-16,0.001995162
782,06-11-16,0.001991189
783,07-11-16,0.001987233
784,08-11-16,-0.000175025
785,09-11-16,0.004064416
786,10-11-16,0.006804928
787,11-11-16,0.002934911
788,12-11-16,0.002926322
789,13-11-16,0.002917784
790,14-11-16,0.002909295
791,15-11-16,-0.00102309
792,16-11-16,0.000229808
793,17-11-16,0.002887243
794,18-11-16,0.00661088
795,19-11-16,-0.000584649
796,20-11-16,-0.000584991
797,21-11-16,-0.000585333
798,22-11-16,-0.000608209
799,23-11-16,0.004924717
800,24-11-16,3.73E-05
801,25-11-16,3.73E-05
802,26-11-16,-0.000792046
803,27-11-16,-0.000792674
804,28-11-16,-0.000793303
805,29-11-16,-0.001406323
806,30-11-16,0.004505053
807,01-12-16,-0.005219514
808,02-12-16,-0.003503701
809,03-12-16,-0.00086309
810,04-12-16,-0.000863836
811,05-12-16,-0.000864583
812,06-12-16,0.000211349
813,07-12-16,-0.002370937
814,08-12-16,0.006019473
815,09-12-16,0.003464473
816,10-12-16,-0.001206978
817,11-12-16,-0.001208436
818,12-12-16,-0.001209898
819,13-12-16,-0.001899233
820,14-12-16,-0.001262501
821,15-12-16,0.024858855
822,16-12-16,-0.005943969
823,17-12-16,0.000158326
824,18-12-16,0.000158301
825,19-12-16,0.000158276
826,20-12-16,0.004046271
827,21-12-16,-0.001135127
828,22-12-16,0.000262626
829,23-12-16,0.00166964
830,24-12-16,0.000115786
831,25-12-16,0.000115773
832,26-12-16,0.000115759
833,27-12-16,0.000115746
834,28-12-16,0.00323959
835,29-12-16,-0.007576127
836,30-12-16,-0.0043011
837,31-12-16,0.001943571
838,01-01-17,0.001939801
839,02-01-17,0.001936046
840,03-01-17,0.001932305
841,04-01-17,-0.006338221
842,05-01-17,-0.010506901
843,06-01-17,0.004311963
844,07-01-17,-0.000249508
845,08-01-17,-0.00024957
846,09-01-17,-0.000249632
847,10-01-17,-0.000451807
848,11-01-17,0.004089286
849,12-01-17,-0.013231132
850,13-01-17,0.003493879
851,14-01-17,-0.002182243
852,15-01-17,-0.002187016
853,16-01-17,-0.002191809
854,17-01-17,-0.002196624
855,18-01-17,0.003973288
856,19-01-17,0.008011204
857,20-01-17,-0.002521565
858,21-01-17,-0.00252794
859,22-01-17,-0.002534346
860,23-01-17,-0.002540786
861,24-01-17,-0.002426168
862,25-01-17,-0.002015089
863,26-01-17,0.005323106
864,27-01-17,8.72E-05
865,28-01-17,-0.000495214
866,29-01-17,-0.000495459
867,30-01-17,-0.000495705
868,31-01-17,-0.008418268
869,01-02-17,0.00322791
870,02-02-17,-0.00415393
871,03-02-17,0.000346015
872,04-02-17,0.001755809
873,05-02-17,0.001752731
874,06-02-17,0.001749664
875,07-02-17,0.002338915
876,08-02-17,-0.002073898
877,09-02-17,0.004306291
878,10-02-17,-0.001162438
879,11-02-17,0.000928711
880,12-02-17,0.000927849
881,13-02-17,0.000926989
882,14-02-17,0.002543826
883,15-02-17,-0.001480106
884,16-02-17,-0.0045036
885,17-02-17,0.002978795
886,18-02-17,0.001008214
887,19-02-17,0.001007198
888,20-02-17,0.001006185
889,21-02-17,0.001005174
890,22-02-17,0.000815679
891,23-02-17,-0.004815884
892,24-02-17,3.29E-05
893,25-02-17,-0.000658668
894,26-02-17,-0.000659102
895,27-02-17,-0.000659536
896,28-02-17,0.003541275
897,01-03-17,0.007291633
898,02-03-17,0.004684268
899,03-03-17,-0.00039214
900,04-03-17,-0.000823226
901,05-03-17,-0.000823904
902,06-03-17,-0.000824584
903,07-03-17,0.00052026
904,08-03-17,0.00420678
905,09-03-17,-0.000888743
906,10-03-17,-0.003518751
907,11-03-17,-0.000649359
908,12-03-17,-0.000649781
909,13-03-17,-0.000650204
910,14-03-17,0.001665542
911,15-03-17,-2.73E-05
912,16-03-17,-0.011128686
913,17-03-17,0.000457012
914,18-03-17,-0.000294022
915,19-03-17,-0.000294109
916,20-03-17,-0.000294195
917,21-03-17,-0.004663728
918,22-03-17,-0.000232957
919,23-03-17,0.000172051
920,24-03-17,0.000264965
921,25-03-17,-0.001587635
922,26-03-17,-0.00159016
923,27-03-17,-0.001592693
924,28-03-17,0.001692353
925,29-03-17,0.005732457
926,30-03-17,-0.000883636
927,31-03-17,0.00196766
928,01-04-17,0.001032174
929,02-04-17,0.00103111
930,03-04-17,0.001030048
931,04-04-17,0.000307641
932,05-04-17,0.000407213
933,06-04-17,0.000243824
934,07-04-17,0.001568595
935,08-04-17,-0.000124889
936,09-04-17,-0.000124905
937,10-04-17,-0.00012492
938,11-04-17,-0.002732029
939,12-04-17,-0.001007974
940,13-04-17,-0.002400282
941,14-04-17,0.000325908
942,15-04-17,-0.0009919
943,16-04-17,-0.000992885
944,17-04-17,-0.000993872
945,18-04-17,-0.000912541
946,19-04-17,0.002751121
947,20-04-17,-0.001844988
948,21-04-17,0.003037244
949,22-04-17,-0.001609543
950,23-04-17,-0.001612138
951,24-04-17,-0.001614741
952,25-04-17,-0.000605799
953,26-04-17,0.003370046
954,27-04-17,0.001014239
955,28-04-17,-0.001005703
956,29-04-17,-0.000187459
957,30-04-17,-0.000187494
958,01-05-17,-0.000187529
959,02-05-17,0.002039228
960,03-05-17,-0.000469976
961,04-05-17,-0.000331567
962,05-05-17,-0.002474765
963,06-05-17,0.001256298
964,07-05-17,0.001254721
965,08-05-17,0.001253149
966,09-05-17,0.004499862
967,10-05-17,-0.001414185
968,11-05-17,0.000826687
969,12-05-17,-0.002606541
970,13-05-17,-0.00119827
971,14-05-17,-0.001199708
972,15-05-17,-0.001201149
973,16-05-17,-0.005385535
974,17-05-17,-0.005168721
975,18-05-17,-0.001154882
976,19-05-17,-0.002844315
977,20-05-17,-0.00098026
978,21-05-17,-0.000981222
979,22-05-17,-0.000982185
980,23-05-17,0.001931607
981,24-05-17,0.001104113
982,25-05-17,-0.002353806
983,26-05-17,0.002429608
984,27-05-17,-0.000406421
985,28-05-17,-0.000406586
986,29-05-17,-0.000406751
987,30-05-17,-0.000406917
988,31-05-17,-0.001707547
989,01-06-17,0.001632707
990,02-06-17,-0.003285495
991,03-06-17,5.80E-05
992,04-06-17,5.80E-05
993,05-06-17,5.80E-05
994,06-06-17,-0.002970488
995,07-06-17,0.002430659
996,08-06-17,0.001205506
997,09-06-17,0.001912986
998,10-06-17,-0.000325995
999,11-06-17,-0.000326102
1000,12-06-17,-0.000326208
1001,13-06-17,-0.004236962
1002,14-06-17,-0.005774639
1003,15-06-17,0.009300889
1004,16-06-17,-0.002649516
1005,17-06-17,0.000525962
1006,18-06-17,0.000525686
1007,19-06-17,0.000525409
1008,20-06-17,0.00386025
1009,21-06-17,0.000319751
1010,22-06-17,-0.002301237
1011,23-06-17,-0.002114946
1012,24-06-17,-0.000143696
1013,25-06-17,-0.000143716
1014,26-06-17,-0.000143737
1015,27-06-17,-0.00440925
1016,28-06-17,-0.006718815
1017,29-06-17,-0.003255985
1018,30-06-17,-0.000241975
1019,01-07-17,0.001274773
1020,02-07-17,0.00127315
1021,03-07-17,0.001271531
1022,04-07-17,0.000687231
1023,05-07-17,0.000686759
1024,06-07-17,-0.004228103
1025,07-07-17,0.000744905
1026,08-07-17,9.93E-05
1027,09-07-17,9.93E-05
1028,10-07-17,9.93E-05
1029,11-07-17,-3.31E-06
1030,12-07-17,-0.004546249
1031,13-07-17,0.000251451
1032,14-07-17,-0.006660935
1033,15-07-17,-5.17E-05
1034,16-07-17,-5.17E-05
1035,17-07-17,-5.17E-05
1036,18-07-17,-0.005871738
1037,19-07-17,0.00023329
1038,20-07-17,-0.00418279
1039,21-07-17,-0.002171331
1040,22-07-17,-0.000262999
1041,23-07-17,-0.000263068
1042,24-07-17,-0.000263138
1043,25-07-17,-6.78E-06
1044,26-07-17,0.001978059
1045,27-07-17,-0.000805195
1046,28-07-17,-0.006936347
1047,29-07-17,-0.000872094
1048,30-07-17,-0.000872856
1049,31-07-17,-0.000873618
1050,01-08-17,0.002023111
1051,02-08-17,-0.001961606
1052,03-08-17,8.54E-05
1053,04-08-17,0.007830686
1054,05-08-17,6.78E-06
1055,06-08-17,6.78E-06
1056,07-08-17,6.78E-06
1057,08-08-17,0.002175019
1058,09-08-17,-0.001315508
1059,10-08-17,-0.001173683
1060,11-08-17,-0.002995231
1061,12-08-17,0.000729824
1062,13-08-17,0.000729292
1063,14-08-17,0.000728761
1064,15-08-17,0.00483775
1065,16-08-17,0.000851826
1066,17-08-17,-0.004522854
1067,18-08-17,-0.002347264
1068,19-08-17,-0.001097656
1069,20-08-17,-0.001098862
1070,21-08-17,-0.001100071
1071,22-08-17,0.002641767
1072,23-08-17,-0.001421011
1073,24-08-17,-0.000628929
1074,25-08-17,-0.004380534
1075,26-08-17,-0.001329674
1076,27-08-17,-0.001331445
1077,28-08-17,-0.00133322
1078,29-08-17,-0.002056527
1079,30-08-17,0.007765986
1080,31-08-17,-0.000793946
1081,01-09-17,-0.003128375
1082,02-09-17,-0.000933788
1083,03-09-17,-0.000934661
1084,04-09-17,-0.000935535
1085,05-09-17,-0.000936411
1086,06-09-17,-0.00522049
1087,07-09-17,-0.005695543
1088,08-09-17,-0.00229361
1089,09-09-17,0.001814806
1090,10-09-17,0.001811518
1091,11-09-17,0.001808242
1092,12-09-17,0.001138359
1093,13-09-17,0.004902646
1094,14-09-17,-0.000178171
1095,15-09-17,-0.004383797
1096,16-09-17,0.001189345
1097,17-09-17,0.001187932
1098,18-09-17,0.001186523
1099,19-09-17,-0.001070571
1100,20-09-17,-0.001024447
1101,21-09-17,0.004964935
1102,22-09-17,-0.001531589
1103,23-09-17,0.001687984
1104,24-09-17,0.001685139
1105,25-09-17,0.001682304
1106,26-09-17,0.004833197
1107,27-09-17,0.002549726
1108,28-09-17,0.000161128
1109,29-09-17,-0.000398328
1110,30-09-17,0.001118925
1111,01-10-17,0.001117674
1112,02-10-17,0.001116426
1113,03-10-17,-0.000390362
1114,04-10-17,-0.000542234
1115,05-10-17,0.00452356
1116,06-10-17,-0.000624669
1117,07-10-17,-0.001372766
1118,08-10-17,-0.001374653
1119,09-10-17,-0.001376546
1120,10-10-17,-0.001378443
1121,11-10-17,-0.000874802
1122,12-10-17,-0.000308803
1123,13-10-17,-0.001062238
1124,14-10-17,0.00052842
1125,15-10-17,0.000528141
1126,16-10-17,0.000527862
1127,17-10-17,0.004696466
1128,18-10-17,-0.001918719
1129,19-10-17,-0.002971831
1130,20-10-17,0.007360126
1131,21-10-17,0.000349993
1132,22-10-17,0.00034987
1133,23-10-17,0.000349748
1134,24-10-17,0.001309342
1135,25-10-17,0.001007835
1136,26-10-17,0.004918958
1137,27-10-17,0.006186224
1138,28-10-17,-0.001281336
1139,29-10-17,-0.001282979
1140,30-10-17,-0.001284628
1141,31-10-17,0.00049154
1142,01-11-17,0.001917036
1143,02-11-17,-0.003047604
1144,03-11-17,0.002089546
1145,04-11-17,-0.000410506
1146,05-11-17,-0.000410675
1147,06-11-17,-0.000410844
1148,07-11-17,0.001996543
1149,08-11-17,-0.002123619
1150,09-11-17,-0.003333152
1151,10-11-17,0.000356178
1152,11-11-17,0.000356051
1153,12-11-17,0.000355924
1154,13-11-17,0.000355798
1155,14-11-17,-0.004372176
1156,15-11-17,-0.000426375
1157,16-11-17,-0.000820722
1158,17-11-17,-0.001302636
1159,18-11-17,0.001025916
1160,19-11-17,0.001024865
1161,20-11-17,0.001023816
1162,21-11-17,-0.000803109
1163,22-11-17,-0.004516584
1164,23-11-17,-0.003178088
1165,24-11-17,-0.00318822
1166,25-11-17,0.00038524
1167,26-11-17,0.000385092
1168,27-11-17,0.000384944
1169,28-11-17,0.003365245
1170,29-11-17,0.001429767
1171,30-11-17,-0.000281955
1172,01-12-17,-0.005377971
1173,02-12-17,0.001357305
1174,03-12-17,0.001355465
1175,04-12-17,0.001353631
1176,05-12-17,0.000784666
1177,06-12-17,0.003454231
1178,07-12-17,0.001370047
1179,08-12-17,0.003373834
1180,09-12-17,-0.000772282
1181,10-12-17,-0.000772879
1182,11-12-17,-0.000773477
1183,12-12-17,0.004065549
1184,13-12-17,-0.002698818
1185,14-12-17,-0.002573562
1186,15-12-17,0.001114827
1187,16-12-17,-0.000684691
1188,17-12-17,-0.00068516
1189,18-12-17,-0.00068563
1190,19-12-17,0.001461735
1191,20-12-17,-0.003185753
1192,21-12-17,-0.001993299
1193,22-12-17,0.001513377
1194,23-12-17,-0.000620805
1195,24-12-17,-0.000621191
1196,25-12-17,-0.000621577
1197,26-12-17,-0.000621963
1198,27-12-17,-0.002548354
1199,28-12-17,-0.0044335
1200,29-12-17,-0.004934413
1201,30-12-17,-0.000594066
1202,31-12-17,-0.00059442
1203,01-01-18,-0.000594773
1204,02-01-18,-0.000595127
1205,03-01-18,0.002014784
1206,04-01-18,-0.000986279
1207,05-01-18,-0.001586723
1208,06-01-18,0.000967608
1209,07-01-18,0.000966673
1210,08-01-18,0.00096574
1211,09-01-18,0.002538193
1212,10-01-18,-0.00243645
1213,11-01-18,-0.002451568
1214,12-01-18,-0.004643748
1215,13-01-18,-0.001954447
1216,14-01-18,-0.001958274
1217,15-01-18,-0.001962117
1218,16-01-18,-0.001965974
1219,17-01-18,0.000637974
1220,18-01-18,-0.000835248
1221,19-01-18,0.000214679
1222,20-01-18,0.000253301
1223,21-01-18,0.000253237
1224,22-01-18,0.000253172
1225,23-01-18,-0.002878345
1226,24-01-18,-0.010196925
1227,25-01-18,-0.005839912
1228,26-01-18,0.002175249
1229,27-01-18,0.001613526
1230,28-01-18,0.001610927
1231,29-01-18,0.001608336
1232,30-01-18,-0.002109487
1233,31-01-18,-0.002288347
1234,01-02-18,-0.002162492
1235,02-02-18,0.006216487
1236,03-02-18,0.001124567
1237,04-02-18,0.001123304
1238,05-02-18,0.001122043
1239,06-02-18,0.001774128
1240,07-02-18,0.004967842
1241,08-02-18,0.001791213
1242,09-02-18,0.000192512
1243,10-02-18,-0.000317395
1244,11-02-18,-0.000317495
1245,12-02-18,-0.000317596
1246,13-02-18,-0.005871811
1247,14-02-18,-0.003235819
1248,15-02-18,-0.00601289
1249,16-02-18,0.001341287
1250,17-02-18,0.00192811
1251,18-02-18,0.0019244
1252,19-02-18,0.001920704
1253,20-02-18,0.001917022
1254,21-02-18,0.003640392
1255,22-02-18,-0.000846261
1256,23-02-18,-0.000571951
1257,24-02-18,0.00049703
1258,25-02-18,0.000496783
1259,26-02-18,0.000496536
1260,27-02-18,0.004381318
1261,28-02-18,0.001904882
1262,01-03-18,0.001492667
1263,02-03-18,-0.000737679
1264,03-03-18,-0.000738224
1265,04-03-18,-0.000738769
1266,05-03-18,-0.000739315
1267,06-03-18,-0.00510997
1268,07-03-18,0.00297838
1269,08-03-18,0.002499725
1270,09-03-18,-0.002438229
1271,10-03-18,-8.90E-06
1272,11-03-18,-8.90E-06
1273,12-03-18,-8.90E-06
1274,13-03-18,-0.001435159
1275,14-03-18,0.001315641
1276,15-03-18,0.003805946
1277,16-03-18,0.002934317
1278,17-03-18,-0.000954074
1279,18-03-18,-0.000954985
1280,19-03-18,-0.000955898
1281,20-03-18,0.003027467
1282,21-03-18,-0.003389345
1283,22-03-18,-0.003400871
1284,23-03-18,-0.004156724
1285,24-03-18,-0.001049954
1286,25-03-18,-0.001051057
1287,26-03-18,-0.001052163
1288,27-03-18,0.002136656
1289,28-03-18,0.004642842
1290,29-03-18,0.002740662
1291,30-03-18,-0.001254625
1292,31-03-18,0.000528069
1293,01-04-18,0.00052779
1294,02-04-18,0.000527512
1295,03-04-18,-0.001081563
1296,04-04-18,-0.000930802
1297,05-04-18,0.003594388
1298,06-04-18,-0.003163074
1299,07-04-18,-0.001123892
1300,08-04-18,-0.001125157
1301,09-04-18,-0.001126424
1302,10-04-18,-0.002640265
1303,11-04-18,-0.002986403
1304,12-04-18,0.003003896
1305,13-04-18,0.000674985
1306,14-04-18,-0.00107545
1307,15-04-18,-0.001076608
1308,16-04-18,-0.001077768
1309,17-04-18,0.000520138
1310,18-04-18,0.001384935
1311,19-04-18,0.002254296
1312,20-04-18,0.005654127
1313,21-04-18,0.002261586
1314,22-04-18,0.002256483
1315,23-04-18,0.002251402
1316,24-04-18,-0.0001357
1317,25-04-18,0.003555473
1318,26-04-18,0.002535172
1319,27-04-18,0.000690193
1320,28-04-18,0.000326266
1321,29-04-18,0.00032616
1322,30-04-18,0.000326054
1323,01-05-18,0.005588746
1324,02-05-18,0.000974346
1325,03-05-18,-0.00044452
1326,04-05-18,0.000497803
1327,05-05-18,0.000199505
1328,06-05-18,0.000199466
1329,07-05-18,0.000199426
1330,08-05-18,0.005186939
1331,09-05-18,-0.00175309
1332,10-05-18,-0.002896957
1333,11-05-18,-0.003155253
1334,12-05-18,-0.000434788
1335,13-05-18,-0.000434977
1336,14-05-18,-0.000435166
1337,15-05-18,0.008052427
1338,16-05-18,0.001804809
1339,17-05-18,0.000121631
1340,18-05-18,0.002326166
1341,19-05-18,-0.000119101
1342,20-05-18,-0.000119116
1343,21-05-18,-0.00011913
1344,22-05-18,-0.002588392
1345,23-05-18,0.005310221
1346,24-05-18,-0.002315048
1347,25-05-18,0.003978168
1348,26-05-18,0.001274305
1349,27-05-18,0.001272684
1350,28-05-18,0.001271066
1351,29-05-18,0.001269452
1352,30-05-18,-0.008123523
1353,31-05-18,0.001954463
1354,01-06-18,-2.69E-05
1355,02-06-18,-0.000313721
1356,03-06-18,-0.000313819
1357,04-06-18,-0.000313918
1358,05-06-18,0.002381071
1359,06-06-18,-0.006079258
1360,07-06-18,0.000335333
1361,08-06-18,0.00058375
1362,09-06-18,3.22E-05
1363,10-06-18,3.22E-05
1364,11-06-18,3.22E-05
1365,12-06-18,0.000595714
1366,13-06-18,0.000305587
1367,14-06-18,0.008616751
1368,15-06-18,0.003641752
1369,16-06-18,0.000611216
1370,17-06-18,0.000610843
1371,18-06-18,0.00061047
1372,19-06-18,0.001847971
1373,20-06-18,-7.19E-05
1374,21-06-18,-0.000122732
1375,22-06-18,-0.001530441
1376,23-06-18,-0.000984275
1377,24-06-18,-0.000985245
1378,25-06-18,-0.000986216
1379,26-06-18,0.000961434
1380,27-06-18,0.0049082
1381,28-06-18,-0.000152396
1382,29-06-18,-0.006350557
1383,30-06-18,0.001646906
1384,01-07-18,0.001644198
1385,02-07-18,0.001641499
1386,03-07-18,-0.004164895
1387,04-07-18,-0.001242962
1388,05-07-18,-0.001244509
1389,06-07-18,-0.002712459
1390,07-07-18,0.00031886
1391,08-07-18,0.000318759
1392,09-07-18,0.000318657
1393,10-07-18,0.001034471
1394,11-07-18,0.001197
1395,12-07-18,0.003337343
1396,13-07-18,0.001387648
1397,14-07-18,-0.000975143
1398,15-07-18,-0.000976095
1399,16-07-18,-0.000977048
1400,17-07-18,0.004295208
1401,18-07-18,0.001578213
1402,19-07-18,0.00389837
1403,20-07-18,-0.009219864
1404,21-07-18,-0.000124722
1405,22-07-18,-0.000124737
1406,23-07-18,-0.000124753
1407,24-07-18,0.000539619
1408,25-07-18,-0.001514114
1409,26-07-18,0.000803444
1410,27-07-18,-0.001060282
1411,28-07-18,-0.001137477
1412,29-07-18,-0.001138772
1413,30-07-18,-0.001140071
1414,31-07-18,0.001812649
1415,01-08-18,0.001247769
1416,02-08-18,0.002328859
1417,03-08-18,-0.000631678
1418,04-08-18,0.000922404
1419,05-08-18,0.000921554
1420,06-08-18,0.000920706
1421,07-08-18,-0.001339791
1422,08-08-18,0.001189168
1423,09-08-18,0.000703083
1424,10-08-18,0.008664236
1425,11-08-18,0.000137516
1426,12-08-18,0.000137497
1427,13-08-18,0.000137478
1428,14-08-18,0.00150262
1429,15-08-18,0.001855702
1430,16-08-18,-0.002182119
1431,17-08-18,-0.002790938
1432,18-08-18,-0.000464816
1433,19-08-18,-0.000465032
1434,20-08-18,-0.000465248
1435,21-08-18,-0.005186251
1436,22-08-18,-0.003355252
1437,23-08-18,0.003677004
1438,24-08-18,-0.003182258
1439,25-08-18,-0.001169962
1440,26-08-18,-0.001171333
1441,27-08-18,-0.001172706
1442,28-08-18,-0.002648928
1443,29-08-18,0.001487473
1444,30-08-18,0.002039168
1445,31-08-18,0.003603995
1446,01-09-18,0.0012725
1447,02-09-18,0.001270883
1448,03-09-18,0.00126927
1449,04-09-18,0.001267661
1450,05-09-18,-0.00239714
1451,06-09-18,-0.00091866
1452,07-09-18,0.001585845
1453,08-09-18,-0.000588735
1454,09-09-18,-0.000589081
1455,10-09-18,-0.000589429
1456,11-09-18,0.000565106
1457,12-09-18,-0.004598677
1458,13-09-18,-0.001571717
1459,14-09-18,0.001456201
1460,15-09-18,-0.000777859
1461,16-09-18,-0.000778465
1462,17-09-18,-0.000779071
1463,18-09-18,-0.000833164
1464,19-09-18,-0.000667701
1465,20-09-18,-0.002813918
1466,21-09-18,0.001002529
1467,22-09-18,-0.000290485
1468,23-09-18,-0.000290569
1469,24-09-18,-0.000290653
1470,25-09-18,0.000624801
1471,26-09-18,0.000912468
1472,27-09-18,0.006309717
1473,28-09-18,-0.00038057
1474,29-09-18,0.000210089
1475,30-09-18,0.000210045
1476,01-10-18,0.000210001
1477,02-10-18,0.000667422
1478,03-10-18,0.002643135
1479,04-10-18,0.001983293
1480,05-10-18,0.000468745
1481,06-10-18,7.72E-06
1482,07-10-18,7.72E-06
1483,08-10-18,7.72E-06
1484,09-10-18,7.72E-06
1485,10-10-18,-0.002638783
1486,11-10-18,-0.000373746
1487,12-10-18,-0.000288698
1488,13-10-18,-0.001050046
1489,14-10-18,-0.00105115
1490,15-10-18,-0.001052256
1491,16-10-18,-0.000387388
1492,17-10-18,0.003725571
1493,18-10-18,0.003739292
1494,19-10-18,0.000913101
1495,20-10-18,0.000874869
1496,21-10-18,0.000874104
1497,22-10-18,0.000873341
1498,23-10-18,-0.001440597
1499,24-10-18,0.002381194
1500,25-10-18,0.002564855
1501,26-10-18,-0.001099201
1502,27-10-18,0.000660687
1503,28-10-18,0.000660251
1504,29-10-18,0.000659815
1505,30-10-18,0.001961562
1506,31-10-18,0.00097825
1507,01-11-18,-0.004521911
1508,02-11-18,0.000947809
1509,03-11-18,-0.000286291
1510,04-11-18,-0.000286373
1511,05-11-18,-0.000286455
1512,06-11-18,-0.000208051
1513,07-11-18,-0.003214952
1514,08-11-18,0.002679296
1515,09-11-18,0.006853104
1516,10-11-18,0.000324237
1517,11-11-18,0.000324132
1518,12-11-18,0.000324027
1519,13-11-18,0.000323922
1520,14-11-18,-0.000920953
1521,15-11-18,-0.00024914
1522,16-11-18,-0.00510196
1523,17-11-18,-0.000654946
1524,18-11-18,-0.000655375
1525,19-11-18,-0.000655805
1526,20-11-18,0.00386945
1527,21-11-18,0.001183652
1528,22-11-18,0.000517203
1529,23-11-18,0.000516936
1530,24-11-18,0.000360807
1531,25-11-18,0.000360677
1532,26-11-18,0.000360547
1533,27-11-18,0.004574243
1534,28-11-18,-9.21E-05
1535,29-11-18,-0.00577771
1536,30-11-18,0.002605677
1537,01-12-18,-0.001079888
1538,02-12-18,-0.001081056
1539,03-12-18,-0.001082226
1540,04-12-18,-2.83E-05
1541,05-12-18,0.001330139
1542,06-12-18,0.001328372
1543,07-12-18,-0.002547326
1544,08-12-18,0.001430494
1545,09-12-18,0.001428451
1546,10-12-18,0.001426413
1547,11-12-18,0.003323171
1548,12-12-18,-0.004334122
1549,13-12-18,0.001072812
1550,14-12-18,0.003226694
1551,15-12-18,-0.000774843
1552,16-12-18,-0.000775444
1553,17-12-18,-0.000776046
1554,18-12-18,-6.94E-05
1555,19-12-18,-0.003455308
1556,20-12-18,0.000472129
1557,21-12-18,0.001840697
1558,22-12-18,0
1559,23-12-18,0
1560,24-12-18,0
1561,25-12-18,-0.000466916
1562,26-12-18,-0.000467134
1563,27-12-18,0.002178457
1564,28-12-18,-0.003153624
1565,29-12-18,-0.000526935
1566,30-12-18,-0.000527213
1567,31-12-18,-0.000527491
1568,01-01-19,0.001736077
1569,02-01-19,0.001733068
1570,03-01-19,-0.005486558
1571,04-01-19,-0.003113704
1572,05-01-19,-0.001410257
1573,06-01-19,-0.001412249
1574,07-01-19,-0.001414246
1575,08-01-19,0.001267091
1576,09-01-19,-0.00571073
1577,10-01-19,0.000697829
1578,11-01-19,0.001536377
1579,12-01-19,0.00119917
1580,13-01-19,0.001197734
1581,14-01-19,0.001196301
1582,15-01-19,0.001194872
1583,16-01-19,-0.001534525
1584,17-01-19,0.001951229
1585,18-01-19,0.001515116
1586,19-01-19,0.000208792
1587,20-01-19,0.000208748
1588,21-01-19,0.000208705
1589,22-01-19,0.000208661
1590,23-01-19,-0.001267406
1591,24-01-19,0.002997372
1592,25-01-19,-0.006300386
1593,26-01-19,-0.0004627
1594,27-01-19,-0.000462914
1595,28-01-19,-0.000463129
1596,29-01-19,0.000981007
1597,30-01-19,-0.000476086
1598,31-01-19,-0.00439331
1599,01-02-19,-0.000321493
1600,02-02-19,0.001027458
1601,03-02-19,0.001026403
1602,04-02-19,0.001025351
1603,05-02-19,0.002156746
1604,06-02-19,0.002291392
1605,07-02-19,0.003080209
1606,08-02-19,0.000995506
1607,09-02-19,0.001271989
1608,10-02-19,0.001270373
1609,11-02-19,0.001268761
1610,12-02-19,-0.002514409
1611,13-02-19,0.001086939
1612,14-02-19,0.002266015
1613,15-02-19,-0.000913624
1614,16-02-19,-0.00095367
1615,17-02-19,-0.00095458
1616,18-02-19,-0.000955492
1617,19-02-19,-0.000956406
1618,20-02-19,-0.000682927
1619,21-02-19,-0.000683394
1620,22-02-19,-0.000572223
1621,23-02-19,7.37E-05
1622,24-02-19,7.37E-05
1623,25-02-19,7.37E-05
1624,26-02-19,-0.002926854
1625,27-02-19,-0.000560926
1626,28-02-19,0.000950425
1627,01-03-19,0.003613456
1628,02-03-19,0.000955927
1629,03-03-19,0.000955015
1630,04-03-19,0.000954103
1631,05-03-19,0.002412271
1632,06-03-19,0.00081837
1633,07-03-19,0.003974717
1634,08-03-19,-0.001174724
1635,09-03-19,4.95E-05
1636,10-03-19,4.95E-05
1637,11-03-19,4.95E-05
1638,12-03-19,-0.002700737
1639,13-03-19,-0.003779155
1640,14-03-19,0.000604885
1641,15-03-19,-0.000831674
1642,16-03-19,-0.000105053
1643,17-03-19,-0.000105064
1644,18-03-19,-0.000105075
1645,19-03-19,-0.001679064
1646,20-03-19,0.00084971
1647,21-03-19,0.00020522
1648,22-03-19,0.00146043
1649,23-03-19,-0.000329928
1650,24-03-19,-0.000330037
1651,25-03-19,-0.000330146
1652,26-03-19,0.001463012
1653,27-03-19,0.002330724
1654,28-03-19,0.001196981
1655,29-03-19,-0.000527711
1656,30-03-19,0.000162904
1657,31-03-19,0.000162877
1658,01-04-19,0.000162851
1659,02-04-19,0.002153645
1660,03-04-19,-0.004011715
1661,04-04-19,0.002802081
1662,05-04-19,0.001265962
1663,06-04-19,-0.001272469
1664,07-04-19,-0.00127409
1665,08-04-19,-0.001275716
1666,09-04-19,-0.001019351
1667,10-04-19,-5.55E-05
1668,11-04-19,0.002449395
1669,12-04-19,-0.002107663
1670,13-04-19,0.000265469
1671,14-04-19,0.000265398
1672,15-04-19,0.000265328
1673,16-04-19,0.000352212
1674,17-04-19,9.46E-05
1675,18-04-19,0.003099035
1676,19-04-19,3.79E-05
1677,20-04-19,-0.00028533
1678,21-04-19,-0.000285411
1679,22-04-19,-0.000285493
1680,23-04-19,0.003702539
1681,24-04-19,0.001719433
1682,25-04-19,0.00279787
1683,26-04-19,-0.001611212
1684,27-04-19,-9.41E-05
1685,28-04-19,-9.41E-05
1686,29-04-19,-9.41E-05
1687,30-04-19,-0.00288314
1688,01-05-19,-0.002804784
1689,02-05-19,0.004369315
1690,03-05-19,-0.00188119
1691,04-05-19,-4.22E-05
1692,05-05-19,-4.22E-05
1693,06-05-19,-4.22E-05
1694,07-05-19,0.000965997
1695,08-05-19,-0.00152614
1696,09-05-19,-0.000942571
1697,10-05-19,-0.002112375
1698,11-05-19,0.000349661
1699,12-05-19,0.000349539
1700,13-05-19,0.000349417
1701,14-05-19,0.001942509
1702,15-05-19,-0.000562658
1703,16-05-19,0.002151538
1704,17-05-19,0.0020801
1705,18-05-19,-0.000400651
1706,19-05-19,-0.000400811
1707,20-05-19,-0.000400972
1708,21-05-19,0.001230456
1709,22-05-19,-0.000182154
1710,23-05-19,-0.000700903
1711,24-05-19,-0.002015946
1712,25-05-19,0.000437655
1713,26-05-19,0.000437464
1714,27-05-19,0.000437273
1715,28-05-19,0.000437082
1716,29-05-19,0.00255499
1717,30-05-19,4.30E-06
1718,31-05-19,-0.001726671
1719,01-06-19,-0.001276542
1720,02-06-19,-0.001278174
1721,03-06-19,-0.00127981
1722,04-06-19,-0.003072815
1723,05-06-19,-0.000805804
1724,06-06-19,-0.002970354
1725,07-06-19,-0.003114734
1726,08-06-19,0.000364651
1727,09-06-19,0.000364518
1728,10-06-19,0.000364385
1729,11-06-19,0.000379896
1730,12-06-19,0.000584846
1731,13-06-19,0.002212987
1732,14-06-19,0.003996227
1733,15-06-19,1.84E-05
1734,16-06-19,1.84E-05
1735,17-06-19,1.84E-05
1736,18-06-19,0.001342174
1737,19-06-19,-0.002060039
1738,20-06-19,-0.008394431
1739,21-06-19,-0.001567724
1740,22-06-19,-0.001273577
1741,23-06-19,-0.001275201
1742,24-06-19,-0.001276829
1743,25-06-19,-0.001069614
1744,26-06-19,-1.43E-05
1745,27-06-19,0.00106853
1746,28-06-19,-0.000673338
1747,29-06-19,0.001686524
1748,30-06-19,0.001683684
1749,01-07-19,0.001680854
1750,02-07-19,-0.000406346
1751,03-07-19,-0.000205974
1752,04-07-19,0.002526825
1753,05-07-19,0.002520456
1754,06-07-19,7.67E-05
1755,07-07-19,7.67E-05
1756,08-07-19,7.67E-05
1757,09-07-19,0.001131821
1758,10-07-19,-0.00346377
1759,11-07-19,-0.001254976
1760,12-07-19,-0.00111199
1761,13-07-19,-0.000141641
1762,14-07-19,-0.000141661
1763,15-07-19,-0.000141681
1764,16-07-19,0.003577148
1765,17-07-19,-0.001451844
1766,18-07-19,0.000168343
1767,19-07-19,-4.26E-05
1768,20-07-19,0.000429492
1769,21-07-19,0.000429308
1770,22-07-19,0.000429123
1771,23-07-19,0.003355655
1772,24-07-19,0.000201264
1773,25-07-19,0.00091008
1774,26-07-19,0.003288729
1775,27-07-19,-0.00011772
1776,28-07-19,-0.000117734
1777,29-07-19,-0.000117748
1778,30-07-19,0.000719273
1779,31-07-19,-0.000553491
1780,01-08-19,0.00415614
1781,02-08-19,-0.004116053
1782,03-08-19,-0.00167563
1783,04-08-19,-0.001678443
1784,05-08-19,-0.001681264
1785,06-08-19,0.002238403
1786,07-08-19,-0.001298055
1787,08-08-19,-0.000275265
1788,09-08-19,-0.001647733
1789,10-08-19,0.000278261
1790,11-08-19,0.000278184
1791,12-08-19,0.000278107
1792,13-08-19,0.002649386
1793,14-08-19,0.002560051
1794,15-08-19,0.001550198
1795,16-08-19,-4.65E-05
1796,17-08-19,0.000255261
1797,18-08-19,0.000255196
1798,19-08-19,0.000255131
1799,20-08-19,0.000305855
1800,21-08-19,-0.001132022
1801,22-08-19,0.000160096
1802,23-08-19,-0.003760368
1803,24-08-19,0.000612882
1804,25-08-19,0.000612507
1805,26-08-19,0.000612132
1806,27-08-19,6.29E-05
1807,28-08-19,0.001332012
1808,29-08-19,0.002521628
1809,30-08-19,0.002614344
1810,31-08-19,0.00033748
1811,01-09-19,0.000337366
1812,02-09-19,0.000337252
1813,03-09-19,0.000337138
1814,04-09-19,-0.004514272
1815,05-09-19,-0.00066015
1816,06-09-19,-0.001780578
1817,07-09-19,-0.00030357
1818,08-09-19,-0.000303662
1819,09-09-19,-0.000303754
1820,10-09-19,0.0009727
1821,11-09-19,0.00357827
1822,12-09-19,-0.002632474
1823,13-09-19,0.000674712
1824,14-09-19,0.000719623
1825,15-09-19,0.000719106
1826,16-09-19,0.000718589
1827,17-09-19,-0.002016811
1828,18-09-19,0.001167612
1829,19-09-19,-0.000154379
1830,20-09-19,0.00176153
1831,21-09-19,2.01E-05
1832,22-09-19,2.01E-05
1833,23-09-19,2.01E-05
1834,24-09-19,-0.001432201
1835,25-09-19,0.004207717
1836,26-09-19,0.000300872
1837,27-09-19,0.000146105
1838,28-09-19,0.000584208
1839,29-09-19,0.000583867
1840,30-09-19,0.000583526
1841,01-10-19,-0.001264022
1842,02-10-19,-2.58E-05
1843,03-10-19,-0.002678244
1844,04-10-19,0.001450217
1845,05-10-19,-0.00022937
1846,06-10-19,-0.000229423
1847,07-10-19,-0.000229475
1848,08-10-19,0.002713758
1849,09-10-19,-0.000640711
1850,10-10-19,-0.003323897
1851,11-10-19,-0.003905772
1852,12-10-19,0.000184894
1853,13-10-19,0.00018486
1854,14-10-19,0.000184826
1855,15-10-19,0.000184791
1856,16-10-19,-0.002624861
1857,17-10-19,-0.004201541
1858,18-10-19,-0.001615828
1859,19-10-19,-0.000259749
1860,20-10-19,-0.000259816
1861,21-10-19,-0.000259884
1862,22-10-19,0.000310762
1863,23-10-19,0.001484872
1864,24-10-19,0.001129335
1865,25-10-19,0.000480505
1866,26-10-19,-7.57E-05
1867,27-10-19,-7.57E-05
1868,28-10-19,-7.57E-05
1869,29-10-19,-0.001250949
1870,30-10-19,0.001963834
1871,31-10-19,-0.003770135
1872,01-11-19,-0.000731947
1873,02-11-19,0.000647253
1874,03-11-19,0.000646834
1875,04-11-19,0.000646416
1876,05-11-19,0.004766563
1877,06-11-19,-0.000477045
1878,07-11-19,0.002110284
1879,08-11-19,0.002021605
1880,09-11-19,-0.000103413
1881,10-11-19,-0.000103424
1882,11-11-19,-0.000103435
1883,12-11-19,-0.000103446
1884,13-11-19,0.000358637
1885,14-11-19,-0.001062243
1886,15-11-19,-0.001118573
1887,16-11-19,-0.000816822
1888,17-11-19,-0.00081749
1889,18-11-19,-0.000818159
1890,19-11-19,0.001033523
1891,20-11-19,0.002482378
1892,21-11-19,-0.001134872
1893,22-11-19,0.002705771
1894,23-11-19,0.000406548
1895,24-11-19,0.000406383
1896,25-11-19,0.000406218
1897,26-11-19,-0.00029548
1898,27-11-19,0.000601652
