"","GDAXI.Close"
"2014-09-17",9661.5
"2014-09-18",9798.129883
"2014-09-19",9799.259766
"2014-09-22",9749.540039
"2014-09-23",9595.030273
"2014-09-24",9661.969727
"2014-09-25",9510.009766
"2014-09-26",9490.549805
"2014-09-29",9422.910156
"2014-09-30",9474.299805
"2014-10-01",9382.030273
"2014-10-02",9195.679688
"2014-10-06",9209.509766
"2014-10-07",9086.209961
"2014-10-08",8995.330078
"2014-10-09",9005.019531
"2014-10-10",8788.80957
"2014-10-13",8812.429688
"2014-10-14",8825.209961
"2014-10-15",8571.950195
"2014-10-16",8582.900391
"2014-10-17",8850.269531
"2014-10-20",8717.759766
"2014-10-21",8886.959961
"2014-10-22",8940.139648
"2014-10-23",9047.30957
"2014-10-24",8987.799805
"2014-10-27",8902.610352
"2014-10-28",9068.19043
"2014-10-29",9082.80957
"2014-10-30",9114.839844
"2014-10-31",9326.870117
"2014-11-03",9251.700195
"2014-11-04",9166.469727
"2014-11-05",9315.480469
"2014-11-06",9377.410156
"2014-11-07",9291.830078
"2014-11-10",9351.870117
"2014-11-11",9369.030273
"2014-11-12",9210.959961
"2014-11-13",9248.509766
"2014-11-14",9252.94043
"2014-11-17",9306.349609
"2014-11-18",9456.530273
"2014-11-19",9472.799805
"2014-11-20",9483.969727
"2014-11-21",9732.549805
"2014-11-24",9785.540039
"2014-11-25",9861.209961
"2014-11-26",9915.55957
"2014-11-27",9974.870117
"2014-11-28",9980.849609
"2014-12-01",9963.509766
"2014-12-02",9934.080078
"2014-12-03",9971.790039
"2014-12-04",9851.349609
"2014-12-05",10087.120117
"2014-12-08",10014.990234
"2014-12-09",9793.709961
"2014-12-10",9799.730469
"2014-12-11",9862.530273
"2014-12-12",9594.730469
"2014-12-15",9334.009766
"2014-12-16",9563.889648
"2014-12-17",9544.429688
"2014-12-18",9811.05957
"2014-12-19",9786.959961
"2014-12-22",9865.759766
"2014-12-23",9922.110352
"2014-12-29",9927.129883
"2014-12-30",9805.549805
"2015-01-02",9764.730469
"2015-01-05",9473.160156
"2015-01-06",9469.660156
"2015-01-07",9518.179688
"2015-01-08",9837.610352
"2015-01-09",9648.5
"2015-01-12",9781.900391
"2015-01-13",9941
"2015-01-14",9817.080078
"2015-01-15",10032.610352
"2015-01-16",10167.769531
"2015-01-19",10242.349609
"2015-01-20",10257.129883
"2015-01-21",10299.230469
"2015-01-22",10435.620117
"2015-01-23",10649.580078
"2015-01-26",10798.330078
"2015-01-27",10628.580078
"2015-01-28",10710.969727
"2015-01-29",10737.870117
"2015-01-30",10694.320313
"2015-02-02",10828.009766
"2015-02-03",10890.950195
"2015-02-04",10911.320313
"2015-02-05",10905.410156
"2015-02-06",10846.389648
"2015-02-09",10663.509766
"2015-02-10",10753.830078
"2015-02-11",10752.110352
"2015-02-12",10919.650391
"2015-02-13",10963.400391
"2015-02-16",10923.230469
"2015-02-17",10895.620117
"2015-02-18",10961
"2015-02-19",11001.94043
"2015-02-20",11050.639648
"2015-02-23",11130.919922
"2015-02-24",11205.740234
"2015-02-25",11210.269531
"2015-02-26",11327.19043
"2015-02-27",11401.660156
"2015-03-02",11410.360352
"2015-03-03",11280.360352
"2015-03-04",11390.379883
"2015-03-05",11504.009766
"2015-03-06",11550.969727
"2015-03-09",11582.110352
"2015-03-10",11500.379883
"2015-03-11",11805.990234
"2015-03-12",11799.389648
"2015-03-13",11901.610352
"2015-03-16",12167.719727
"2015-03-17",11980.849609
"2015-03-18",11922.769531
"2015-03-19",11899.400391
"2015-03-20",12039.370117
"2015-03-23",11895.839844
"2015-03-24",12005.69043
"2015-03-25",11865.320313
"2015-03-26",11843.679688
"2015-03-27",11868.330078
"2015-03-30",12086.009766
"2015-03-31",11966.169922
"2015-04-01",12001.379883
"2015-04-02",11967.389648
"2015-04-07",12123.519531
"2015-04-08",12035.860352
"2015-04-09",12166.44043
"2015-04-10",12374.730469
"2015-04-13",12338.730469
"2015-04-14",12227.599609
"2015-04-15",12231.339844
"2015-04-16",11998.860352
"2015-04-17",11688.700195
"2015-04-20",11891.910156
"2015-04-21",11939.580078
"2015-04-22",11867.370117
"2015-04-23",11723.580078
"2015-04-24",11810.849609
"2015-04-27",12039.160156
"2015-04-28",11811.660156
"2015-04-29",11432.719727
"2015-04-30",11454.379883
"2015-05-04",11619.849609
"2015-05-05",11327.679688
"2015-05-06",11350.150391
"2015-05-07",11407.969727
"2015-05-08",11709.730469
"2015-05-11",11673.349609
"2015-05-12",11472.410156
"2015-05-13",11351.459961
"2015-05-14",11559.820313
"2015-05-15",11447.030273
"2015-05-18",11594.280273
"2015-05-19",11853.330078
"2015-05-20",11848.469727
"2015-05-21",11864.589844
"2015-05-22",11815.009766
"2015-05-26",11625.129883
"2015-05-27",11771.129883
"2015-05-28",11677.570313
"2015-05-29",11413.820313
"2015-06-01",11436.049805
"2015-06-02",11328.799805
"2015-06-03",11419.620117
"2015-06-04",11340.599609
"2015-06-05",11197.150391
"2015-06-08",11064.919922
"2015-06-09",11001.290039
"2015-06-10",11265.389648
"2015-06-11",11332.780273
"2015-06-12",11196.490234
"2015-06-15",10984.969727
"2015-06-16",11044.009766
"2015-06-17",10978.009766
"2015-06-18",11100.299805
"2015-06-19",11040.099609
"2015-06-22",11460.5
"2015-06-23",11542.540039
"2015-06-24",11471.259766
"2015-06-25",11473.129883
"2015-06-26",11492.429688
"2015-06-29",11083.200195
"2015-06-30",10944.969727
"2015-07-01",11180.5
"2015-07-02",11099.349609
"2015-07-03",11058.389648
"2015-07-06",10890.629883
"2015-07-07",10676.780273
"2015-07-08",10747.299805
"2015-07-09",10996.410156
"2015-07-10",11315.629883
"2015-07-13",11484.379883
"2015-07-14",11516.900391
"2015-07-15",11539.660156
"2015-07-16",11716.759766
"2015-07-17",11673.419922
"2015-07-20",11735.719727
"2015-07-21",11604.799805
"2015-07-22",11520.669922
"2015-07-23",11512.110352
"2015-07-24",11347.450195
"2015-07-27",11056.400391
"2015-07-28",11173.910156
"2015-07-29",11211.849609
"2015-07-30",11257.150391
"2015-07-31",11308.990234
"2015-08-03",11443.719727
"2015-08-04",11456.070313
"2015-08-05",11636.299805
"2015-08-06",11585.099609
"2015-08-07",11490.830078
"2015-08-10",11604.780273
"2015-08-11",11293.650391
"2015-08-12",10924.610352
"2015-08-13",11014.629883
"2015-08-14",10985.139648
"2015-08-17",10940.330078
"2015-08-18",10915.919922
"2015-08-19",10682.150391
"2015-08-20",10432.19043
"2015-08-21",10124.519531
"2015-08-24",9648.429688
"2015-08-25",10128.120117
"2015-08-26",9997.429688
"2015-08-27",10315.620117
"2015-08-28",10298.530273
"2015-08-31",10259.459961
"2015-09-01",10015.570313
"2015-09-02",10048.049805
"2015-09-03",10317.839844
"2015-09-04",10038.040039
"2015-09-07",10108.610352
"2015-09-08",10271.360352
"2015-09-09",10303.120117
"2015-09-10",10210.44043
"2015-09-11",10123.55957
"2015-09-14",10131.740234
"2015-09-15",10188.129883
"2015-09-16",10227.209961
"2015-09-17",10229.580078
"2015-09-18",9916.160156
"2015-09-21",9948.509766
"2015-09-22",9570.660156
"2015-09-23",9612.620117
"2015-09-24",9427.639648
"2015-09-25",9688.530273
"2015-09-28",9483.549805
"2015-09-29",9450.400391
"2015-09-30",9660.44043
"2015-10-01",9509.25
"2015-10-02",9553.070313
"2015-10-05",9814.790039
"2015-10-06",9902.830078
"2015-10-07",9970.400391
"2015-10-08",9993.070313
"2015-10-09",10096.599609
"2015-10-12",10119.830078
"2015-10-13",10032.820313
"2015-10-14",9915.849609
"2015-10-15",10064.799805
"2015-10-16",10104.429688
"2015-10-19",10164.30957
"2015-10-20",10147.679688
"2015-10-21",10238.099609
"2015-10-22",10491.969727
"2015-10-23",10794.540039
"2015-10-26",10801.339844
"2015-10-27",10692.19043
"2015-10-28",10831.959961
"2015-10-29",10800.839844
"2015-10-30",10850.139648
"2015-11-02",10950.669922
"2015-11-03",10951.150391
"2015-11-04",10845.240234
"2015-11-05",10887.740234
"2015-11-06",10988.030273
"2015-11-09",10815.450195
"2015-11-10",10832.519531
"2015-11-11",10907.870117
"2015-11-12",10782.629883
"2015-11-13",10708.400391
"2015-11-16",10713.230469
"2015-11-17",10971.040039
"2015-11-18",10959.950195
"2015-11-19",11085.44043
"2015-11-20",11119.830078
"2015-11-23",11092.30957
"2015-11-24",10933.990234
"2015-11-25",11169.540039
"2015-11-26",11320.769531
"2015-11-27",11293.759766
"2015-11-30",11382.230469
"2015-12-01",11261.240234
"2015-12-02",11190.019531
"2015-12-03",10789.240234
"2015-12-04",10752.099609
"2015-12-07",10886.089844
"2015-12-08",10673.599609
"2015-12-09",10592.490234
"2015-12-10",10598.929688
"2015-12-11",10340.05957
"2015-12-14",10139.339844
"2015-12-15",10450.379883
"2015-12-16",10469.259766
"2015-12-17",10738.120117
"2015-12-18",10608.19043
"2015-12-21",10497.769531
"2015-12-22",10488.75
"2015-12-23",10727.639648
"2015-12-25",NA
"2015-12-28",10653.910156
"2015-12-29",10860.139648
"2015-12-30",10743.009766
"2016-01-04",10283.44043
"2016-01-05",10310.099609
"2016-01-06",10214.019531
"2016-01-07",9979.849609
"2016-01-08",9849.339844
"2016-01-11",9825.070313
"2016-01-12",9985.429688
"2016-01-13",9960.959961
"2016-01-14",9794.200195
"2016-01-15",9545.269531
"2016-01-18",9521.849609
"2016-01-19",9664.209961
"2016-01-20",9391.639648
"2016-01-21",9574.160156
"2016-01-22",9764.879883
"2016-01-25",9736.150391
"2016-01-26",9822.75
"2016-01-27",9880.820313
"2016-01-28",9639.589844
"2016-01-29",9798.110352
"2016-02-01",9757.879883
"2016-02-02",9581.040039
"2016-02-03",9434.820313
"2016-02-04",9393.360352
"2016-02-05",9286.230469
"2016-02-08",8979.360352
"2016-02-09",8879.400391
"2016-02-10",9017.290039
"2016-02-11",8752.870117
"2016-02-12",8967.509766
"2016-02-15",9206.839844
"2016-02-16",9135.110352
"2016-02-17",9377.209961
"2016-02-18",9463.639648
"2016-02-19",9388.049805
"2016-02-22",9573.589844
"2016-02-23",9416.769531
"2016-02-24",9167.799805
"2016-02-25",9331.480469
"2016-02-26",9513.299805
"2016-02-29",9495.400391
"2016-03-01",9717.160156
"2016-03-02",9776.620117
"2016-03-03",9751.919922
"2016-03-04",9824.169922
"2016-03-07",9778.929688
"2016-03-08",9692.820313
"2016-03-09",9723.089844
"2016-03-10",9498.150391
"2016-03-11",9831.129883
"2016-03-14",9990.259766
"2016-03-15",9933.849609
"2016-03-16",9983.410156
"2016-03-17",9892.200195
"2016-03-18",9950.799805
"2016-03-21",9948.639648
"2016-03-22",9990
"2016-03-23",10022.929688
"2016-03-24",9851.349609
"2016-03-29",9887.94043
"2016-03-30",10046.610352
"2016-03-31",9965.509766
"2016-04-01",9794.639648
"2016-04-04",9822.080078
"2016-04-05",9563.360352
"2016-04-06",9624.509766
"2016-04-07",9530.620117
"2016-04-08",9622.259766
"2016-04-11",9682.990234
"2016-04-12",9761.469727
"2016-04-13",10026.099609
"2016-04-14",10093.650391
"2016-04-15",10051.570313
"2016-04-18",10120.30957
"2016-04-19",10349.589844
"2016-04-20",10421.290039
"2016-04-21",10435.730469
"2016-04-22",10373.490234
"2016-04-25",10294.349609
"2016-04-26",10259.589844
"2016-04-27",10299.830078
"2016-04-28",10321.150391
"2016-04-29",10038.969727
"2016-05-02",10123.269531
"2016-05-03",9926.769531
"2016-05-04",9828.25
"2016-05-05",9851.860352
"2016-05-06",9869.950195
"2016-05-09",9980.490234
"2016-05-10",10045.44043
"2016-05-11",9975.320313
"2016-05-12",9862.120117
"2016-05-13",9952.900391
"2016-05-17",9890.19043
"2016-05-18",9943.230469
"2016-05-19",9795.889648
"2016-05-20",9916.019531
"2016-05-23",9842.290039
"2016-05-24",10057.30957
"2016-05-25",10205.209961
"2016-05-26",10272.709961
"2016-05-27",10286.30957
"2016-05-30",10333.230469
"2016-05-31",10262.740234
"2016-06-01",10204.44043
"2016-06-02",10208
"2016-06-03",10103.259766
"2016-06-06",10121.080078
"2016-06-07",10287.679688
"2016-06-08",10217.030273
"2016-06-09",10088.870117
"2016-06-10",9834.620117
"2016-06-13",9657.44043
"2016-06-14",9519.200195
"2016-06-15",9606.709961
"2016-06-16",9550.469727
"2016-06-17",9631.360352
"2016-06-20",9962.019531
"2016-06-21",10015.540039
"2016-06-22",10071.05957
"2016-06-23",10257.030273
"2016-06-24",9557.160156
"2016-06-27",9268.660156
"2016-06-28",9447.280273
"2016-06-29",9612.269531
"2016-06-30",9680.089844
"2016-07-01",9776.120117
"2016-07-04",9709.089844
"2016-07-05",9532.610352
"2016-07-06",9373.259766
"2016-07-07",9418.780273
"2016-07-08",9629.660156
"2016-07-11",9833.410156
"2016-07-12",9964.070313
"2016-07-13",9930.709961
"2016-07-14",10068.299805
"2016-07-15",10066.900391
"2016-07-18",10063.129883
"2016-07-19",9981.240234
"2016-07-20",10142.009766
"2016-07-21",10156.209961
"2016-07-22",10147.459961
"2016-07-25",10198.240234
"2016-07-26",10247.759766
"2016-07-27",10319.549805
"2016-07-28",10274.929688
"2016-07-29",10337.5
"2016-08-01",10330.519531
"2016-08-02",10144.339844
"2016-08-03",10170.209961
"2016-08-04",10227.860352
"2016-08-05",10367.209961
"2016-08-08",10432.360352
"2016-08-09",10692.900391
"2016-08-10",10650.889648
"2016-08-11",10742.839844
"2016-08-12",10713.429688
"2016-08-15",10739.209961
"2016-08-16",10676.650391
"2016-08-17",10537.669922
"2016-08-18",10603.030273
"2016-08-19",10544.360352
"2016-08-22",10494.349609
"2016-08-23",10592.879883
"2016-08-24",10622.969727
"2016-08-25",10529.589844
"2016-08-26",10587.769531
"2016-08-29",10544.44043
"2016-08-30",10657.639648
"2016-08-31",10592.69043
"2016-09-01",10534.30957
"2016-09-02",10683.820313
"2016-09-05",10672.219727
"2016-09-06",10687.139648
"2016-09-07",10752.980469
"2016-09-08",10675.290039
"2016-09-09",10573.44043
"2016-09-12",10431.769531
"2016-09-13",10386.599609
"2016-09-14",10378.400391
"2016-09-15",10431.200195
"2016-09-16",10276.169922
"2016-09-19",10373.870117
"2016-09-20",10393.860352
"2016-09-21",10436.490234
"2016-09-22",10674.179688
"2016-09-23",10626.969727
"2016-09-26",10393.709961
"2016-09-27",10361.480469
"2016-09-28",10438.339844
"2016-09-29",10405.540039
"2016-09-30",10511.019531
"2016-10-04",10619.610352
"2016-10-05",10585.780273
"2016-10-06",10568.799805
"2016-10-07",10490.860352
"2016-10-10",10624.080078
"2016-10-11",10577.160156
"2016-10-12",10523.070313
"2016-10-13",10414.070313
"2016-10-14",10580.379883
"2016-10-17",10503.570313
"2016-10-18",10631.549805
"2016-10-19",10645.679688
"2016-10-20",10701.389648
"2016-10-21",10710.730469
"2016-10-24",10761.169922
"2016-10-25",10757.30957
"2016-10-26",10709.679688
"2016-10-27",10717.080078
"2016-10-28",10696.19043
"2016-10-31",10665.009766
"2016-11-01",10526.160156
"2016-11-02",10370.929688
"2016-11-03",10325.879883
"2016-11-04",10259.129883
"2016-11-07",10456.950195
"2016-11-08",10482.320313
"2016-11-09",10646.009766
"2016-11-10",10630.120117
"2016-11-11",10667.950195
"2016-11-14",10693.69043
"2016-11-15",10735.139648
"2016-11-16",10663.870117
"2016-11-17",10685.540039
"2016-11-18",10664.55957
"2016-11-21",10685.129883
"2016-11-22",10713.849609
"2016-11-23",10662.44043
"2016-11-24",10689.259766
"2016-11-25",10699.269531
"2016-11-28",10582.669922
"2016-11-29",10620.490234
"2016-11-30",10640.299805
"2016-12-01",10534.049805
"2016-12-02",10513.349609
"2016-12-05",10684.830078
"2016-12-06",10775.320313
"2016-12-07",10986.69043
"2016-12-08",11179.419922
"2016-12-09",11203.629883
"2016-12-12",11190.209961
"2016-12-13",11284.650391
"2016-12-14",11244.839844
"2016-12-15",11366.400391
"2016-12-16",11404.009766
"2016-12-19",11426.700195
"2016-12-20",11464.740234
"2016-12-21",11468.639648
"2016-12-22",11456.099609
"2016-12-23",11449.929688
"2016-12-27",11472.240234
"2016-12-28",11474.990234
"2016-12-29",11451.049805
"2016-12-30",11481.05957
"2017-01-02",11598.330078
"2017-01-03",11584.240234
"2017-01-04",11584.30957
"2017-01-05",11584.94043
"2017-01-06",11599.009766
"2017-01-09",11563.990234
"2017-01-10",11583.299805
"2017-01-11",11646.169922
"2017-01-12",11521.040039
"2017-01-13",11629.179688
"2017-01-16",11554.709961
"2017-01-17",11540
"2017-01-18",11599.389648
"2017-01-19",11596.889648
"2017-01-20",11630.129883
"2017-01-23",11545.75
"2017-01-24",11594.94043
"2017-01-25",11806.049805
"2017-01-26",11848.629883
"2017-01-27",11814.269531
"2017-01-30",11681.889648
"2017-01-31",11535.30957
"2017-02-01",11659.5
"2017-02-02",11627.950195
"2017-02-03",11651.490234
"2017-02-06",11509.839844
"2017-02-07",11549.44043
"2017-02-08",11543.379883
"2017-02-09",11642.860352
"2017-02-10",11666.969727
"2017-02-13",11774.429688
"2017-02-14",11771.80957
"2017-02-15",11793.929688
"2017-02-16",11757.240234
"2017-02-17",11757.019531
"2017-02-20",11827.620117
"2017-02-21",11967.490234
"2017-02-22",11998.589844
"2017-02-23",11947.830078
"2017-02-24",11804.030273
"2017-02-27",11822.669922
"2017-02-28",11834.410156
"2017-03-01",12067.19043
"2017-03-02",12059.570313
"2017-03-03",12027.360352
"2017-03-06",11958.400391
"2017-03-07",11966.139648
"2017-03-08",11967.30957
"2017-03-09",11978.389648
"2017-03-10",11963.179688
"2017-03-13",11990.030273
"2017-03-14",11988.790039
"2017-03-15",12009.870117
"2017-03-16",12083.179688
"2017-03-17",12095.240234
"2017-03-20",12052.900391
"2017-03-21",11962.129883
"2017-03-22",11904.120117
"2017-03-23",12039.679688
"2017-03-24",12064.269531
"2017-03-27",11996.070313
"2017-03-28",12149.419922
"2017-03-29",12203
"2017-03-30",12256.429688
"2017-03-31",12312.870117
"2017-04-03",12257.200195
"2017-04-04",12282.339844
"2017-04-05",12217.540039
"2017-04-06",12230.889648
"2017-04-07",12225.05957
"2017-04-10",12200.519531
"2017-04-11",12139.349609
"2017-04-12",12154.700195
"2017-04-13",12109
"2017-04-18",12000.44043
"2017-04-19",12016.450195
"2017-04-20",12027.320313
"2017-04-21",12048.570313
"2017-04-24",12454.980469
"2017-04-25",12467.040039
"2017-04-26",12472.799805
"2017-04-27",12443.790039
"2017-04-28",12438.009766
"2017-05-02",12507.900391
"2017-05-03",12527.839844
"2017-05-04",12647.780273
"2017-05-05",12716.889648
"2017-05-08",12694.549805
"2017-05-09",12749.120117
"2017-05-10",12757.459961
"2017-05-11",12711.05957
"2017-05-12",12770.410156
"2017-05-15",12807.040039
"2017-05-16",12804.530273
"2017-05-17",12631.610352
"2017-05-18",12590.05957
"2017-05-19",12638.69043
"2017-05-22",12619.459961
"2017-05-23",12659.150391
"2017-05-24",12642.870117
"2017-05-25",12621.719727
"2017-05-26",12602.179688
"2017-05-29",12628.950195
"2017-05-30",12598.679688
"2017-05-31",12615.05957
"2017-06-01",12664.919922
"2017-06-02",12822.94043
"2017-06-05",NA
"2017-06-06",12690.120117
"2017-06-07",12672.490234
"2017-06-08",12713.580078
"2017-06-09",12815.719727
"2017-06-12",12690.44043
"2017-06-13",12764.980469
"2017-06-14",12805.950195
"2017-06-15",12691.80957
"2017-06-16",12752.730469
"2017-06-19",12888.950195
"2017-06-20",12814.790039
"2017-06-21",12774.259766
"2017-06-22",12794
"2017-06-23",12733.410156
"2017-06-26",12770.830078
"2017-06-27",12671.019531
"2017-06-28",12647.269531
"2017-06-29",12416.19043
"2017-06-30",12325.120117
"2017-07-03",12475.30957
"2017-07-04",12437.129883
"2017-07-05",12453.679688
"2017-07-06",12381.25
"2017-07-07",12388.679688
"2017-07-10",12445.919922
"2017-07-11",12437.019531
"2017-07-12",12626.580078
"2017-07-13",12641.330078
"2017-07-14",12631.719727
"2017-07-17",12587.160156
"2017-07-18",12430.389648
"2017-07-19",12452.049805
"2017-07-20",12447.25
"2017-07-21",12240.05957
"2017-07-24",12208.950195
"2017-07-25",12264.30957
"2017-07-26",12305.110352
"2017-07-27",12212.040039
"2017-07-28",12162.700195
"2017-07-31",12118.25
"2017-08-01",12251.290039
"2017-08-02",12181.480469
"2017-08-03",12154.719727
"2017-08-04",12297.719727
"2017-08-07",12257.169922
"2017-08-08",12292.049805
"2017-08-09",12154
"2017-08-10",12014.299805
"2017-08-11",12014.05957
"2017-08-14",12165.120117
"2017-08-15",12177.040039
"2017-08-16",12263.860352
"2017-08-17",12203.459961
"2017-08-18",12165.19043
"2017-08-21",12065.990234
"2017-08-22",12229.339844
"2017-08-23",12174.299805
"2017-08-24",12180.830078
"2017-08-25",12167.94043
"2017-08-28",12123.469727
"2017-08-29",11945.879883
"2017-08-30",12002.469727
"2017-08-31",12055.839844
"2017-09-01",12142.639648
"2017-09-04",12102.209961
"2017-09-05",12123.709961
"2017-09-06",12214.540039
"2017-09-07",12296.629883
"2017-09-08",12303.980469
"2017-09-11",12475.240234
"2017-09-12",12524.769531
"2017-09-13",12553.570313
"2017-09-14",12540.450195
"2017-09-15",12518.80957
"2017-09-18",12559.389648
"2017-09-19",12561.790039
"2017-09-20",12569.169922
"2017-09-21",12600.030273
"2017-09-22",12592.349609
"2017-09-25",12594.80957
"2017-09-26",12605.200195
"2017-09-27",12657.410156
"2017-09-28",12704.650391
"2017-09-29",12828.860352
"2017-10-02",12902.650391
"2017-10-03",NA
"2017-10-04",12970.519531
"2017-10-05",12968.049805
"2017-10-06",12955.94043
"2017-10-09",12976.400391
"2017-10-10",12949.25
"2017-10-11",12970.679688
"2017-10-12",12982.889648
"2017-10-13",12991.870117
"2017-10-16",13003.700195
"2017-10-17",12995.05957
"2017-10-18",13043.030273
"2017-10-19",12990.099609
"2017-10-20",12991.280273
"2017-10-23",13003.139648
"2017-10-24",13013.19043
"2017-10-25",12953.410156
"2017-10-26",13133.280273
"2017-10-27",13217.540039
"2017-10-30",13229.570313
"2017-10-31",NA
"2017-11-01",13465.509766
"2017-11-02",13440.929688
"2017-11-03",13478.860352
"2017-11-06",13468.790039
"2017-11-07",13379.269531
"2017-11-08",13382.419922
"2017-11-09",13182.55957
"2017-11-10",13127.469727
"2017-11-13",13074.419922
"2017-11-14",13033.480469
"2017-11-15",12976.370117
"2017-11-16",13047.219727
"2017-11-17",12993.730469
"2017-11-20",13058.660156
"2017-11-21",13167.540039
"2017-11-22",13015.040039
"2017-11-23",13008.549805
"2017-11-24",13059.839844
"2017-11-27",13000.200195
"2017-11-28",13059.530273
"2017-11-29",13061.870117
"2017-11-30",13023.980469
"2017-12-01",12861.490234
"2017-12-04",13058.549805
"2017-12-05",13048.540039
"2017-12-06",12998.849609
"2017-12-07",13045.150391
"2017-12-08",13153.700195
"2017-12-11",13123.650391
"2017-12-12",13183.530273
"2017-12-13",13125.639648
"2017-12-14",13068.080078
"2017-12-15",13103.55957
"2017-12-18",13312.299805
"2017-12-19",13215.790039
"2017-12-20",13069.169922
"2017-12-21",13109.740234
"2017-12-22",13072.790039
"2017-12-27",13070.019531
"2017-12-28",12979.94043
"2017-12-29",12917.639648
"2018-01-02",12871.389648
"2018-01-03",12978.209961
"2018-01-04",13167.889648
"2018-01-05",13319.639648
"2018-01-08",13367.780273
"2018-01-09",13385.589844
"2018-01-10",13281.339844
"2018-01-11",13202.900391
"2018-01-12",13245.030273
"2018-01-15",13200.509766
"2018-01-16",13246.330078
"2018-01-17",13183.959961
"2018-01-18",13281.429688
"2018-01-19",13434.450195
"2018-01-22",13463.69043
"2018-01-23",13559.599609
"2018-01-24",13414.740234
"2018-01-25",13298.360352
"2018-01-26",13340.169922
"2018-01-29",13324.480469
"2018-01-30",13197.709961
"2018-01-31",13189.480469
"2018-02-01",13003.900391
"2018-02-02",12785.160156
"2018-02-05",12687.490234
"2018-02-06",12392.660156
"2018-02-07",12590.429688
"2018-02-08",12260.290039
"2018-02-09",12107.480469
"2018-02-12",12282.769531
"2018-02-13",12196.5
"2018-02-14",12339.160156
"2018-02-15",12346.169922
"2018-02-16",12451.959961
"2018-02-19",12385.599609
"2018-02-20",12487.900391
"2018-02-21",12470.490234
"2018-02-22",12461.910156
"2018-02-23",12483.790039
"2018-02-26",12527.040039
"2018-02-27",12490.730469
"2018-02-28",12435.849609
"2018-03-01",12190.94043
"2018-03-02",11913.709961
"2018-03-05",12090.870117
"2018-03-06",12113.870117
"2018-03-07",12245.360352
"2018-03-08",12355.570313
"2018-03-09",12346.679688
"2018-03-12",12418.389648
"2018-03-13",12221.030273
"2018-03-14",12237.740234
"2018-03-15",12345.55957
"2018-03-16",12389.580078
"2018-03-19",12217.019531
"2018-03-20",12307.330078
"2018-03-21",12309.150391
"2018-03-22",12100.080078
"2018-03-23",11886.30957
"2018-03-26",11787.259766
"2018-03-27",11970.830078
"2018-03-28",11940.709961
"2018-03-29",12096.730469
"2018-04-03",12002.450195
"2018-04-04",11957.900391
"2018-04-05",12305.19043
"2018-04-06",12241.269531
"2018-04-09",12261.75
"2018-04-10",12397.320313
"2018-04-11",12293.969727
"2018-04-12",12415.009766
"2018-04-13",12442.400391
"2018-04-16",12391.410156
"2018-04-17",12585.570313
"2018-04-18",12590.830078
"2018-04-19",12567.419922
"2018-04-20",12540.5
"2018-04-23",12572.389648
"2018-04-24",12550.820313
"2018-04-25",12422.299805
"2018-04-26",12500.469727
"2018-04-27",12580.870117
"2018-04-30",12612.110352
"2018-05-02",12802.25
"2018-05-03",12690.150391
"2018-05-04",12819.599609
"2018-05-07",12948.139648
"2018-05-08",12912.209961
"2018-05-09",12943.05957
"2018-05-10",13022.870117
"2018-05-11",13001.240234
"2018-05-14",12977.709961
"2018-05-15",12970.040039
"2018-05-16",12996.330078
"2018-05-17",13114.610352
"2018-05-18",13077.719727
"2018-05-21",NA
"2018-05-22",13169.919922
"2018-05-23",12976.839844
"2018-05-24",12855.089844
"2018-05-25",12938.009766
"2018-05-28",12863.459961
"2018-05-29",12666.509766
"2018-05-30",12783.759766
"2018-05-31",12604.889648
"2018-06-01",12724.269531
"2018-06-04",12770.75
"2018-06-05",12787.129883
"2018-06-06",12830.070313
"2018-06-07",12811.049805
"2018-06-08",12766.549805
"2018-06-11",12842.910156
"2018-06-12",12842.299805
"2018-06-13",12890.580078
"2018-06-14",13107.099609
"2018-06-15",13010.549805
"2018-06-18",12834.110352
"2018-06-19",12677.969727
"2018-06-20",12695.160156
"2018-06-21",12511.910156
"2018-06-22",12579.719727
"2018-06-25",12270.330078
"2018-06-26",12234.339844
"2018-06-27",12348.610352
"2018-06-28",12177.230469
"2018-06-29",12306
"2018-07-02",12238.169922
"2018-07-03",12349.139648
"2018-07-04",12317.610352
"2018-07-05",12464.290039
"2018-07-06",12496.169922
"2018-07-09",12543.889648
"2018-07-10",12609.849609
"2018-07-11",12417.129883
"2018-07-12",12492.969727
"2018-07-13",12540.730469
"2018-07-16",12561.019531
"2018-07-17",12661.540039
"2018-07-18",12765.94043
"2018-07-19",12686.290039
"2018-07-20",12561.419922
"2018-07-23",12548.570313
"2018-07-24",12689.389648
"2018-07-25",12579.330078
"2018-07-26",12809.230469
"2018-07-27",12860.400391
"2018-07-30",12798.200195
"2018-07-31",12805.5
"2018-08-01",12737.049805
"2018-08-02",12546.330078
"2018-08-03",12615.759766
"2018-08-06",12598.209961
"2018-08-07",12648.19043
"2018-08-08",12633.540039
"2018-08-09",12676.110352
"2018-08-10",12424.349609
"2018-08-13",12358.740234
"2018-08-14",12358.870117
"2018-08-15",12163.009766
"2018-08-16",12237.169922
"2018-08-17",12210.549805
"2018-08-20",12331.299805
"2018-08-21",12384.490234
"2018-08-22",12385.700195
"2018-08-23",12365.580078
"2018-08-24",12394.519531
"2018-08-27",12538.30957
"2018-08-28",12527.419922
"2018-08-29",12561.679688
"2018-08-30",12494.240234
"2018-08-31",12364.05957
"2018-09-03",12346.410156
"2018-09-04",12210.209961
"2018-09-05",12040.459961
"2018-09-06",11955.25
"2018-09-07",11959.629883
"2018-09-10",11986.339844
"2018-09-11",11970.269531
"2018-09-12",12032.299805
"2018-09-13",12055.549805
"2018-09-14",12124.330078
"2018-09-17",12096.410156
"2018-09-18",12157.669922
"2018-09-19",12219.019531
"2018-09-20",12326.480469
"2018-09-21",12430.879883
"2018-09-24",12350.820313
"2018-09-25",12374.660156
"2018-09-26",12385.889648
"2018-09-27",12435.589844
"2018-09-28",12246.730469
"2018-10-01",12339.030273
"2018-10-02",12287.580078
"2018-10-04",12244.139648
"2018-10-05",12111.900391
"2018-10-08",11947.160156
"2018-10-09",11977.219727
"2018-10-10",11712.5
"2018-10-11",11539.349609
"2018-10-12",11523.80957
"2018-10-15",11614.160156
"2018-10-16",11776.549805
"2018-10-17",11715.030273
"2018-10-18",11589.209961
"2018-10-19",11553.830078
"2018-10-22",11524.339844
"2018-10-23",11274.280273
"2018-10-24",11191.629883
"2018-10-25",11307.120117
"2018-10-26",11200.620117
"2018-10-29",11335.480469
"2018-10-30",11287.389648
"2018-10-31",11447.509766
"2018-11-01",11468.540039
"2018-11-02",11518.990234
"2018-11-05",11494.959961
"2018-11-06",11484.339844
"2018-11-07",11579.099609
"2018-11-08",11527.320313
"2018-11-09",11529.160156
"2018-11-12",11325.44043
"2018-11-13",11472.219727
"2018-11-14",11412.530273
"2018-11-15",11353.669922
"2018-11-16",11341
"2018-11-19",11244.540039
"2018-11-20",11066.410156
"2018-11-21",11244.169922
"2018-11-22",11138.490234
"2018-11-23",11192.69043
"2018-11-26",11354.719727
"2018-11-27",11309.110352
"2018-11-28",11298.879883
"2018-11-29",11298.230469
"2018-11-30",11257.240234
"2018-12-03",11465.459961
"2018-12-04",11335.320313
"2018-12-05",11200.240234
"2018-12-06",10810.980469
"2018-12-07",10788.089844
"2018-12-10",10622.070313
"2018-12-11",10780.509766
"2018-12-12",10929.429688
"2018-12-13",10924.700195
"2018-12-14",10865.769531
"2018-12-17",10772.200195
"2018-12-18",10740.889648
"2018-12-19",10766.209961
"2018-12-20",10611.099609
"2018-12-21",10633.820313
"2018-12-27",10381.509766
"2018-12-28",10558.959961
"2019-01-02",10580.19043
"2019-01-03",10416.660156
"2019-01-04",10767.69043
"2019-01-07",10747.80957
"2019-01-08",10803.980469
"2019-01-09",10893.320313
"2019-01-10",10921.589844
"2019-01-11",10887.459961
"2019-01-14",10855.910156
"2019-01-15",10891.790039
"2019-01-16",10931.240234
"2019-01-17",10918.620117
"2019-01-18",11205.540039
"2019-01-21",11136.200195
"2019-01-22",11090.110352
"2019-01-23",11071.540039
"2019-01-24",11130.179688
"2019-01-25",11281.790039
"2019-01-28",11210.30957
"2019-01-29",11218.830078
"2019-01-30",11181.660156
"2019-01-31",11173.099609
"2019-02-01",11180.660156
"2019-02-04",11176.580078
"2019-02-05",11367.980469
"2019-02-06",11324.719727
"2019-02-07",11022.019531
"2019-02-08",10906.780273
"2019-02-11",11014.589844
"2019-02-12",11126.080078
"2019-02-13",11167.219727
"2019-02-14",11089.790039
"2019-02-15",11299.799805
"2019-02-18",11299.200195
"2019-02-19",11309.209961
"2019-02-20",11401.969727
"2019-02-21",11423.280273
"2019-02-22",11457.700195
"2019-02-25",11505.389648
"2019-02-26",11540.790039
"2019-02-27",11487.330078
"2019-02-28",11515.639648
"2019-03-01",11601.679688
"2019-03-04",11592.660156
"2019-03-05",11620.740234
"2019-03-06",11587.629883
"2019-03-07",11517.799805
"2019-03-08",11457.839844
"2019-03-11",11543.480469
"2019-03-12",11524.169922
"2019-03-13",11572.410156
"2019-03-14",11587.469727
"2019-03-15",11685.69043
"2019-03-18",11657.05957
"2019-03-19",11788.410156
"2019-03-20",11603.889648
"2019-03-21",11549.959961
"2019-03-22",11364.169922
"2019-03-25",11346.650391
"2019-03-26",11419.480469
"2019-03-27",11419.040039
"2019-03-28",11428.160156
"2019-03-29",11526.040039
"2019-04-01",11681.990234
"2019-04-02",11754.790039
"2019-04-03",11954.400391
"2019-04-04",11988.009766
"2019-04-05",12009.75
"2019-04-08",11963.400391
"2019-04-09",11850.570313
"2019-04-10",11905.910156
"2019-04-11",11935.200195
"2019-04-12",11999.929688
"2019-04-15",12020.280273
"2019-04-16",12101.320313
"2019-04-17",12153.070313
"2019-04-18",12222.389648
"2019-04-23",12235.509766
"2019-04-24",12313.160156
"2019-04-25",12282.599609
"2019-04-26",12315.179688
"2019-04-29",12328.019531
"2019-04-30",12344.080078
"2019-05-02",12345.419922
"2019-05-03",12412.75
"2019-05-06",12286.879883
"2019-05-07",12092.740234
"2019-05-08",12179.929688
"2019-05-09",11973.919922
"2019-05-10",12059.830078
"2019-05-13",11876.650391
"2019-05-14",11991.620117
"2019-05-15",12099.570313
"2019-05-16",12310.370117
"2019-05-17",12238.94043
"2019-05-20",12041.290039
"2019-05-21",12143.469727
"2019-05-22",12168.740234
"2019-05-23",11952.410156
"2019-05-24",12011.040039
"2019-05-27",12071.179688
"2019-05-28",12027.049805
"2019-05-29",11837.80957
"2019-05-30",11902.080078
"2019-05-31",11726.839844
"2019-06-03",11792.80957
"2019-06-04",11971.169922
"2019-06-05",11980.80957
"2019-06-06",11953.139648
"2019-06-07",12045.379883
"2019-06-11",12155.80957
"2019-06-12",12115.679688
"2019-06-13",12169.049805
"2019-06-14",12096.400391
"2019-06-17",12085.820313
"2019-06-18",12331.75
"2019-06-19",12308.530273
"2019-06-20",12355.389648
"2019-06-21",12339.919922
"2019-06-24",12274.570313
"2019-06-25",12228.44043
"2019-06-26",12245.320313
"2019-06-27",12271.030273
"2019-06-28",12398.799805
"2019-07-01",12521.379883
"2019-07-02",12526.719727
"2019-07-03",12616.240234
"2019-07-04",12629.900391
"2019-07-05",12568.530273
"2019-07-08",12543.509766
"2019-07-09",12436.549805
"2019-07-10",12373.410156
"2019-07-11",12332.120117
"2019-07-12",12323.320313
"2019-07-15",12387.339844
"2019-07-16",12430.969727
"2019-07-17",12341.030273
"2019-07-18",12227.849609
"2019-07-19",12260.070313
"2019-07-22",12289.400391
"2019-07-23",12490.740234
"2019-07-24",12522.889648
"2019-07-25",12362.099609
"2019-07-26",12419.900391
"2019-07-29",12417.469727
"2019-07-30",12147.240234
"2019-07-31",12189.040039
"2019-08-01",12253.150391
"2019-08-02",11872.44043
"2019-08-05",11658.509766
"2019-08-06",11567.959961
"2019-08-07",11650.150391
"2019-08-08",11845.410156
"2019-08-09",11693.799805
"2019-08-12",11679.679688
"2019-08-13",11750.129883
"2019-08-14",11492.660156
"2019-08-15",11412.669922
"2019-08-16",11562.740234
"2019-08-19",11715.370117
"2019-08-20",11651.179688
"2019-08-21",11802.849609
"2019-08-22",11747.040039
"2019-08-23",11611.509766
"2019-08-26",11658.040039
"2019-08-27",11730.019531
"2019-08-28",11701.019531
"2019-08-29",11838.879883
"2019-08-30",11939.280273
"2019-09-02",11953.780273
"2019-09-03",11910.860352
"2019-09-04",12025.040039
"2019-09-05",12126.780273
"2019-09-06",12191.730469
"2019-09-09",12226.099609
"2019-09-10",12268.709961
"2019-09-11",12359.070313
"2019-09-12",12410.25
"2019-09-13",12468.530273
"2019-09-16",12380.30957
"2019-09-17",12372.610352
"2019-09-18",12389.620117
"2019-09-19",12457.700195
"2019-09-20",12468.009766
"2019-09-23",12342.330078
"2019-09-24",12307.150391
"2019-09-25",12234.179688
"2019-09-26",12288.540039
"2019-09-27",12380.94043
"2019-09-30",12428.080078
"2019-10-01",12263.830078
"2019-10-02",11925.25
"2019-10-04",12012.80957
"2019-10-07",12097.429688
"2019-10-08",11970.200195
"2019-10-09",12094.259766
"2019-10-10",12164.200195
"2019-10-11",12511.650391
"2019-10-14",12486.55957
"2019-10-15",12629.790039
"2019-10-16",12670.110352
"2019-10-17",12654.950195
"2019-10-18",12633.599609
"2019-10-21",12747.959961
"2019-10-22",12754.69043
"2019-10-23",12798.19043
"2019-10-24",12872.099609
"2019-10-25",12894.509766
"2019-10-28",12941.709961
"2019-10-29",12939.620117
"2019-10-30",12910.230469
"2019-10-31",12866.790039
"2019-11-01",12961.049805
"2019-11-04",13136.280273
"2019-11-05",13148.5
"2019-11-06",13179.889648
"2019-11-07",13289.459961
"2019-11-08",13228.55957
"2019-11-11",13198.370117
"2019-11-12",13283.509766
"2019-11-13",13230.070313
"2019-11-14",13180.230469
"2019-11-15",13241.75
"2019-11-18",13207.009766
"2019-11-19",13221.120117
"2019-11-20",13158.139648
"2019-11-21",13137.700195
"2019-11-22",13163.879883
"2019-11-25",13246.450195
"2019-11-26",13236.419922
"2019-11-27",13287.070313
